date,signal_value,position_中证1000,position_中证500,position_沪深300,position_common
2014-04-02,-0.5401,-1,-1,-1,-1
2014-04-03,-0.3065,0,0,0,0
2014-04-04,-0.4136,0,0,0,0
2014-04-08,-0.4771,-1,-1,0,-1
2014-04-09,-0.4659,-1,-1,0,-1
2014-04-10,-0.6221,-1,-1,-1,-1
2014-04-11,-0.6469,-1,-1,-1,-1
2014-04-14,-0.594,-1,-1,-1,-1
2014-04-15,-0.5192,-1,-1,-1,-1
2014-04-16,-0.4313,-1,-1,0,-1
2014-04-17,-0.1227,0,0,0,0
2014-04-18,0.1517,0,0,0,0
2014-04-21,0.3854,0,0,0,0
2014-04-22,0.4696,0,0,0,0
2014-04-23,0.5435,1,1,1,1
2014-04-24,0.4436,1,1,1,1
2014-04-25,0.3971,1,1,1,1
2014-04-28,0.5612,1,1,1,1
2014-04-29,0.5419,1,1,1,1
2014-04-30,0.5288,1,1,1,1
2014-05-05,0.6718,1,1,1,1
2014-05-06,0.6329,1,1,1,1
2014-05-07,0.462,1,1,1,1
2014-05-08,0.3094,1,1,1,1
2014-05-09,0.1498,1,1,0,1
2014-05-12,0.4247,1,1,0,1
2014-05-13,0.3264,1,1,0,1
2014-05-14,0.1633,1,1,0,1
2014-05-15,0.0252,1,1,0,1
2014-05-16,-0.0465,1,1,0,1
2014-05-19,-0.1662,0,0,0,0
2014-05-20,-0.1998,0,0,0,0
2014-05-21,-0.2895,0,0,0,0
2014-05-22,-0.1615,0,0,0,0
2014-05-23,-0.0832,0,0,0,0
2014-05-26,0.1602,0,0,0,0
2014-05-27,0.3249,0,0,0,0
2014-05-28,0.4018,0,0,0,0
2014-05-29,0.3163,0,0,0,0
2014-05-30,0.1678,0,0,0,0
2014-06-03,0.0942,0,0,0,0
2014-06-04,0.011,0,0,0,0
2014-06-05,0.2111,0,0,0,0
2014-06-06,0.2538,0,0,0,0
2014-06-09,0.1909,0,0,0,0
2014-06-10,0.2946,0,0,0,0
2014-06-11,0.3323,0,0,0,0
2014-06-12,0.3724,0,0,0,0
2014-06-13,0.3713,0,0,0,0
2014-06-16,0.4125,0,0,0,0
2014-06-17,0.4776,0,0,0,0
2014-06-18,0.5255,1,1,1,1
2014-06-19,0.4581,1,1,1,1
2014-06-20,0.4507,1,1,1,1
2014-06-23,0.5474,1,1,1,1
2014-06-24,0.4691,1,1,1,1
2014-06-25,0.4362,1,1,1,1
2014-06-26,0.403,1,1,1,1
2014-06-27,0.3217,1,1,1,1
2014-06-30,0.3784,1,1,1,1
2014-07-01,0.3066,1,1,1,1
2014-07-02,0.1728,1,1,1,1
2014-07-03,0.1286,1,1,0,1
2014-07-04,0.1236,1,1,0,1
2014-07-07,0.1113,1,1,0,1
2014-07-08,0.13,1,1,0,1
2014-07-09,-0.0451,1,1,0,1
2014-07-10,-0.186,0,0,0,0
2014-07-11,-0.1787,0,0,0,0
2014-07-14,-0.1102,0,0,0,0
2014-07-15,-0.1007,0,0,0,0
2014-07-16,-0.3675,0,0,0,0
2014-07-17,-0.3334,0,0,0,0
2014-07-18,-0.3746,0,0,0,0
2014-07-21,-0.4246,0,0,0,0
2014-07-22,-0.4432,0,0,0,0
2014-07-23,-0.5646,-1,-1,-1,-1
2014-07-24,-0.6355,-1,-1,-1,-1
2014-07-25,-0.6718,-1,-1,-1,-1
2014-07-28,-0.6819,-1,-1,-1,-1
2014-07-29,-0.6494,-1,-1,-1,-1
2014-07-30,-0.5488,-1,-1,-1,-1
2014-07-31,-0.5572,-1,-1,-1,-1
2014-08-01,-0.5214,-1,-1,-1,-1
2014-08-04,-0.5204,-1,-1,-1,-1
2014-08-05,-0.4293,-1,-1,0,-1
2014-08-06,-0.2852,0,0,0,0
2014-08-07,-0.0909,0,0,0,0
2014-08-08,0.1337,0,0,0,0
2014-08-11,0.0972,0,0,0,0
2014-08-12,0.2119,0,0,0,0
2014-08-13,0.2844,0,0,0,0
2014-08-14,0.3449,0,0,0,0
2014-08-15,0.2479,0,0,0,0
2014-08-18,0.2105,0,0,0,0
2014-08-19,0.2365,0,0,0,0
2014-08-20,0.5334,1,1,1,1
2014-08-21,0.6486,1,1,1,1
2014-08-22,0.6451,1,1,1,1
2014-08-25,0.6439,1,1,1,1
2014-08-26,0.5628,1,1,1,1
2014-08-27,0.5026,1,1,1,1
2014-08-28,0.5124,1,1,1,1
2014-08-29,0.4706,1,1,1,1
2014-09-01,0.6429,1,1,1,1
2014-09-02,0.5639,1,1,1,1
2014-09-03,0.4934,1,1,1,1
2014-09-04,0.3461,1,1,1,1
2014-09-05,0.0891,1,1,0,1
2014-09-09,0.0583,1,1,0,1
2014-09-10,0.0635,1,1,0,1
2014-09-11,0.2728,1,1,0,1
2014-09-12,0.1725,1,1,0,1
2014-09-15,0.2293,1,1,0,1
2014-09-16,-0.2716,0,0,0,0
2014-09-17,-0.3377,0,0,0,0
2014-09-18,-0.1709,0,0,0,0
2014-09-19,-0.2774,0,0,0,0
2014-09-22,-0.0826,0,0,0,0
2014-09-23,-0.0157,0,0,0,0
2014-09-24,-0.2224,0,0,0,0
2014-09-25,-0.4408,0,0,0,0
2014-09-26,-0.2901,0,0,0,0
2014-09-29,-0.3207,0,0,0,0
2014-09-30,-0.4558,-1,-1,0,-1
2014-10-08,-0.2184,0,0,0,0
2014-10-09,-0.4221,0,0,0,0
2014-10-10,-0.3454,0,0,0,0
2014-10-13,-0.2874,0,0,0,0
2014-10-14,-0.3035,0,0,0,0
2014-10-15,-0.5112,-1,-1,-1,-1
2014-10-16,-0.6271,-1,-1,-1,-1
2014-10-17,-0.4059,-1,-1,0,-1
2014-10-20,-0.3912,0,0,0,0
2014-10-21,0.0518,0,0,0,0
2014-10-22,-0.1271,0,0,0,0
2014-10-23,-0.3366,0,0,0,0
2014-10-24,-0.2957,0,0,0,0
2014-10-27,-0.2104,0,0,0,0
2014-10-28,-0.4726,-1,-1,0,-1
2014-10-29,-0.549,-1,-1,-1,-1
2014-10-30,-0.6242,-1,-1,-1,-1
2014-10-31,-0.7262,-1,-1,-1,-1
2014-11-03,-0.785,-1,-1,-1,-1
2014-11-04,-0.8039,-1,-1,-1,-1
2014-11-05,-0.8163,-1,-1,-1,-1
2014-11-06,-0.8414,-1,-1,-1,-1
2014-11-07,-0.7389,-1,-1,-1,-1
2014-11-10,-0.7041,-1,-1,-1,-1
2014-11-11,-0.7442,-1,-1,-1,-1
2014-11-12,-0.695,-1,-1,-1,-1
2014-11-13,-0.6801,-1,-1,-1,-1
2014-11-14,-0.6861,-1,-1,-1,-1
2014-11-17,-0.6739,-1,-1,-1,-1
2014-11-18,-0.6233,-1,-1,-1,-1
2014-11-19,-0.5806,-1,-1,-1,-1
2014-11-20,-0.5989,-1,-1,-1,-1
2014-11-21,-0.6433,-1,-1,-1,-1
2014-11-24,-0.705,-1,-1,-1,-1
2014-11-25,-0.6584,-1,-1,-1,-1
2014-11-26,-0.5924,-1,-1,-1,-1
2014-11-27,-0.4791,-1,-1,-1,-1
2014-11-28,-0.4997,-1,-1,-1,-1
2014-12-01,-0.4193,-1,-1,0,-1
2014-12-02,-0.315,0,0,0,0
2014-12-03,-0.167,0,0,0,0
2014-12-04,-0.3772,0,0,0,0
2014-12-05,-0.4464,0,0,0,0
2014-12-08,-0.572,-1,-1,-1,-1
2014-12-09,-0.4106,-1,-1,0,-1
2014-12-10,-0.3294,0,0,0,0
2014-12-11,-0.2903,0,0,0,0
2014-12-12,-0.3936,0,0,0,0
2014-12-15,-0.3273,0,0,0,0
2014-12-16,-0.5949,-1,-1,-1,-1
2014-12-17,-0.703,-1,-1,-1,-1
2014-12-18,-0.6814,-1,-1,-1,-1
2014-12-19,-0.7436,-1,-1,-1,-1
2014-12-22,-0.7086,-1,-1,-1,-1
2014-12-23,-0.6453,-1,-1,-1,-1
2014-12-24,-0.3023,0,0,0,0
2014-12-25,-0.4965,-1,-1,0,-1
2014-12-26,-0.4967,-1,-1,0,-1
2014-12-29,-0.6257,-1,-1,-1,-1
2014-12-30,-0.6076,-1,-1,-1,-1
2014-12-31,-0.6538,-1,-1,-1,-1
2015-01-05,-0.6467,-1,-1,-1,-1
2015-01-06,-0.302,0,0,0,0
2015-01-07,0.1429,0,0,0,0
2015-01-08,0.304,0,0,0,0
2015-01-09,0.2853,0,0,0,0
2015-01-12,0.4112,0,0,0,0
2015-01-13,0.5288,1,1,1,1
2015-01-14,0.5055,1,1,1,1
2015-01-15,0.4975,1,1,1,1
2015-01-16,0.6502,1,1,1,1
2015-01-19,0.7601,1,1,1,1
2015-01-20,0.7454,1,1,1,1
2015-01-21,0.7312,1,1,1,1
2015-01-22,0.7146,1,1,1,1
2015-01-23,0.6334,1,1,1,1
2015-01-26,0.6937,1,1,1,1
2015-01-27,0.6988,1,1,1,1
2015-01-28,0.7007,1,1,1,1
2015-01-29,0.6906,1,1,1,1
2015-01-30,0.6965,1,1,1,1
2015-02-02,0.7105,1,1,1,1
2015-02-03,0.6841,1,1,1,1
2015-02-04,0.6752,1,1,1,1
2015-02-05,0.6497,1,1,1,1
2015-02-06,0.6394,1,1,1,1
2015-02-09,0.5536,1,1,1,1
2015-02-10,0.4958,1,1,1,1
2015-02-11,0.4971,1,1,1,1
2015-02-12,0.5564,1,1,1,1
2015-02-13,0.5179,1,1,1,1
2015-02-16,0.3361,1,1,1,1
2015-02-17,0.1963,1,1,1,1
2015-02-25,0.2526,1,1,1,1
2015-02-26,0.1344,1,1,0,1
2015-02-27,0.1957,1,1,0,1
2015-03-02,0.2009,1,1,0,1
2015-03-03,0.1823,1,1,0,1
2015-03-04,0.2181,1,1,0,1
2015-03-05,0.275,1,1,0,1
2015-03-06,0.1038,1,1,0,1
2015-03-09,-0.1406,0,0,0,0
2015-03-10,0.0137,0,0,0,0
2015-03-11,-0.0094,0,0,0,0
2015-03-12,-0.2222,0,0,0,0
2015-03-13,-0.395,0,0,0,0
2015-03-16,-0.353,0,0,0,0
2015-03-17,-0.5134,-1,-1,-1,-1
2015-03-18,-0.6356,-1,-1,-1,-1
2015-03-19,-0.6683,-1,-1,-1,-1
2015-03-20,-0.6506,-1,-1,-1,-1
2015-03-23,-0.6714,-1,-1,-1,-1
2015-03-24,-0.6428,-1,-1,-1,-1
2015-03-25,-0.5067,-1,-1,-1,-1
2015-03-26,-0.544,-1,-1,-1,-1
2015-03-27,-0.4799,-1,-1,-1,-1
2015-03-30,-0.6125,-1,-1,-1,-1
2015-03-31,-0.4647,-1,-1,-1,-1
2015-04-01,-0.4557,-1,-1,-1,-1
2015-04-02,-0.4511,-1,-1,-1,-1
2015-04-03,-0.2537,0,0,0,0
2015-04-07,-0.3498,0,0,0,0
2015-04-08,-0.5144,-1,-1,-1,-1
2015-04-09,-0.4854,-1,-1,-1,-1
2015-04-10,-0.3328,0,0,0,0
2015-04-13,-0.3927,0,0,0,0
2015-04-14,-0.4886,-1,-1,0,-1
2015-04-15,-0.4862,-1,-1,0,-1
2015-04-16,-0.4464,-1,-1,0,-1
2015-04-17,-0.5467,-1,-1,-1,-1
2015-04-20,-0.6697,-1,-1,-1,-1
2015-04-21,-0.6597,-1,-1,-1,-1
2015-04-22,-0.672,-1,-1,-1,-1
2015-04-23,-0.6896,-1,-1,-1,-1
2015-04-24,-0.5813,-1,-1,-1,-1
2015-04-27,-0.6802,-1,-1,-1,-1
2015-04-28,-0.6043,-1,-1,-1,-1
2015-04-29,-0.6444,-1,-1,-1,-1
2015-04-30,-0.6105,-1,-1,-1,-1
2015-05-04,-0.6921,-1,-1,-1,-1
2015-05-05,-0.6925,-1,-1,-1,-1
2015-05-06,-0.4494,-1,-1,0,-1
2015-05-07,-0.0368,0,0,0,0
2015-05-08,0.1261,0,0,0,0
2015-05-11,0.1447,0,0,0,0
2015-05-12,0.3057,0,0,0,0
2015-05-13,0.5372,1,1,1,1
2015-05-14,0.6504,1,1,1,1
2015-05-15,0.6882,1,1,1,1
2015-05-18,0.7247,1,1,1,1
2015-05-19,0.7244,1,1,1,1
2015-05-20,0.7064,1,1,1,1
2015-05-21,0.71,1,1,1,1
2015-05-22,0.7121,1,1,1,1
2015-05-25,0.7337,1,1,1,1
2015-05-26,0.745,1,1,1,1
2015-05-27,0.7244,1,1,1,1
2015-05-28,0.6915,1,1,1,1
2015-05-29,0.6926,1,1,1,1
2015-06-01,0.6782,1,1,1,1
2015-06-02,0.6684,1,1,1,1
2015-06-03,0.5581,1,1,1,1
2015-06-04,0.3864,1,1,1,1
2015-06-05,0.1181,1,1,0,1
2015-06-08,-0.2251,0,0,0,0
2015-06-09,-0.2289,0,0,0,0
2015-06-10,-0.1154,0,0,0,0
2015-06-11,-0.038,0,0,0,0
2015-06-12,-0.1236,0,0,0,0
2015-06-15,-0.3542,0,0,0,0
2015-06-16,-0.2914,0,0,0,0
2015-06-17,-0.3727,0,0,0,0
2015-06-18,-0.5038,-1,-1,-1,-1
2015-06-19,-0.3958,0,0,0,0
2015-06-23,-0.3335,0,0,0,0
2015-06-24,-0.5191,-1,-1,-1,-1
2015-06-25,-0.5221,-1,-1,-1,-1
2015-06-26,-0.5613,-1,-1,-1,-1
2015-06-29,-0.6573,-1,-1,-1,-1
2015-06-30,-0.6285,-1,-1,-1,-1
2015-07-01,-0.5816,-1,-1,-1,-1
2015-07-02,-0.4898,-1,-1,-1,-1
2015-07-03,-0.2858,0,0,0,0
2015-07-06,-0.3122,0,0,0,0
2015-07-07,-0.2203,0,0,0,0
2015-07-08,-0.1105,0,0,0,0
2015-07-09,-0.2526,0,0,0,0
2015-07-10,-0.385,0,0,0,0
2015-07-13,-0.401,0,0,0,0
2015-07-14,-0.1638,0,0,0,0
2015-07-15,-0.1562,0,0,0,0
2015-07-16,-0.1509,0,0,0,0
2015-07-17,0.0065,0,0,0,0
2015-07-20,-0.0198,0,0,0,0
2015-07-21,-0.002,0,0,0,0
2015-07-22,0.1535,0,0,0,0
2015-07-23,0.2077,0,0,0,0
2015-07-24,0.25,0,0,0,0
2015-07-27,0.4995,0,0,0,0
2015-07-28,0.5466,1,1,1,1
2015-07-29,0.4334,1,1,1,1
2015-07-30,0.2804,1,1,1,1
2015-07-31,0.0049,1,1,0,1
2015-08-03,0.0778,1,1,0,1
2015-08-04,0.1801,1,1,0,1
2015-08-05,0.0774,1,1,0,1
2015-08-06,0.1473,1,1,0,1
2015-08-07,0.2596,1,1,0,1
2015-08-10,0.303,1,1,0,1
2015-08-11,0.0908,1,1,0,1
2015-08-12,0.0529,1,1,0,1
2015-08-13,0.0218,1,1,0,1
2015-08-14,-0.0483,1,1,0,1
2015-08-17,-0.1029,0,0,0,0
2015-08-18,-0.055,0,0,0,0
2015-08-19,-0.0534,0,0,0,0
2015-08-20,-0.0787,0,0,0,0
2015-08-21,-0.1136,0,0,0,0
2015-08-24,-0.176,0,0,0,0
2015-08-25,-0.1795,0,0,0,0
2015-08-26,-0.2188,0,0,0,0
2015-08-27,-0.2355,0,0,0,0
2015-08-28,-0.331,0,0,0,0
2015-08-31,-0.3729,0,0,0,0
2015-09-01,-0.5139,-1,-1,-1,-1
2015-09-02,-0.4648,-1,-1,-1,-1
2015-09-07,-0.393,0,0,0,0
2015-09-08,-0.3597,0,0,0,0
2015-09-09,-0.3194,0,0,0,0
2015-09-10,-0.2389,0,0,0,0
2015-09-11,-0.1912,0,0,0,0
2015-09-14,-0.1833,0,0,0,0
2015-09-15,-0.1534,0,0,0,0
2015-09-16,-0.0588,0,0,0,0
2015-09-17,-0.0868,0,0,0,0
2015-09-18,-0.0812,0,0,0,0
2015-09-21,0.0181,0,0,0,0
2015-09-22,0.094,0,0,0,0
2015-09-23,0.1672,0,0,0,0
2015-09-24,0.0781,0,0,0,0
2015-09-25,0.0836,0,0,0,0
2015-09-28,0.2898,0,0,0,0
2015-09-29,0.391,0,0,0,0
2015-09-30,0.5035,1,1,1,1
2015-10-08,0.5681,1,1,1,1
2015-10-09,0.5888,1,1,1,1
2015-10-12,0.5503,1,1,1,1
2015-10-13,0.5328,1,1,1,1
2015-10-14,0.4999,1,1,1,1
2015-10-15,0.5153,1,1,1,1
2015-10-16,0.5054,1,1,1,1
2015-10-19,0.4525,1,1,1,1
2015-10-20,0.393,1,1,1,1
2015-10-21,0.4075,1,1,1,1
2015-10-22,0.4087,1,1,1,1
2015-10-23,0.3899,1,1,1,1
2015-10-26,0.3096,1,1,1,1
2015-10-27,0.3127,1,1,1,1
2015-10-28,0.2243,1,1,1,1
2015-10-29,0.1845,1,1,1,1
2015-10-30,0.239,1,1,1,1
2015-11-02,0.1331,1,1,0,1
2015-11-03,0.0814,1,1,0,1
2015-11-04,0.1633,1,1,0,1
2015-11-05,0.0095,1,1,0,1
2015-11-06,0.0331,1,1,0,1
2015-11-09,-0.0515,0,0,0,0
2015-11-10,0.0275,0,0,0,0
2015-11-11,0.1633,0,0,0,0
2015-11-12,0.1461,0,0,0,0
2015-11-13,0.0812,0,0,0,0
2015-11-16,0.3255,0,0,0,0
2015-11-17,0.0894,0,0,0,0
2015-11-18,0.0786,0,0,0,0
2015-11-19,0.1377,0,0,0,0
2015-11-20,0.1133,0,0,0,0
2015-11-23,-0.0974,0,0,0,0
2015-11-24,0.0599,0,0,0,0
2015-11-25,0.4408,0,0,0,0
2015-11-26,0.312,0,0,0,0
2015-11-27,-0.026,0,0,0,0
2015-11-30,-0.023,0,0,0,0
2015-12-01,-0.2369,0,0,0,0
2015-12-02,-0.5814,-1,-1,-1,-1
2015-12-03,-0.3236,0,0,0,0
2015-12-04,-0.3968,0,0,0,0
2015-12-07,-0.3779,0,0,0,0
2015-12-08,-0.4004,0,0,0,0
2015-12-09,-0.6092,-1,-1,-1,-1
2015-12-10,-0.5756,-1,-1,-1,-1
2015-12-11,-0.4716,-1,-1,-1,-1
2015-12-14,-0.6087,-1,-1,-1,-1
2015-12-15,-0.3711,0,0,0,0
2015-12-16,-0.0074,0,0,0,0
2015-12-17,-0.3372,0,0,0,0
2015-12-18,-0.4059,0,0,0,0
2015-12-21,-0.3435,0,0,0,0
2015-12-22,-0.4504,-1,-1,0,-1
2015-12-23,-0.6521,-1,-1,-1,-1
2015-12-24,-0.5876,-1,-1,-1,-1
2015-12-25,-0.5332,-1,-1,-1,-1
2015-12-28,-0.4059,-1,-1,0,-1
2015-12-29,-0.2307,0,0,0,0
2015-12-30,0.3623,0,0,0,0
2015-12-31,0.0892,0,0,0,0
2016-01-04,-0.3749,0,0,0,0
2016-01-05,-0.5868,-1,-1,-1,-1
2016-01-06,-0.6517,-1,-1,-1,-1
2016-01-07,-0.6375,-1,-1,-1,-1
2016-01-08,-0.7011,-1,-1,-1,-1
2016-01-11,-0.653,-1,-1,-1,-1
2016-01-12,-0.6206,-1,-1,-1,-1
2016-01-13,-0.6239,-1,-1,-1,-1
2016-01-14,-0.6077,-1,-1,-1,-1
2016-01-15,-0.5505,-1,-1,-1,-1
2016-01-18,-0.4966,-1,-1,-1,-1
2016-01-19,-0.4185,-1,-1,0,-1
2016-01-20,-0.4627,-1,-1,0,-1
2016-01-21,-0.352,0,0,0,0
2016-01-22,-0.3587,0,0,0,0
2016-01-25,-0.3819,0,0,0,0
2016-01-26,-0.4261,0,0,0,0
2016-01-27,-0.4242,0,0,0,0
2016-01-28,-0.4106,0,0,0,0
2016-01-29,-0.2933,0,0,0,0
2016-02-01,-0.0373,0,0,0,0
2016-02-02,0.2254,0,0,0,0
2016-02-03,0.3823,0,0,0,0
2016-02-04,0.6034,1,1,1,1
2016-02-05,0.6017,1,1,1,1
2016-02-15,0.6587,1,1,1,1
2016-02-16,0.6436,1,1,1,1
2016-02-17,0.6595,1,1,1,1
2016-02-18,0.5897,1,1,1,1
2016-02-19,0.5789,1,1,1,1
2016-02-22,0.4755,1,1,1,1
2016-02-23,0.4437,1,1,1,1
2016-02-24,0.3592,1,1,1,1
2016-02-25,0.2705,1,1,1,1
2016-02-26,0.0933,1,1,0,1
2016-02-29,-0.1364,0,0,0,0
2016-03-01,0.0226,0,0,0,0
2016-03-02,0.0253,0,0,0,0
2016-03-03,0.0692,0,0,0,0
2016-03-04,-0.2212,0,0,0,0
2016-03-07,-0.2341,0,0,0,0
2016-03-08,-0.3039,0,0,0,0
2016-03-09,-0.3594,0,0,0,0
2016-03-10,-0.3888,0,0,0,0
2016-03-11,-0.3574,0,0,0,0
2016-03-14,-0.285,0,0,0,0
2016-03-15,-0.4015,0,0,0,0
2016-03-16,-0.4702,-1,-1,0,-1
2016-03-17,-0.2367,0,0,0,0
2016-03-18,-0.1757,0,0,0,0
2016-03-21,0.0256,0,0,0,0
2016-03-22,0.0975,0,0,0,0
2016-03-23,0.3272,0,0,0,0
2016-03-24,0.3678,0,0,0,0
2016-03-25,0.4023,0,0,0,0
2016-03-28,0.5201,1,1,1,1
2016-03-29,0.5015,1,1,1,1
2016-03-30,0.5531,1,1,1,1
2016-03-31,0.5422,1,1,1,1
2016-04-01,0.5962,1,1,1,1
2016-04-05,0.6186,1,1,1,1
2016-04-06,0.6081,1,1,1,1
2016-04-07,0.5386,1,1,1,1
2016-04-08,0.5249,1,1,1,1
2016-04-11,0.5611,1,1,1,1
2016-04-12,0.4355,1,1,1,1
2016-04-13,0.4366,1,1,1,1
2016-04-14,0.5429,1,1,1,1
2016-04-15,0.3335,1,1,1,1
2016-04-18,0.067,1,1,0,1
2016-04-19,-0.1403,0,0,0,0
2016-04-20,-0.3747,0,0,0,0
2016-04-21,-0.523,-1,-1,-1,-1
2016-04-22,-0.4092,-1,-1,0,-1
2016-04-25,-0.3274,0,0,0,0
2016-04-26,-0.2599,0,0,0,0
2016-04-27,-0.21,0,0,0,0
2016-04-28,-0.3153,0,0,0,0
2016-04-29,-0.3042,0,0,0,0
2016-05-03,-0.0252,0,0,0,0
2016-05-04,-0.2078,0,0,0,0
2016-05-05,-0.3045,0,0,0,0
2016-05-06,-0.3619,0,0,0,0
2016-05-09,-0.4119,0,0,0,0
2016-05-10,-0.4773,-1,-1,0,-1
2016-05-11,-0.5478,-1,-1,-1,-1
2016-05-12,-0.5164,-1,-1,-1,-1
2016-05-13,-0.5634,-1,-1,-1,-1
2016-05-16,-0.4935,-1,-1,-1,-1
2016-05-17,-0.3952,0,0,0,0
2016-05-18,-0.4457,0,0,0,0
2016-05-19,-0.1378,0,0,0,0
2016-05-20,0.1773,0,0,0,0
2016-05-23,0.0991,0,0,0,0
2016-05-24,0.1394,0,0,0,0
2016-05-25,-0.0628,0,0,0,0
2016-05-26,-0.0435,0,0,0,0
2016-05-27,-0.091,0,0,0,0
2016-05-30,-0.0905,0,0,0,0
2016-05-31,0.0369,0,0,0,0
2016-06-01,0.119,0,0,0,0
2016-06-02,0.1917,0,0,0,0
2016-06-03,0.435,0,0,0,0
2016-06-06,0.5337,1,1,1,1
2016-06-07,0.4974,1,1,1,1
2016-06-08,0.6649,1,1,1,1
2016-06-13,0.3842,1,1,1,1
2016-06-14,0.4467,1,1,1,1
2016-06-15,0.5396,1,1,1,1
2016-06-16,0.3736,1,1,1,1
2016-06-17,0.4129,1,1,1,1
2016-06-20,0.3287,1,1,1,1
2016-06-21,0.1688,1,1,1,1
2016-06-22,0.3141,1,1,1,1
2016-06-23,0.3492,1,1,1,1
2016-06-24,0.3665,1,1,1,1
2016-06-27,0.483,1,1,1,1
2016-06-28,0.6159,1,1,1,1
2016-06-29,0.5928,1,1,1,1
2016-06-30,0.4641,1,1,1,1
2016-07-01,0.239,1,1,1,1
2016-07-04,0.0853,1,1,0,1
2016-07-05,-0.109,0,0,0,0
2016-07-06,-0.099,0,0,0,0
2016-07-07,0.0506,0,0,0,0
2016-07-08,0.1612,0,0,0,0
2016-07-11,0.2825,0,0,0,0
2016-07-12,0.2224,0,0,0,0
2016-07-13,0.1786,0,0,0,0
2016-07-14,0.2393,0,0,0,0
2016-07-15,0.1648,0,0,0,0
2016-07-18,-0.1204,0,0,0,0
2016-07-19,0.2713,0,0,0,0
2016-07-20,-0.0159,0,0,0,0
2016-07-21,0.0165,0,0,0,0
2016-07-22,0.1483,0,0,0,0
2016-07-25,-0.2379,0,0,0,0
2016-07-26,-0.3592,0,0,0,0
2016-07-27,-0.5673,-1,-1,-1,-1
2016-07-28,-0.6547,-1,-1,-1,-1
2016-07-29,-0.6479,-1,-1,-1,-1
2016-08-01,-0.6474,-1,-1,-1,-1
2016-08-02,-0.6307,-1,-1,-1,-1
2016-08-03,-0.5741,-1,-1,-1,-1
2016-08-04,-0.5522,-1,-1,-1,-1
2016-08-05,-0.6386,-1,-1,-1,-1
2016-08-08,-0.5628,-1,-1,-1,-1
2016-08-09,-0.496,-1,-1,-1,-1
2016-08-10,-0.6403,-1,-1,-1,-1
2016-08-11,-0.6671,-1,-1,-1,-1
2016-08-12,-0.6372,-1,-1,-1,-1
2016-08-15,-0.5349,-1,-1,-1,-1
2016-08-16,-0.5638,-1,-1,-1,-1
2016-08-17,-0.562,-1,-1,-1,-1
2016-08-18,-0.5751,-1,-1,-1,-1
2016-08-19,-0.559,-1,-1,-1,-1
2016-08-22,-0.5944,-1,-1,-1,-1
2016-08-23,-0.5434,-1,-1,-1,-1
2016-08-24,-0.06,0,0,0,0
2016-08-25,0.1835,0,0,0,0
2016-08-26,0.2691,0,0,0,0
2016-08-29,0.4237,0,0,0,0
2016-08-30,0.4161,0,0,0,0
2016-08-31,0.3861,0,0,0,0
2016-09-01,0.3578,0,0,0,0
2016-09-02,0.3996,0,0,0,0
2016-09-05,0.4327,0,0,0,0
2016-09-06,0.5115,1,1,1,1
2016-09-07,0.5109,1,1,1,1
2016-09-08,0.5092,1,1,1,1
2016-09-09,0.539,1,1,1,1
2016-09-12,0.3331,1,1,1,1
2016-09-13,0.2783,1,1,1,1
2016-09-14,0.3443,1,1,1,1
2016-09-19,0.4218,1,1,1,1
2016-09-20,0.3864,1,1,1,1
2016-09-21,0.554,1,1,1,1
2016-09-22,0.4732,1,1,1,1
2016-09-23,0.3729,1,1,1,1
2016-09-26,0.2076,1,1,1,1
2016-09-27,0.163,1,1,1,1
2016-09-28,0.162,1,1,1,1
2016-09-29,0.1515,1,1,1,1
2016-09-30,0.2277,1,1,1,1
2016-10-10,0.2525,1,1,1,1
2016-10-11,0.2583,1,1,1,1
2016-10-12,0.2616,1,1,1,1
2016-10-13,0.1676,1,1,1,1
2016-10-14,0.0619,1,1,0,1
2016-10-17,-0.0023,1,1,0,1
2016-10-18,0.0224,1,1,0,1
2016-10-19,-0.0065,1,1,0,1
2016-10-20,-0.0035,1,1,0,1
2016-10-21,-0.4591,-1,-1,0,-1
2016-10-24,-0.4841,-1,-1,0,-1
2016-10-25,-0.523,-1,-1,-1,-1
2016-10-26,-0.4659,-1,-1,-1,-1
2016-10-27,-0.4323,-1,-1,0,-1
2016-10-28,-0.4798,-1,-1,0,-1
2016-10-31,-0.3901,0,0,0,0
2016-11-01,-0.3447,0,0,0,0
2016-11-02,-0.3036,0,0,0,0
2016-11-03,-0.3043,0,0,0,0
2016-11-04,-0.3594,0,0,0,0
2016-11-07,-0.5425,-1,-1,-1,-1
2016-11-08,-0.5093,-1,-1,-1,-1
2016-11-09,-0.6246,-1,-1,-1,-1
2016-11-10,-0.6715,-1,-1,-1,-1
2016-11-11,-0.4499,-1,-1,0,-1
2016-11-14,-0.403,-1,-1,0,-1
2016-11-15,-0.3223,0,0,0,0
2016-11-16,-0.1681,0,0,0,0
2016-11-17,-0.4266,0,0,0,0
2016-11-18,-0.2535,0,0,0,0
2016-11-21,-0.4466,0,0,0,0
2016-11-22,-0.3692,0,0,0,0
2016-11-23,-0.6564,-1,-1,-1,-1
2016-11-24,-0.7457,-1,-1,-1,-1
2016-11-25,-0.733,-1,-1,-1,-1
2016-11-28,-0.7619,-1,-1,-1,-1
2016-11-29,-0.7618,-1,-1,-1,-1
2016-11-30,-0.6649,-1,-1,-1,-1
2016-12-01,-0.7121,-1,-1,-1,-1
2016-12-02,-0.7541,-1,-1,-1,-1
2016-12-05,-0.4419,-1,-1,0,-1
2016-12-06,-0.5076,-1,-1,-1,-1
2016-12-07,-0.3883,0,0,0,0
2016-12-08,-0.2089,0,0,0,0
2016-12-09,-0.1779,0,0,0,0
2016-12-12,-0.3759,0,0,0,0
2016-12-13,-0.4674,-1,-1,0,-1
2016-12-14,-0.5321,-1,-1,-1,-1
2016-12-15,-0.2846,0,0,0,0
2016-12-16,-0.2071,0,0,0,0
2016-12-19,-0.2122,0,0,0,0
2016-12-20,-0.1051,0,0,0,0
2016-12-21,-0.0831,0,0,0,0
2016-12-22,0.1058,0,0,0,0
2016-12-23,0.17,0,0,0,0
2016-12-26,0.4673,0,0,0,0
2016-12-27,0.4903,0,0,0,0
2016-12-28,0.113,0,0,0,0
2016-12-29,0.4287,0,0,0,0
2016-12-30,0.6104,1,1,1,1
2017-01-03,0.1223,1,1,0,1
2017-01-04,0.2192,1,1,0,1
2017-01-05,0.002,1,1,0,1
2017-01-06,-0.2043,0,0,0,0
2017-01-09,0.0463,0,0,0,0
2017-01-10,0.264,0,0,0,0
2017-01-11,0.3128,0,0,0,0
2017-01-12,0.4302,0,0,0,0
2017-01-13,0.0335,0,0,0,0
2017-01-16,-0.5846,-1,-1,-1,-1
2017-01-17,-0.2773,0,0,0,0
2017-01-18,-0.5651,-1,-1,-1,-1
2017-01-19,-0.3784,0,0,0,0
2017-01-20,-0.1406,0,0,0,0
2017-01-23,-0.2268,0,0,0,0
2017-01-24,-0.4203,0,0,0,0
2017-01-25,-0.4385,0,0,0,0
2017-01-26,-0.3594,0,0,0,0
2017-02-03,-0.2422,0,0,0,0
2017-02-06,-0.2792,0,0,0,0
2017-02-07,-0.1295,0,0,0,0
2017-02-08,-0.0783,0,0,0,0
2017-02-09,0.0656,0,0,0,0
2017-02-10,-0.1519,0,0,0,0
2017-02-13,-0.0863,0,0,0,0
2017-02-14,-0.1965,0,0,0,0
2017-02-15,-0.3742,0,0,0,0
2017-02-16,-0.4621,-1,-1,0,-1
2017-02-17,0.0249,0,0,0,0
2017-02-20,0.2447,0,0,0,0
2017-02-21,0.2604,0,0,0,0
2017-02-22,0.4723,0,0,0,0
2017-02-23,0.5447,1,1,1,1
2017-02-24,0.5614,1,1,1,1
2017-02-27,0.5791,1,1,1,1
2017-02-28,0.6601,1,1,1,1
2017-03-01,0.6505,1,1,1,1
2017-03-02,0.6365,1,1,1,1
2017-03-03,0.6198,1,1,1,1
2017-03-06,0.7017,1,1,1,1
2017-03-07,0.7292,1,1,1,1
2017-03-08,0.6443,1,1,1,1
2017-03-09,0.6798,1,1,1,1
2017-03-10,0.71,1,1,1,1
2017-03-13,0.7015,1,1,1,1
2017-03-14,0.6947,1,1,1,1
2017-03-15,0.7094,1,1,1,1
2017-03-16,0.7025,1,1,1,1
2017-03-17,0.6626,1,1,1,1
2017-03-20,0.6774,1,1,1,1
2017-03-21,0.6257,1,1,1,1
2017-03-22,0.6478,1,1,1,1
2017-03-23,0.5888,1,1,1,1
2017-03-24,0.5018,1,1,1,1
2017-03-27,0.391,1,1,1,1
2017-03-28,0.4571,1,1,1,1
2017-03-29,0.2898,1,1,1,1
2017-03-30,0.0388,1,1,0,1
2017-03-31,-0.1316,0,0,0,0
2017-04-05,-0.3234,0,0,0,0
2017-04-06,-0.5232,-1,-1,-1,-1
2017-04-07,-0.4218,-1,-1,0,-1
2017-04-10,-0.5777,-1,-1,-1,-1
2017-04-11,-0.5871,-1,-1,-1,-1
2017-04-12,-0.6379,-1,-1,-1,-1
2017-04-13,-0.5709,-1,-1,-1,-1
2017-04-14,-0.548,-1,-1,-1,-1
2017-04-17,-0.6036,-1,-1,-1,-1
2017-04-18,-0.6409,-1,-1,-1,-1
2017-04-19,-0.5311,-1,-1,-1,-1
2017-04-20,-0.502,-1,-1,-1,-1
2017-04-21,-0.6056,-1,-1,-1,-1
2017-04-24,-0.5064,-1,-1,-1,-1
2017-04-25,-0.5267,-1,-1,-1,-1
2017-04-26,-0.4392,-1,-1,0,-1
2017-04-27,-0.402,-1,-1,0,-1
2017-04-28,-0.1972,0,0,0,0
2017-05-02,-0.0202,0,0,0,0
2017-05-03,0.0481,0,0,0,0
2017-05-04,-0.0799,0,0,0,0
2017-05-05,-0.0439,0,0,0,0
2017-05-08,-0.0372,0,0,0,0
2017-05-09,0.1669,0,0,0,0
2017-05-10,0.2555,0,0,0,0
2017-05-11,0.157,0,0,0,0
2017-05-12,0.1057,0,0,0,0
2017-05-15,0.1482,0,0,0,0
2017-05-16,0.2734,0,0,0,0
2017-05-17,0.416,0,0,0,0
2017-05-18,0.3117,0,0,0,0
2017-05-19,0.2313,0,0,0,0
2017-05-22,0.3136,0,0,0,0
2017-05-23,0.0507,0,0,0,0
2017-05-24,0.2139,0,0,0,0
2017-05-25,0.1548,0,0,0,0
2017-05-26,-0.0061,0,0,0,0
2017-05-31,-0.0582,0,0,0,0
2017-06-01,-0.0771,0,0,0,0
2017-06-02,-0.0831,0,0,0,0
2017-06-05,0.2403,0,0,0,0
2017-06-06,0.2961,0,0,0,0
2017-06-07,0.303,0,0,0,0
2017-06-08,0.2368,0,0,0,0
2017-06-09,0.1606,0,0,0,0
2017-06-12,0.072,0,0,0,0
2017-06-13,0.2423,0,0,0,0
2017-06-14,0.2186,0,0,0,0
2017-06-15,0.3626,0,0,0,0
2017-06-16,0.3736,0,0,0,0
2017-06-19,0.3628,0,0,0,0
2017-06-20,0.3804,0,0,0,0
2017-06-21,0.3558,0,0,0,0
2017-06-22,0.377,0,0,0,0
2017-06-23,0.2345,0,0,0,0
2017-06-26,0.2557,0,0,0,0
2017-06-27,0.3038,0,0,0,0
2017-06-28,0.3005,0,0,0,0
2017-06-29,0.3578,0,0,0,0
2017-06-30,0.2571,0,0,0,0
2017-07-03,0.0221,0,0,0,0
2017-07-04,0.0676,0,0,0,0
2017-07-05,0.006,0,0,0,0
2017-07-06,0.0304,0,0,0,0
2017-07-07,0.037,0,0,0,0
2017-07-10,0.0434,0,0,0,0
2017-07-11,-0.2219,0,0,0,0
2017-07-12,-0.2005,0,0,0,0
2017-07-13,-0.5814,-1,-1,-1,-1
2017-07-14,-0.63,-1,-1,-1,-1
2017-07-17,-0.7026,-1,-1,-1,-1
2017-07-18,-0.7182,-1,-1,-1,-1
2017-07-19,-0.6325,-1,-1,-1,-1
2017-07-20,-0.5621,-1,-1,-1,-1
2017-07-21,-0.5312,-1,-1,-1,-1
2017-07-24,-0.511,-1,-1,-1,-1
2017-07-25,-0.5345,-1,-1,-1,-1
2017-07-26,-0.426,-1,-1,0,-1
2017-07-27,-0.1933,0,0,0,0
2017-07-28,-0.2037,0,0,0,0
2017-07-31,-0.3934,0,0,0,0
2017-08-01,-0.4271,0,0,0,0
2017-08-02,-0.3971,0,0,0,0
2017-08-03,-0.3737,0,0,0,0
2017-08-04,-0.4406,0,0,0,0
2017-08-07,-0.321,0,0,0,0
2017-08-08,-0.0078,0,0,0,0
2017-08-09,-0.0043,0,0,0,0
2017-08-10,0.226,0,0,0,0
2017-08-11,0.5457,1,1,1,1
2017-08-14,0.7217,1,1,1,1
2017-08-15,0.731,1,1,1,1
2017-08-16,0.7183,1,1,1,1
2017-08-17,0.6875,1,1,1,1
2017-08-18,0.6518,1,1,1,1
2017-08-21,0.6485,1,1,1,1
2017-08-22,0.6498,1,1,1,1
2017-08-23,0.6541,1,1,1,1
2017-08-24,0.5198,1,1,1,1
2017-08-25,0.4152,1,1,1,1
2017-08-28,0.4806,1,1,1,1
2017-08-29,0.4543,1,1,1,1
2017-08-30,0.4301,1,1,1,1
2017-08-31,0.521,1,1,1,1
2017-09-01,0.5772,1,1,1,1
2017-09-04,0.6113,1,1,1,1
2017-09-05,0.5774,1,1,1,1
2017-09-06,0.5077,1,1,1,1
2017-09-07,0.4788,1,1,1,1
2017-09-08,0.4102,1,1,1,1
2017-09-11,0.2187,1,1,1,1
2017-09-12,0.0693,1,1,0,1
2017-09-13,-0.0611,0,0,0,0
2017-09-14,-0.0203,0,0,0,0
2017-09-15,0.1457,0,0,0,0
2017-09-18,0.2375,0,0,0,0
2017-09-19,0.1996,0,0,0,0
2017-09-20,0.1268,0,0,0,0
2017-09-21,0.0501,0,0,0,0
2017-09-22,0.1322,0,0,0,0
2017-09-25,0.0253,0,0,0,0
2017-09-26,0.0176,0,0,0,0
2017-09-27,0.1337,0,0,0,0
2017-09-28,0.0473,0,0,0,0
2017-09-29,0.0845,0,0,0,0
2017-10-09,-0.0447,0,0,0,0
2017-10-10,0.0111,0,0,0,0
2017-10-11,-0.1029,0,0,0,0
2017-10-12,-0.1004,0,0,0,0
2017-10-13,-0.0261,0,0,0,0
2017-10-16,-0.2185,0,0,0,0
2017-10-17,-0.1086,0,0,0,0
2017-10-18,-0.1719,0,0,0,0
2017-10-19,-0.1273,0,0,0,0
2017-10-20,-0.2312,0,0,0,0
2017-10-23,-0.2576,0,0,0,0
2017-10-24,-0.3066,0,0,0,0
2017-10-25,-0.1638,0,0,0,0
2017-10-26,-0.0272,0,0,0,0
2017-10-27,0.0146,0,0,0,0
2017-10-30,-0.0546,0,0,0,0
2017-10-31,0.1642,0,0,0,0
2017-11-01,0.0431,0,0,0,0
2017-11-02,-0.0604,0,0,0,0
2017-11-03,-0.0404,0,0,0,0
2017-11-06,0.0407,0,0,0,0
2017-11-07,-0.1461,0,0,0,0
2017-11-08,-0.0744,0,0,0,0
2017-11-09,-0.0738,0,0,0,0
2017-11-10,0.023,0,0,0,0
2017-11-13,0.0913,0,0,0,0
2017-11-14,-0.184,0,0,0,0
2017-11-15,-0.3582,0,0,0,0
2017-11-16,-0.0638,0,0,0,0
2017-11-17,-0.5031,-1,-1,-1,-1
2017-11-20,-0.4046,-1,-1,0,-1
2017-11-21,-0.4142,-1,-1,0,-1
2017-11-22,-0.5471,-1,-1,-1,-1
2017-11-23,-0.5592,-1,-1,-1,-1
2017-11-24,-0.5268,-1,-1,-1,-1
2017-11-27,-0.5119,-1,-1,-1,-1
2017-11-28,-0.5177,-1,-1,-1,-1
2017-11-29,-0.5046,-1,-1,-1,-1
2017-11-30,-0.49,-1,-1,-1,-1
2017-12-01,-0.4164,-1,-1,0,-1
2017-12-04,-0.4246,-1,-1,0,-1
2017-12-05,-0.4754,-1,-1,0,-1
2017-12-06,-0.4954,-1,-1,0,-1
2017-12-07,-0.4159,-1,-1,0,-1
2017-12-08,-0.3884,0,0,0,0
2017-12-11,-0.3273,0,0,0,0
2017-12-12,-0.1916,0,0,0,0
2017-12-13,-0.0267,0,0,0,0
2017-12-14,-0.203,0,0,0,0
2017-12-15,0.0445,0,0,0,0
2017-12-18,-0.1178,0,0,0,0
2017-12-19,-0.177,0,0,0,0
2017-12-20,-0.0227,0,0,0,0
2017-12-21,0.0966,0,0,0,0
2017-12-22,0.1338,0,0,0,0
2017-12-25,0.0512,0,0,0,0
2017-12-26,-0.21,0,0,0,0
2017-12-27,-0.0876,0,0,0,0
2017-12-28,0.0269,0,0,0,0
2017-12-29,-0.2058,0,0,0,0
2018-01-02,-0.4137,0,0,0,0
2018-01-03,0.0701,0,0,0,0
2018-01-04,-0.011,0,0,0,0
2018-01-05,-0.1755,0,0,0,0
2018-01-08,-0.3726,0,0,0,0
2018-01-09,-0.407,0,0,0,0
2018-01-10,-0.5926,-1,-1,-1,-1
2018-01-11,-0.571,-1,-1,-1,-1
2018-01-12,-0.5807,-1,-1,-1,-1
2018-01-15,-0.7432,-1,-1,-1,-1
2018-01-16,-0.7508,-1,-1,-1,-1
2018-01-17,-0.7535,-1,-1,-1,-1
2018-01-18,-0.8015,-1,-1,-1,-1
2018-01-19,-0.7827,-1,-1,-1,-1
2018-01-22,-0.7098,-1,-1,-1,-1
2018-01-23,-0.6899,-1,-1,-1,-1
2018-01-24,-0.5187,-1,-1,-1,-1
2018-01-25,-0.5089,-1,-1,-1,-1
2018-01-26,-0.5838,-1,-1,-1,-1
2018-01-29,-0.6339,-1,-1,-1,-1
2018-01-30,-0.3088,0,0,0,0
2018-01-31,-0.6407,-1,-1,-1,-1
2018-02-01,-0.652,-1,-1,-1,-1
2018-02-02,-0.5816,-1,-1,-1,-1
2018-02-05,-0.5417,-1,-1,-1,-1
2018-02-06,-0.4151,-1,-1,0,-1
2018-02-07,-0.2072,0,0,0,0
2018-02-08,-0.1353,0,0,0,0
2018-02-09,0.1209,0,0,0,0
2018-02-12,0.4528,0,0,0,0
2018-02-13,0.4889,0,0,0,0
2018-02-14,0.5889,1,1,1,1
2018-02-22,0.6534,1,1,1,1
2018-02-23,0.6307,1,1,1,1
2018-02-26,0.574,1,1,1,1
2018-02-27,0.6422,1,1,1,1
2018-02-28,0.6907,1,1,1,1
2018-03-01,0.6729,1,1,1,1
2018-03-02,0.6694,1,1,1,1
2018-03-05,0.6926,1,1,1,1
2018-03-06,0.655,1,1,1,1
2018-03-07,0.6592,1,1,1,1
2018-03-08,0.6783,1,1,1,1
2018-03-09,0.6937,1,1,1,1
2018-03-12,0.7095,1,1,1,1
2018-03-13,0.7029,1,1,1,1
2018-03-14,0.6678,1,1,1,1
2018-03-15,0.6276,1,1,1,1
2018-03-16,0.5135,1,1,1,1
2018-03-19,0.4612,1,1,1,1
2018-03-20,0.498,1,1,1,1
2018-03-21,0.4812,1,1,1,1
2018-03-22,0.4884,1,1,1,1
2018-03-23,0.4449,1,1,1,1
2018-03-26,0.4982,1,1,1,1
2018-03-27,0.493,1,1,1,1
2018-03-28,0.4236,1,1,1,1
2018-03-29,0.1687,1,1,1,1
2018-03-30,0.307,1,1,1,1
2018-04-02,0.181,1,1,1,1
2018-04-03,0.2129,1,1,1,1
2018-04-04,0.1247,1,1,0,1
2018-04-09,0.1529,1,1,0,1
2018-04-10,-0.2148,0,0,0,0
2018-04-11,-0.3716,0,0,0,0
2018-04-12,-0.3674,0,0,0,0
2018-04-13,-0.3757,0,0,0,0
2018-04-16,-0.3538,0,0,0,0
2018-04-17,-0.5097,-1,-1,-1,-1
2018-04-18,-0.6041,-1,-1,-1,-1
2018-04-19,-0.6307,-1,-1,-1,-1
2018-04-20,-0.6583,-1,-1,-1,-1
2018-04-23,-0.711,-1,-1,-1,-1
2018-04-24,-0.6044,-1,-1,-1,-1
2018-04-25,-0.7238,-1,-1,-1,-1
2018-04-26,-0.797,-1,-1,-1,-1
2018-04-27,-0.7211,-1,-1,-1,-1
2018-05-02,-0.6679,-1,-1,-1,-1
2018-05-03,-0.6697,-1,-1,-1,-1
2018-05-04,-0.6563,-1,-1,-1,-1
2018-05-07,-0.6253,-1,-1,-1,-1
2018-05-08,-0.6113,-1,-1,-1,-1
2018-05-09,-0.6026,-1,-1,-1,-1
2018-05-10,-0.4815,-1,-1,-1,-1
2018-05-11,-0.4682,-1,-1,-1,-1
2018-05-14,-0.4666,-1,-1,-1,-1
2018-05-15,-0.3604,0,0,0,0
2018-05-16,-0.3825,0,0,0,0
2018-05-17,-0.277,0,0,0,0
2018-05-18,-0.3084,0,0,0,0
2018-05-21,-0.2579,0,0,0,0
2018-05-22,-0.079,0,0,0,0
2018-05-23,0.095,0,0,0,0
2018-05-24,0.0431,0,0,0,0
2018-05-25,-0.2651,0,0,0,0
2018-05-28,-0.0357,0,0,0,0
2018-05-29,-0.1768,0,0,0,0
2018-05-30,-0.191,0,0,0,0
2018-05-31,-0.2246,0,0,0,0
2018-06-01,-0.2836,0,0,0,0
2018-06-04,-0.3718,0,0,0,0
2018-06-05,-0.1668,0,0,0,0
2018-06-06,-0.0949,0,0,0,0
2018-06-07,-0.2021,0,0,0,0
2018-06-08,-0.0224,0,0,0,0
2018-06-11,-0.1237,0,0,0,0
2018-06-12,-0.25,0,0,0,0
2018-06-13,-0.4788,-1,-1,0,-1
2018-06-14,-0.4727,-1,-1,0,-1
2018-06-15,-0.5065,-1,-1,-1,-1
2018-06-19,-0.4619,-1,-1,-1,-1
2018-06-20,-0.5267,-1,-1,-1,-1
2018-06-21,-0.6357,-1,-1,-1,-1
2018-06-22,-0.5586,-1,-1,-1,-1
2018-06-25,-0.4031,-1,-1,0,-1
2018-06-26,-0.083,0,0,0,0
2018-06-27,-0.0437,0,0,0,0
2018-06-28,-0.01,0,0,0,0
2018-06-29,0.2022,0,0,0,0
2018-07-02,0.4795,0,0,0,0
2018-07-03,0.4164,0,0,0,0
2018-07-04,0.0313,0,0,0,0
2018-07-05,-0.1295,0,0,0,0
2018-07-06,-0.0688,0,0,0,0
2018-07-09,-0.1046,0,0,0,0
2018-07-10,0.0202,0,0,0,0
2018-07-11,0.0571,0,0,0,0
2018-07-12,0.3424,0,0,0,0
2018-07-13,0.5697,1,1,1,1
2018-07-16,0.6814,1,1,1,1
2018-07-17,0.6842,1,1,1,1
2018-07-18,0.6076,1,1,1,1
2018-07-19,0.6647,1,1,1,1
2018-07-20,0.5147,1,1,1,1
2018-07-23,0.262,1,1,1,1
2018-07-24,0.11,1,1,0,1
2018-07-25,0.2338,1,1,0,1
2018-07-26,0.0807,1,1,0,1
2018-07-27,-0.1819,0,0,0,0
2018-07-30,-0.4688,-1,-1,0,-1
2018-07-31,-0.4733,-1,-1,0,-1
2018-08-01,-0.3369,0,0,0,0
2018-08-02,-0.2341,0,0,0,0
2018-08-03,-0.4382,0,0,0,0
2018-08-06,-0.5282,-1,-1,-1,-1
2018-08-07,-0.5768,-1,-1,-1,-1
2018-08-08,-0.6048,-1,-1,-1,-1
2018-08-09,-0.5428,-1,-1,-1,-1
2018-08-10,-0.5542,-1,-1,-1,-1
2018-08-13,-0.502,-1,-1,-1,-1
2018-08-14,-0.5851,-1,-1,-1,-1
2018-08-15,-0.5771,-1,-1,-1,-1
2018-08-16,-0.5547,-1,-1,-1,-1
2018-08-17,-0.6196,-1,-1,-1,-1
2018-08-20,-0.6014,-1,-1,-1,-1
2018-08-21,-0.5151,-1,-1,-1,-1
2018-08-22,-0.5688,-1,-1,-1,-1
2018-08-23,-0.433,-1,-1,0,-1
2018-08-24,-0.4564,-1,-1,0,-1
2018-08-27,-0.0435,0,0,0,0
2018-08-28,0.0316,0,0,0,0
2018-08-29,-0.0408,0,0,0,0
2018-08-30,-0.0649,0,0,0,0
2018-08-31,-0.1025,0,0,0,0
2018-09-03,0.1558,0,0,0,0
2018-09-04,0.2295,0,0,0,0
2018-09-05,0.3332,0,0,0,0
2018-09-06,0.0728,0,0,0,0
2018-09-07,-0.0775,0,0,0,0
2018-09-10,-0.3923,0,0,0,0
2018-09-11,-0.1812,0,0,0,0
2018-09-12,-0.1517,0,0,0,0
2018-09-13,-0.2374,0,0,0,0
2018-09-14,-0.1025,0,0,0,0
2018-09-17,-0.0702,0,0,0,0
2018-09-18,-0.2036,0,0,0,0
2018-09-19,-0.0528,0,0,0,0
2018-09-20,-0.1441,0,0,0,0
2018-09-21,-0.0888,0,0,0,0
2018-09-25,-0.1967,0,0,0,0
2018-09-26,-0.1202,0,0,0,0
2018-09-27,-0.199,0,0,0,0
2018-09-28,-0.1223,0,0,0,0
2018-10-08,0.0188,0,0,0,0
2018-10-09,-0.049,0,0,0,0
2018-10-10,-0.2912,0,0,0,0
2018-10-11,-0.4695,-1,-1,0,-1
2018-10-12,-0.3922,0,0,0,0
2018-10-15,-0.325,0,0,0,0
2018-10-16,-0.2826,0,0,0,0
2018-10-17,-0.5078,-1,-1,-1,-1
2018-10-18,-0.4378,-1,-1,0,-1
2018-10-19,-0.3654,0,0,0,0
2018-10-22,0.033,0,0,0,0
2018-10-23,0.082,0,0,0,0
2018-10-24,-0.0723,0,0,0,0
2018-10-25,-0.2049,0,0,0,0
2018-10-26,-0.2731,0,0,0,0
2018-10-29,-0.0984,0,0,0,0
2018-10-30,-0.088,0,0,0,0
2018-10-31,-0.0658,0,0,0,0
2018-11-01,0.0607,0,0,0,0
2018-11-02,0.2177,0,0,0,0
2018-11-05,0.2773,0,0,0,0
2018-11-06,0.2915,0,0,0,0
2018-11-07,0.4385,0,0,0,0
2018-11-08,0.463,0,0,0,0
2018-11-09,0.5144,1,1,1,1
2018-11-12,0.5084,1,1,1,1
2018-11-13,0.5947,1,1,1,1
2018-11-14,0.6255,1,1,1,1
2018-11-15,0.6443,1,1,1,1
2018-11-16,0.6181,1,1,1,1
2018-11-19,0.5422,1,1,1,1
2018-11-20,0.521,1,1,1,1
2018-11-21,0.5535,1,1,1,1
2018-11-22,0.6114,1,1,1,1
2018-11-23,0.5601,1,1,1,1
2018-11-26,0.4463,1,1,1,1
2018-11-27,0.4721,1,1,1,1
2018-11-28,0.4653,1,1,1,1
2018-11-29,0.3245,1,1,1,1
2018-11-30,0.1772,1,1,1,1
2018-12-03,0.3117,1,1,1,1
2018-12-04,0.3665,1,1,1,1
2018-12-05,0.4007,1,1,1,1
2018-12-06,0.3248,1,1,1,1
2018-12-07,0.1516,1,1,1,1
2018-12-10,0.006,1,1,0,1
2018-12-11,-0.1403,0,0,0,0
2018-12-12,-0.1278,0,0,0,0
2018-12-13,-0.1166,0,0,0,0
2018-12-14,-0.2635,0,0,0,0
2018-12-17,-0.342,0,0,0,0
2018-12-18,-0.24,0,0,0,0
2018-12-19,-0.39,0,0,0,0
2018-12-20,-0.3126,0,0,0,0
2018-12-21,-0.2552,0,0,0,0
2018-12-24,-0.2365,0,0,0,0
2018-12-25,-0.3734,0,0,0,0
2018-12-26,-0.5834,-1,-1,-1,-1
2018-12-27,-0.628,-1,-1,-1,-1
2018-12-28,-0.6965,-1,-1,-1,-1
2019-01-02,-0.7675,-1,-1,-1,-1
2019-01-03,-0.6973,-1,-1,-1,-1
2019-01-04,-0.6802,-1,-1,-1,-1
2019-01-07,-0.5068,-1,-1,-1,-1
2019-01-08,-0.3981,0,0,0,0
2019-01-09,-0.3312,0,0,0,0
2019-01-10,-0.2606,0,0,0,0
2019-01-11,-0.1937,0,0,0,0
2019-01-14,-0.3054,0,0,0,0
2019-01-15,0.1056,0,0,0,0
2019-01-16,0.2579,0,0,0,0
2019-01-17,0.1809,0,0,0,0
2019-01-18,0.3185,0,0,0,0
2019-01-21,0.2741,0,0,0,0
2019-01-22,0.3216,0,0,0,0
2019-01-23,0.2477,0,0,0,0
2019-01-24,0.3181,0,0,0,0
2019-01-25,0.4683,0,0,0,0
2019-01-28,0.55,1,1,1,1
2019-01-29,0.3543,1,1,1,1
2019-01-30,0.1949,1,1,1,1
2019-01-31,0.221,1,1,1,1
2019-02-01,0.422,1,1,1,1
2019-02-11,0.4833,1,1,1,1
2019-02-12,0.508,1,1,1,1
2019-02-13,0.635,1,1,1,1
2019-02-14,0.6495,1,1,1,1
2019-02-15,0.6798,1,1,1,1
2019-02-18,0.7119,1,1,1,1
2019-02-19,0.6714,1,1,1,1
2019-02-20,0.6786,1,1,1,1
2019-02-21,0.6757,1,1,1,1
2019-02-22,0.6628,1,1,1,1
2019-02-25,0.5764,1,1,1,1
2019-02-26,0.6152,1,1,1,1
2019-02-27,0.5508,1,1,1,1
2019-02-28,0.6164,1,1,1,1
2019-03-01,0.5826,1,1,1,1
2019-03-04,0.6106,1,1,1,1
2019-03-05,0.6406,1,1,1,1
2019-03-06,0.6163,1,1,1,1
2019-03-07,0.6081,1,1,1,1
2019-03-08,0.6123,1,1,1,1
2019-03-11,0.5371,1,1,1,1
2019-03-12,0.4737,1,1,1,1
2019-03-13,0.3265,1,1,1,1
2019-03-14,0.1592,1,1,1,1
2019-03-15,0.2193,1,1,1,1
2019-03-18,0.1176,1,1,0,1
2019-03-19,0.1012,1,1,0,1
2019-03-20,-0.0342,1,1,0,1
2019-03-21,-0.0986,0,0,0,0
2019-03-22,-0.3392,0,0,0,0
2019-03-25,-0.1937,0,0,0,0
2019-03-26,-0.2861,0,0,0,0
2019-03-27,-0.0531,0,0,0,0
2019-03-28,-0.171,0,0,0,0
2019-03-29,-0.0499,0,0,0,0
2019-04-01,-0.016,0,0,0,0
2019-04-02,-0.1836,0,0,0,0
2019-04-03,-0.3057,0,0,0,0
2019-04-04,-0.3864,0,0,0,0
2019-04-08,-0.5153,-1,-1,-1,-1
2019-04-09,-0.5464,-1,-1,-1,-1
2019-04-10,-0.3889,0,0,0,0
2019-04-11,-0.5234,-1,-1,-1,-1
2019-04-12,-0.611,-1,-1,-1,-1
2019-04-15,-0.7124,-1,-1,-1,-1
2019-04-16,-0.7644,-1,-1,-1,-1
2019-04-17,-0.7339,-1,-1,-1,-1
2019-04-18,-0.6954,-1,-1,-1,-1
2019-04-19,-0.6659,-1,-1,-1,-1
2019-04-22,-0.561,-1,-1,-1,-1
2019-04-23,-0.4489,-1,-1,0,-1
2019-04-24,-0.3688,0,0,0,0
2019-04-25,-0.4245,0,0,0,0
2019-04-26,-0.4781,-1,-1,0,-1
2019-04-29,-0.5149,-1,-1,-1,-1
2019-04-30,-0.551,-1,-1,-1,-1
2019-05-06,-0.5512,-1,-1,-1,-1
2019-05-07,-0.4631,-1,-1,-1,-1
2019-05-08,-0.3524,0,0,0,0
2019-05-09,-0.2409,0,0,0,0
2019-05-10,-0.2248,0,0,0,0
2019-05-13,-0.3055,0,0,0,0
2019-05-14,-0.2512,0,0,0,0
2019-05-15,-0.0861,0,0,0,0
2019-05-16,0.0688,0,0,0,0
2019-05-17,-0.123,0,0,0,0
2019-05-20,-0.3372,0,0,0,0
2019-05-21,-0.2666,0,0,0,0
2019-05-22,-0.2488,0,0,0,0
2019-05-23,-0.4819,-1,-1,0,-1
2019-05-24,-0.5471,-1,-1,-1,-1
2019-05-27,-0.5126,-1,-1,-1,-1
2019-05-28,-0.4699,-1,-1,-1,-1
2019-05-29,-0.3939,0,0,0,0
2019-05-30,-0.1818,0,0,0,0
2019-05-31,-0.0997,0,0,0,0
2019-06-03,0.1359,0,0,0,0
2019-06-04,-0.0176,0,0,0,0
2019-06-05,-0.0989,0,0,0,0
2019-06-06,-0.2707,0,0,0,0
2019-06-10,-0.3179,0,0,0,0
2019-06-11,-0.0138,0,0,0,0
2019-06-12,0.0069,0,0,0,0
2019-06-13,-0.1169,0,0,0,0
2019-06-14,-0.1355,0,0,0,0
2019-06-17,-0.0792,0,0,0,0
2019-06-18,0.112,0,0,0,0
2019-06-19,0.1619,0,0,0,0
2019-06-20,0.2837,0,0,0,0
2019-06-21,0.6389,1,1,1,1
2019-06-24,0.6631,1,1,1,1
2019-06-25,0.6372,1,1,1,1
2019-06-26,0.6244,1,1,1,1
2019-06-27,0.6795,1,1,1,1
2019-06-28,0.6887,1,1,1,1
2019-07-01,0.7404,1,1,1,1
2019-07-02,0.7258,1,1,1,1
2019-07-03,0.7015,1,1,1,1
2019-07-04,0.7265,1,1,1,1
2019-07-05,0.7604,1,1,1,1
2019-07-08,0.7438,1,1,1,1
2019-07-09,0.7626,1,1,1,1
2019-07-10,0.7157,1,1,1,1
2019-07-11,0.7173,1,1,1,1
2019-07-12,0.5809,1,1,1,1
2019-07-15,0.6033,1,1,1,1
2019-07-16,0.5717,1,1,1,1
2019-07-17,0.5041,1,1,1,1
2019-07-18,0.4032,1,1,1,1
2019-07-19,0.1354,1,1,0,1
2019-07-22,0.1775,1,1,0,1
2019-07-23,0.276,1,1,0,1
2019-07-24,0.2548,1,1,0,1
2019-07-25,0.1224,1,1,0,1
2019-07-26,0.1942,1,1,0,1
2019-07-29,-0.1027,0,0,0,0
2019-07-30,-0.157,0,0,0,0
2019-07-31,0.1199,0,0,0,0
2019-08-01,0.2353,0,0,0,0
2019-08-02,0.1149,0,0,0,0
2019-08-05,0.0902,0,0,0,0
2019-08-06,0.055,0,0,0,0
2019-08-07,0.0801,0,0,0,0
2019-08-08,0.1507,0,0,0,0
2019-08-09,0.0421,0,0,0,0
2019-08-12,0.1959,0,0,0,0
2019-08-13,0.3168,0,0,0,0
2019-08-14,0.459,0,0,0,0
2019-08-15,0.5867,1,1,1,1
2019-08-16,0.6792,1,1,1,1
2019-08-19,0.6845,1,1,1,1
2019-08-20,0.6756,1,1,1,1
2019-08-21,0.6341,1,1,1,1
2019-08-22,0.6212,1,1,1,1
2019-08-23,0.6071,1,1,1,1
2019-08-26,0.5374,1,1,1,1
2019-08-27,0.5736,1,1,1,1
2019-08-28,0.4882,1,1,1,1
2019-08-29,0.5071,1,1,1,1
2019-08-30,0.4536,1,1,1,1
2019-09-02,0.5399,1,1,1,1
2019-09-03,0.6014,1,1,1,1
2019-09-04,0.4453,1,1,1,1
2019-09-05,0.4528,1,1,1,1
2019-09-06,0.4168,1,1,1,1
2019-09-09,0.4649,1,1,1,1
2019-09-10,0.4267,1,1,1,1
2019-09-11,0.1079,1,1,0,1
2019-09-12,-0.0419,1,1,0,1
2019-09-16,-0.1254,0,0,0,0
2019-09-17,-0.2254,0,0,0,0
2019-09-18,-0.1723,0,0,0,0
2019-09-19,0.0554,0,0,0,0
2019-09-20,0.0492,0,0,0,0
2019-09-23,-0.0834,0,0,0,0
2019-09-24,0.0311,0,0,0,0
2019-09-25,-0.2365,0,0,0,0
2019-09-26,-0.5018,-1,-1,-1,-1
2019-09-27,-0.4484,-1,-1,0,-1
2019-09-30,-0.508,-1,-1,-1,-1
2019-10-08,-0.6733,-1,-1,-1,-1
2019-10-09,-0.709,-1,-1,-1,-1
2019-10-10,-0.6025,-1,-1,-1,-1
2019-10-11,-0.6592,-1,-1,-1,-1
2019-10-14,-0.6615,-1,-1,-1,-1
2019-10-15,-0.6775,-1,-1,-1,-1
2019-10-16,-0.6609,-1,-1,-1,-1
2019-10-17,-0.5242,-1,-1,-1,-1
2019-10-18,-0.4758,-1,-1,-1,-1
2019-10-21,-0.562,-1,-1,-1,-1
2019-10-22,-0.507,-1,-1,-1,-1
2019-10-23,-0.5607,-1,-1,-1,-1
2019-10-24,-0.6614,-1,-1,-1,-1
2019-10-25,-0.565,-1,-1,-1,-1
2019-10-28,-0.4341,-1,-1,0,-1
2019-10-29,-0.5139,-1,-1,-1,-1
2019-10-30,-0.3386,0,0,0,0
2019-10-31,-0.1034,0,0,0,0
2019-11-01,-0.3844,0,0,0,0
2019-11-04,-0.2086,0,0,0,0
2019-11-05,0.0958,0,0,0,0
2019-11-06,0.275,0,0,0,0
2019-11-07,0.0566,0,0,0,0
2019-11-08,0.3574,0,0,0,0
2019-11-11,0.3971,0,0,0,0
2019-11-12,0.4669,0,0,0,0
2019-11-13,0.7101,1,1,1,1
2019-11-14,0.6372,1,1,1,1
2019-11-15,0.5415,1,1,1,1
2019-11-18,0.5938,1,1,1,1
2019-11-19,0.6665,1,1,1,1
2019-11-20,0.6704,1,1,1,1
2019-11-21,0.6603,1,1,1,1
2019-11-22,0.3168,1,1,1,1
2019-11-25,-0.3104,0,0,0,0
2019-11-26,-0.0267,0,0,0,0
2019-11-27,-0.0499,0,0,0,0
2019-11-28,-0.0699,0,0,0,0
2019-11-29,-0.1352,0,0,0,0
2019-12-02,-0.2176,0,0,0,0
2019-12-03,-0.335,0,0,0,0
2019-12-04,-0.194,0,0,0,0
2019-12-05,0.0146,0,0,0,0
2019-12-06,0.1081,0,0,0,0
2019-12-09,-0.1539,0,0,0,0
2019-12-10,0.0284,0,0,0,0
2019-12-11,-0.4825,-1,-1,0,-1
2019-12-12,-0.5906,-1,-1,-1,-1
2019-12-13,-0.5034,-1,-1,-1,-1
2019-12-16,-0.3752,0,0,0,0
2019-12-17,-0.6069,-1,-1,-1,-1
2019-12-18,-0.6719,-1,-1,-1,-1
2019-12-19,-0.6923,-1,-1,-1,-1
2019-12-20,-0.7188,-1,-1,-1,-1
2019-12-23,-0.3293,0,0,0,0
2019-12-24,-0.4268,0,0,0,0
2019-12-25,-0.2903,0,0,0,0
2019-12-26,-0.3661,0,0,0,0
2019-12-27,-0.2768,0,0,0,0
2019-12-30,-0.2318,0,0,0,0
2019-12-31,-0.1148,0,0,0,0
2020-01-02,-0.2946,0,0,0,0
2020-01-03,-0.6471,-1,-1,-1,-1
2020-01-06,-0.5831,-1,-1,-1,-1
2020-01-07,-0.2608,0,0,0,0
2020-01-08,-0.4127,0,0,0,0
2020-01-09,0.1967,0,0,0,0
2020-01-10,0.2863,0,0,0,0
2020-01-13,0.4147,0,0,0,0
2020-01-14,0.3104,0,0,0,0
2020-01-15,0.5929,1,1,1,1
2020-01-16,0.6495,1,1,1,1
2020-01-17,0.6448,1,1,1,1
2020-01-20,0.7242,1,1,1,1
2020-01-21,0.7384,1,1,1,1
2020-01-22,0.7401,1,1,1,1
2020-01-23,0.7316,1,1,1,1
2020-02-03,0.7446,1,1,1,1
2020-02-04,0.7494,1,1,1,1
2020-02-05,0.7595,1,1,1,1
2020-02-06,0.7604,1,1,1,1
2020-02-07,0.7609,1,1,1,1
2020-02-10,0.7829,1,1,1,1
2020-02-11,0.765,1,1,1,1
2020-02-12,0.7555,1,1,1,1
2020-02-13,0.7475,1,1,1,1
2020-02-14,0.7011,1,1,1,1
2020-02-17,0.6435,1,1,1,1
2020-02-18,0.6045,1,1,1,1
2020-02-19,0.605,1,1,1,1
2020-02-20,0.5575,1,1,1,1
2020-02-21,0.5269,1,1,1,1
2020-02-24,0.5567,1,1,1,1
2020-02-25,0.5462,1,1,1,1
2020-02-26,0.069,1,1,0,1
2020-02-27,0.0159,1,1,0,1
2020-02-28,-0.0739,0,0,0,0
2020-03-02,-0.2586,0,0,0,0
2020-03-03,-0.3709,0,0,0,0
2020-03-04,-0.5678,-1,-1,-1,-1
2020-03-05,-0.5979,-1,-1,-1,-1
2020-03-06,-0.5761,-1,-1,-1,-1
2020-03-09,-0.6568,-1,-1,-1,-1
2020-03-10,-0.6423,-1,-1,-1,-1
2020-03-11,-0.6734,-1,-1,-1,-1
2020-03-12,-0.6874,-1,-1,-1,-1
2020-03-13,-0.6716,-1,-1,-1,-1
2020-03-16,-0.7046,-1,-1,-1,-1
2020-03-17,-0.7047,-1,-1,-1,-1
2020-03-18,-0.684,-1,-1,-1,-1
2020-03-19,-0.6635,-1,-1,-1,-1
2020-03-20,-0.6685,-1,-1,-1,-1
2020-03-23,-0.6896,-1,-1,-1,-1
2020-03-24,-0.6869,-1,-1,-1,-1
2020-03-25,-0.532,-1,-1,-1,-1
2020-03-26,-0.5605,-1,-1,-1,-1
2020-03-27,-0.5331,-1,-1,-1,-1
2020-03-30,-0.5462,-1,-1,-1,-1
2020-03-31,-0.4678,-1,-1,-1,-1
2020-04-01,-0.3694,0,0,0,0
2020-04-02,-0.2253,0,0,0,0
2020-04-03,-0.2465,0,0,0,0
2020-04-07,0.0788,0,0,0,0
2020-04-08,0.0025,0,0,0,0
2020-04-09,0.1244,0,0,0,0
2020-04-10,0.1511,0,0,0,0
2020-04-13,0.144,0,0,0,0
2020-04-14,0.4658,0,0,0,0
2020-04-15,0.5131,1,1,1,1
2020-04-16,0.5028,1,1,1,1
2020-04-17,0.5094,1,1,1,1
2020-04-20,0.5513,1,1,1,1
2020-04-21,0.6,1,1,1,1
2020-04-22,0.6485,1,1,1,1
2020-04-23,0.576,1,1,1,1
2020-04-24,0.5951,1,1,1,1
2020-04-27,0.6955,1,1,1,1
2020-04-28,0.7126,1,1,1,1
2020-04-29,0.5724,1,1,1,1
2020-04-30,0.5626,1,1,1,1
2020-05-06,0.5186,1,1,1,1
2020-05-07,0.5354,1,1,1,1
2020-05-08,0.384,1,1,1,1
2020-05-11,0.2561,1,1,1,1
2020-05-12,0.3507,1,1,1,1
2020-05-13,0.5589,1,1,1,1
2020-05-14,0.5585,1,1,1,1
2020-05-15,0.397,1,1,1,1
2020-05-18,0.387,1,1,1,1
2020-05-19,0.3896,1,1,1,1
2020-05-20,0.2214,1,1,1,1
2020-05-21,0.1885,1,1,1,1
2020-05-22,0.165,1,1,1,1
2020-05-25,-0.0706,0,0,0,0
2020-05-26,0.1078,0,0,0,0
2020-05-27,-0.16,0,0,0,0
2020-05-28,-0.361,0,0,0,0
2020-05-29,-0.2724,0,0,0,0
2020-06-01,0.2366,0,0,0,0
2020-06-02,-0.1137,0,0,0,0
2020-06-03,-0.4513,-1,-1,0,-1
2020-06-04,-0.5047,-1,-1,-1,-1
2020-06-05,-0.4413,-1,-1,0,-1
2020-06-08,-0.43,-1,-1,0,-1
2020-06-09,-0.5124,-1,-1,-1,-1
2020-06-10,-0.4521,-1,-1,-1,-1
2020-06-11,-0.3245,0,0,0,0
2020-06-12,-0.1594,0,0,0,0
2020-06-15,-0.1808,0,0,0,0
2020-06-16,-0.2136,0,0,0,0
2020-06-17,0.0164,0,0,0,0
2020-06-18,-0.099,0,0,0,0
2020-06-19,0.4487,0,0,0,0
2020-06-22,0.5054,1,1,1,1
2020-06-23,0.5706,1,1,1,1
2020-06-24,0.6412,1,1,1,1
2020-06-29,0.6837,1,1,1,1
2020-06-30,0.6806,1,1,1,1
2020-07-01,0.5121,1,1,1,1
2020-07-02,0.2562,1,1,1,1
2020-07-03,-0.0399,1,1,0,1
2020-07-06,-0.7251,-1,-1,-1,-1
2020-07-07,-0.3418,0,0,0,0
2020-07-08,-0.1759,0,0,0,0
2020-07-09,0.0712,0,0,0,0
2020-07-10,0.2622,0,0,0,0
2020-07-13,0.2787,0,0,0,0
2020-07-14,0.2097,0,0,0,0
2020-07-15,0.2549,0,0,0,0
2020-07-16,-0.1379,0,0,0,0
2020-07-17,0.1052,0,0,0,0
2020-07-20,-0.2917,0,0,0,0
2020-07-21,-0.2338,0,0,0,0
2020-07-22,-0.1463,0,0,0,0
2020-07-23,-0.1413,0,0,0,0
2020-07-24,-0.4048,0,0,0,0
2020-07-27,-0.3523,0,0,0,0
2020-07-28,-0.4033,0,0,0,0
2020-07-29,-0.0616,0,0,0,0
2020-07-30,0.3759,0,0,0,0
2020-07-31,0.5619,1,1,1,1
2020-08-03,0.673,1,1,1,1
2020-08-04,0.421,1,1,1,1
2020-08-05,0.5597,1,1,1,1
2020-08-06,0.0293,1,1,0,1
2020-08-07,-0.4032,0,0,0,0
2020-08-10,-0.5154,-1,-1,-1,-1
2020-08-11,-0.4848,-1,-1,-1,-1
2020-08-12,-0.6287,-1,-1,-1,-1
2020-08-13,-0.5144,-1,-1,-1,-1
2020-08-14,-0.5403,-1,-1,-1,-1
2020-08-17,-0.4173,-1,-1,0,-1
2020-08-18,-0.4636,-1,-1,0,-1
2020-08-19,-0.5845,-1,-1,-1,-1
2020-08-20,-0.5924,-1,-1,-1,-1
2020-08-21,-0.3653,0,0,0,0
2020-08-24,-0.3306,0,0,0,0
2020-08-25,-0.3756,0,0,0,0
2020-08-26,-0.4646,-1,-1,0,-1
2020-08-27,-0.3159,0,0,0,0
2020-08-28,-0.3883,0,0,0,0
2020-08-31,-0.3486,0,0,0,0
2020-09-01,-0.1057,0,0,0,0
2020-09-02,-0.1915,0,0,0,0
2020-09-03,-0.0737,0,0,0,0
2020-09-04,-0.1472,0,0,0,0
2020-09-07,-0.2891,0,0,0,0
2020-09-08,-0.4606,-1,-1,0,-1
2020-09-09,-0.5499,-1,-1,-1,-1
2020-09-10,-0.3634,0,0,0,0
2020-09-11,-0.1863,0,0,0,0
2020-09-14,0.0287,0,0,0,0
2020-09-15,-0.0581,0,0,0,0
2020-09-16,-0.133,0,0,0,0
2020-09-17,-0.2702,0,0,0,0
2020-09-18,-0.515,-1,-1,-1,-1
2020-09-21,-0.6489,-1,-1,-1,-1
2020-09-22,-0.681,-1,-1,-1,-1
2020-09-23,-0.5138,-1,-1,-1,-1
2020-09-24,-0.5422,-1,-1,-1,-1
2020-09-25,-0.3945,0,0,0,0
2020-09-28,-0.369,0,0,0,0
2020-09-29,-0.2848,0,0,0,0
2020-09-30,-0.2385,0,0,0,0
2020-10-09,0.016,0,0,0,0
2020-10-12,0.3042,0,0,0,0
2020-10-13,0.6945,1,1,1,1
2020-10-14,0.7614,1,1,1,1
2020-10-15,0.785,1,1,1,1
2020-10-16,0.6057,1,1,1,1
2020-10-19,0.2082,1,1,1,1
2020-10-20,0.3833,1,1,1,1
2020-10-21,-0.0206,1,1,0,1
2020-10-22,0.1848,1,1,0,1
2020-10-23,-0.2147,0,0,0,0
2020-10-26,0.2446,0,0,0,0
2020-10-27,0.5069,1,1,1,1
2020-10-28,0.6531,1,1,1,1
2020-10-29,0.565,1,1,1,1
2020-10-30,0.5357,1,1,1,1
2020-11-02,0.4874,1,1,1,1
2020-11-03,0.3907,1,1,1,1
2020-11-04,0.1934,1,1,1,1
2020-11-05,0.0481,1,1,0,1
2020-11-06,-0.3874,0,0,0,0
2020-11-09,-0.3555,0,0,0,0
2020-11-10,-0.5211,-1,-1,-1,-1
2020-11-11,-0.6471,-1,-1,-1,-1
2020-11-12,-0.4592,-1,-1,-1,-1
2020-11-13,-0.0496,0,0,0,0
2020-11-16,-0.0612,0,0,0,0
2020-11-17,-0.557,-1,-1,-1,-1
2020-11-18,-0.6057,-1,-1,-1,-1
2020-11-19,-0.3941,0,0,0,0
2020-11-20,0.1218,0,0,0,0
2020-11-23,-0.2467,0,0,0,0
2020-11-24,-0.4265,0,0,0,0
2020-11-25,-0.6869,-1,-1,-1,-1
2020-11-26,-0.7168,-1,-1,-1,-1
2020-11-27,-0.7151,-1,-1,-1,-1
2020-11-30,-0.6956,-1,-1,-1,-1
2020-12-01,-0.6984,-1,-1,-1,-1
2020-12-02,-0.685,-1,-1,-1,-1
2020-12-03,-0.6249,-1,-1,-1,-1
2020-12-04,-0.3028,0,0,0,0
2020-12-07,-0.044,0,0,0,0
2020-12-08,0.1592,0,0,0,0
2020-12-09,0.4124,0,0,0,0
2020-12-10,0.3905,0,0,0,0
2020-12-11,0.2858,0,0,0,0
2020-12-14,0.5155,1,1,1,1
2020-12-15,0.6943,1,1,1,1
2020-12-16,0.7662,1,1,1,1
2020-12-17,0.731,1,1,1,1
2020-12-18,0.7298,1,1,1,1
2020-12-21,0.7529,1,1,1,1
2020-12-22,0.7641,1,1,1,1
2020-12-23,0.7804,1,1,1,1
2020-12-24,0.7738,1,1,1,1
2020-12-25,0.8075,1,1,1,1
2020-12-28,0.8181,1,1,1,1
2020-12-29,0.7963,1,1,1,1
2020-12-30,0.8201,1,1,1,1
2020-12-31,0.762,1,1,1,1
2021-01-04,0.7084,1,1,1,1
2021-01-05,0.7079,1,1,1,1
2021-01-06,0.7123,1,1,1,1
2021-01-07,0.7441,1,1,1,1
2021-01-08,0.6773,1,1,1,1
2021-01-11,0.6434,1,1,1,1
2021-01-12,0.574,1,1,1,1
2021-01-13,0.409,1,1,1,1
2021-01-14,0.1946,1,1,1,1
2021-01-15,0.0877,1,1,0,1
2021-01-18,0.1025,1,1,0,1
2021-01-19,-0.2551,0,0,0,0
2021-01-20,-0.1119,0,0,0,0
2021-01-21,0.0184,0,0,0,0
2021-01-22,0.2744,0,0,0,0
2021-01-25,0.3125,0,0,0,0
2021-01-26,0.184,0,0,0,0
2021-01-27,0.1462,0,0,0,0
2021-01-28,-0.2253,0,0,0,0
2021-01-29,-0.3068,0,0,0,0
2021-02-01,-0.626,-1,-1,-1,-1
2021-02-02,-0.5999,-1,-1,-1,-1
2021-02-03,-0.6382,-1,-1,-1,-1
2021-02-04,-0.7557,-1,-1,-1,-1
2021-02-05,-0.6676,-1,-1,-1,-1
2021-02-08,-0.5979,-1,-1,-1,-1
2021-02-09,-0.5802,-1,-1,-1,-1
2021-02-10,-0.1021,0,0,0,0
2021-02-18,-0.4985,-1,-1,0,-1
2021-02-19,-0.4845,-1,-1,0,-1
2021-02-22,-0.6867,-1,-1,-1,-1
2021-02-23,-0.6484,-1,-1,-1,-1
2021-02-24,-0.7291,-1,-1,-1,-1
2021-02-25,-0.7367,-1,-1,-1,-1
2021-02-26,-0.737,-1,-1,-1,-1
2021-03-01,-0.73,-1,-1,-1,-1
2021-03-02,-0.693,-1,-1,-1,-1
2021-03-03,-0.7104,-1,-1,-1,-1
2021-03-04,-0.713,-1,-1,-1,-1
2021-03-05,-0.6992,-1,-1,-1,-1
2021-03-08,-0.7133,-1,-1,-1,-1
2021-03-09,-0.7063,-1,-1,-1,-1
2021-03-10,-0.6898,-1,-1,-1,-1
2021-03-11,-0.6856,-1,-1,-1,-1
2021-03-12,-0.6875,-1,-1,-1,-1
2021-03-15,-0.7151,-1,-1,-1,-1
2021-03-16,-0.7146,-1,-1,-1,-1
2021-03-17,-0.7178,-1,-1,-1,-1
2021-03-18,-0.637,-1,-1,-1,-1
2021-03-19,-0.599,-1,-1,-1,-1
2021-03-22,-0.4822,-1,-1,-1,-1
2021-03-23,-0.4362,-1,-1,0,-1
2021-03-24,-0.2971,0,0,0,0
2021-03-25,-0.0883,0,0,0,0
2021-03-26,0.041,0,0,0,0
2021-03-29,-0.0615,0,0,0,0
2021-03-30,0.0667,0,0,0,0
2021-03-31,0.1477,0,0,0,0
2021-04-01,0.4597,0,0,0,0
2021-04-02,0.512,1,1,1,1
2021-04-06,0.5797,1,1,1,1
2021-04-07,0.5569,1,1,1,1
2021-04-08,0.5493,1,1,1,1
2021-04-09,0.4907,1,1,1,1
2021-04-12,0.5031,1,1,1,1
2021-04-13,0.6685,1,1,1,1
2021-04-14,0.673,1,1,1,1
2021-04-15,0.6374,1,1,1,1
2021-04-16,0.5799,1,1,1,1
2021-04-19,0.6524,1,1,1,1
2021-04-20,0.6715,1,1,1,1
2021-04-21,0.6633,1,1,1,1
2021-04-22,0.6532,1,1,1,1
2021-04-23,0.6454,1,1,1,1
2021-04-26,0.59,1,1,1,1
2021-04-27,0.605,1,1,1,1
2021-04-28,0.5747,1,1,1,1
2021-04-29,0.5607,1,1,1,1
2021-04-30,0.5484,1,1,1,1
2021-05-06,0.3281,1,1,1,1
2021-05-07,0.1682,1,1,1,1
2021-05-10,0.1981,1,1,1,1
2021-05-11,0.1955,1,1,1,1
2021-05-12,0.281,1,1,1,1
2021-05-13,0.3678,1,1,1,1
2021-05-14,0.2975,1,1,1,1
2021-05-17,0.4272,1,1,1,1
2021-05-18,0.3967,1,1,1,1
2021-05-19,0.5585,1,1,1,1
2021-05-20,0.4555,1,1,1,1
2021-05-21,0.2621,1,1,1,1
2021-05-24,0.3041,1,1,1,1
2021-05-25,0.3379,1,1,1,1
2021-05-26,-0.1057,0,0,0,0
2021-05-27,0.0732,0,0,0,0
2021-05-28,-0.186,0,0,0,0
2021-05-31,-0.0964,0,0,0,0
2021-06-01,0.0823,0,0,0,0
2021-06-02,-0.3657,0,0,0,0
2021-06-03,0.1364,0,0,0,0
2021-06-04,0.6081,1,1,1,1
2021-06-07,0.605,1,1,1,1
2021-06-08,0.2706,1,1,1,1
2021-06-09,0.1894,1,1,1,1
2021-06-10,0.4081,1,1,1,1
2021-06-11,0.1847,1,1,1,1
2021-06-15,-0.093,0,0,0,0
2021-06-16,-0.5558,-1,-1,-1,-1
2021-06-17,-0.3644,0,0,0,0
2021-06-18,-0.334,0,0,0,0
2021-06-21,0.2816,0,0,0,0
2021-06-22,0.0322,0,0,0,0
2021-06-23,-0.2693,0,0,0,0
2021-06-24,-0.0598,0,0,0,0
2021-06-25,-0.0862,0,0,0,0
2021-06-28,0.4849,0,0,0,0
2021-06-29,0.2836,0,0,0,0
2021-06-30,0.3833,0,0,0,0
2021-07-01,0.4747,0,0,0,0
2021-07-02,0.0034,0,0,0,0
2021-07-05,-0.1351,0,0,0,0
2021-07-06,-0.6036,-1,-1,-1,-1
2021-07-07,0.3355,0,0,0,0
2021-07-08,0.6105,1,1,1,1
2021-07-09,0.0056,1,1,0,1
2021-07-12,0.5059,1,1,1,1
2021-07-13,0.1746,1,1,1,1
2021-07-14,0.6323,1,1,1,1
2021-07-15,0.4323,1,1,1,1
2021-07-16,-0.186,0,0,0,0
2021-07-19,-0.288,0,0,0,0
2021-07-20,0.023,0,0,0,0
2021-07-21,0.4295,0,0,0,0
2021-07-22,0.1407,0,0,0,0
2021-07-23,-0.3104,0,0,0,0
2021-07-26,-0.6358,-1,-1,-1,-1
2021-07-27,-0.6846,-1,-1,-1,-1
2021-07-28,-0.6316,-1,-1,-1,-1
2021-07-29,-0.3735,0,0,0,0
2021-07-30,-0.26,0,0,0,0
2021-08-02,-0.084,0,0,0,0
2021-08-03,0.4556,0,0,0,0
2021-08-04,0.2413,0,0,0,0
2021-08-05,-0.2153,0,0,0,0
2021-08-06,-0.4049,0,0,0,0
2021-08-09,-0.6622,-1,-1,-1,-1
2021-08-10,-0.4959,-1,-1,-1,-1
2021-08-11,-0.6123,-1,-1,-1,-1
2021-08-12,-0.7007,-1,-1,-1,-1
2021-08-13,-0.6319,-1,-1,-1,-1
2021-08-16,-0.6261,-1,-1,-1,-1
2021-08-17,-0.6766,-1,-1,-1,-1
2021-08-18,-0.714,-1,-1,-1,-1
2021-08-19,-0.5577,-1,-1,-1,-1
2021-08-20,-0.5937,-1,-1,-1,-1
2021-08-23,-0.5226,-1,-1,-1,-1
2021-08-24,-0.4893,-1,-1,-1,-1
2021-08-25,-0.5979,-1,-1,-1,-1
2021-08-26,-0.6996,-1,-1,-1,-1
2021-08-27,-0.6725,-1,-1,-1,-1
2021-08-30,-0.6569,-1,-1,-1,-1
2021-08-31,-0.6985,-1,-1,-1,-1
2021-09-01,-0.7112,-1,-1,-1,-1
2021-09-02,-0.7179,-1,-1,-1,-1
2021-09-03,-0.705,-1,-1,-1,-1
2021-09-06,-0.6381,-1,-1,-1,-1
2021-09-07,-0.6615,-1,-1,-1,-1
2021-09-08,-0.6381,-1,-1,-1,-1
2021-09-09,-0.6126,-1,-1,-1,-1
2021-09-10,-0.5386,-1,-1,-1,-1
2021-09-13,-0.5447,-1,-1,-1,-1
2021-09-14,-0.2993,0,0,0,0
2021-09-15,-0.1979,0,0,0,0
2021-09-16,-0.2904,0,0,0,0
2021-09-17,0.0751,0,0,0,0
2021-09-22,-0.1577,0,0,0,0
2021-09-23,-0.2133,0,0,0,0
2021-09-24,0.0154,0,0,0,0
2021-09-27,0.4836,0,0,0,0
2021-09-28,0.3705,0,0,0,0
2021-09-29,0.3994,0,0,0,0
2021-09-30,0.6463,1,1,1,1
2021-10-08,0.6818,1,1,1,1
2021-10-11,0.7222,1,1,1,1
2021-10-12,0.7285,1,1,1,1
2021-10-13,0.7168,1,1,1,1
2021-10-14,0.718,1,1,1,1
2021-10-15,0.718,1,1,1,1
2021-10-18,0.7023,1,1,1,1
2021-10-19,0.6913,1,1,1,1
2021-10-20,0.7001,1,1,1,1
2021-10-21,0.6388,1,1,1,1
2021-10-22,0.6632,1,1,1,1
2021-10-25,0.6589,1,1,1,1
2021-10-26,0.6145,1,1,1,1
2021-10-27,0.6289,1,1,1,1
2021-10-28,0.6307,1,1,1,1
2021-10-29,0.5946,1,1,1,1
2021-11-01,0.3549,1,1,1,1
2021-11-02,0.5432,1,1,1,1
2021-11-03,0.4821,1,1,1,1
2021-11-04,0.4362,1,1,1,1
2021-11-05,0.4835,1,1,1,1
2021-11-08,0.5134,1,1,1,1
2021-11-09,0.5193,1,1,1,1
2021-11-10,0.3337,1,1,1,1
2021-11-11,0.1896,1,1,1,1
2021-11-12,0.1471,1,1,0,1
2021-11-15,0.2677,1,1,0,1
2021-11-16,0.3278,1,1,0,1
2021-11-17,0.3021,1,1,0,1
2021-11-18,0.3694,1,1,0,1
2021-11-19,0.1794,1,1,0,1
2021-11-22,0.2877,1,1,0,1
2021-11-23,0.1536,1,1,0,1
2021-11-24,0.1486,1,1,0,1
2021-11-25,-0.0177,1,1,0,1
2021-11-26,-0.2686,0,0,0,0
2021-11-29,0.1214,0,0,0,0
2021-11-30,-0.4193,0,0,0,0
2021-12-01,-0.5396,-1,-1,-1,-1
2021-12-02,-0.695,-1,-1,-1,-1
2021-12-03,-0.7107,-1,-1,-1,-1
2021-12-06,-0.7223,-1,-1,-1,-1
2021-12-07,-0.7242,-1,-1,-1,-1
2021-12-08,-0.6745,-1,-1,-1,-1
2021-12-09,-0.5133,-1,-1,-1,-1
2021-12-10,-0.5116,-1,-1,-1,-1
2021-12-13,-0.3731,0,0,0,0
2021-12-14,-0.4166,0,0,0,0
2021-12-15,-0.5975,-1,-1,-1,-1
2021-12-16,-0.5692,-1,-1,-1,-1
2021-12-17,-0.6432,-1,-1,-1,-1
2021-12-20,-0.7089,-1,-1,-1,-1
2021-12-21,-0.6827,-1,-1,-1,-1
2021-12-22,-0.6145,-1,-1,-1,-1
2021-12-23,-0.6402,-1,-1,-1,-1
2021-12-24,-0.598,-1,-1,-1,-1
2021-12-27,-0.6303,-1,-1,-1,-1
2021-12-28,-0.5651,-1,-1,-1,-1
2021-12-29,-0.4946,-1,-1,-1,-1
2021-12-30,-0.4081,-1,-1,0,-1
2021-12-31,-0.3816,0,0,0,0
2022-01-04,-0.4308,0,0,0,0
2022-01-05,-0.5611,-1,-1,-1,-1
2022-01-06,-0.6569,-1,-1,-1,-1
2022-01-07,-0.6891,-1,-1,-1,-1
2022-01-10,-0.6914,-1,-1,-1,-1
2022-01-11,-0.7066,-1,-1,-1,-1
2022-01-12,-0.6966,-1,-1,-1,-1
2022-01-13,-0.6851,-1,-1,-1,-1
2022-01-14,-0.5817,-1,-1,-1,-1
2022-01-17,-0.4296,-1,-1,0,-1
2022-01-18,-0.4529,-1,-1,0,-1
2022-01-19,-0.5143,-1,-1,-1,-1
2022-01-20,-0.6412,-1,-1,-1,-1
2022-01-21,-0.6,-1,-1,-1,-1
2022-01-24,-0.5823,-1,-1,-1,-1
2022-01-25,-0.4167,-1,-1,0,-1
2022-01-26,-0.58,-1,-1,-1,-1
2022-01-27,-0.6528,-1,-1,-1,-1
2022-01-28,-0.679,-1,-1,-1,-1
2022-02-07,-0.772,-1,-1,-1,-1
2022-02-08,-0.8278,-1,-1,-1,-1
2022-02-09,-0.6874,-1,-1,-1,-1
2022-02-10,-0.7092,-1,-1,-1,-1
2022-02-11,-0.6913,-1,-1,-1,-1
2022-02-14,-0.4479,-1,-1,0,-1
2022-02-15,0.3712,0,0,0,0
2022-02-16,-0.0578,0,0,0,0
2022-02-17,0.4134,0,0,0,0
2022-02-18,-0.3201,0,0,0,0
2022-02-21,-0.5164,-1,-1,-1,-1
2022-02-22,-0.3179,0,0,0,0
2022-02-23,0.4962,0,0,0,0
2022-02-24,0.5827,1,1,1,1
2022-02-25,0.6701,1,1,1,1
2022-02-28,0.6357,1,1,1,1
2022-03-01,0.5127,1,1,1,1
2022-03-02,0.3759,1,1,1,1
2022-03-03,0.1253,1,1,0,1
2022-03-04,0.1566,1,1,0,1
2022-03-07,0.1222,1,1,0,1
2022-03-08,0.692,1,1,1,1
2022-03-09,0.7014,1,1,1,1
2022-03-10,0.7299,1,1,1,1
2022-03-11,0.7331,1,1,1,1
2022-03-14,0.7045,1,1,1,1
2022-03-15,0.6797,1,1,1,1
2022-03-16,0.6954,1,1,1,1
2022-03-17,0.6896,1,1,1,1
2022-03-18,0.6562,1,1,1,1
2022-03-21,0.6851,1,1,1,1
2022-03-22,0.5899,1,1,1,1
2022-03-23,0.5123,1,1,1,1
2022-03-24,0.4248,1,1,1,1
2022-03-25,0.0032,1,1,0,1
2022-03-28,-0.3148,0,0,0,0
2022-03-29,-0.3448,0,0,0,0
2022-03-30,0.0075,0,0,0,0
2022-03-31,0.131,0,0,0,0
2022-04-01,0.0486,0,0,0,0
2022-04-06,-0.0216,0,0,0,0
2022-04-07,-0.285,0,0,0,0
2022-04-08,-0.5309,-1,-1,-1,-1
2022-04-11,-0.6886,-1,-1,-1,-1
2022-04-12,-0.6316,-1,-1,-1,-1
2022-04-13,-0.6338,-1,-1,-1,-1
2022-04-14,-0.6822,-1,-1,-1,-1
2022-04-15,-0.6963,-1,-1,-1,-1
2022-04-18,-0.6498,-1,-1,-1,-1
2022-04-19,-0.6035,-1,-1,-1,-1
2022-04-20,-0.613,-1,-1,-1,-1
2022-04-21,-0.4991,-1,-1,-1,-1
2022-04-22,-0.6367,-1,-1,-1,-1
2022-04-25,-0.6323,-1,-1,-1,-1
2022-04-26,-0.4704,-1,-1,-1,-1
2022-04-27,0.0814,0,0,0,0
2022-04-28,0.0044,0,0,0,0
2022-04-29,0.0335,0,0,0,0
2022-05-05,0.2357,0,0,0,0
2022-05-06,0.2439,0,0,0,0
2022-05-09,0.4584,0,0,0,0
2022-05-10,0.5179,1,1,1,1
2022-05-11,0.656,1,1,1,1
2022-05-12,0.7013,1,1,1,1
2022-05-13,0.6299,1,1,1,1
2022-05-16,0.6422,1,1,1,1
2022-05-17,0.6526,1,1,1,1
2022-05-18,0.6669,1,1,1,1
2022-05-19,0.5836,1,1,1,1
2022-05-20,0.6501,1,1,1,1
2022-05-23,0.6403,1,1,1,1
2022-05-24,0.6222,1,1,1,1
2022-05-25,0.6398,1,1,1,1
2022-05-26,0.641,1,1,1,1
2022-05-27,0.5939,1,1,1,1
2022-05-30,0.5188,1,1,1,1
2022-05-31,0.6121,1,1,1,1
2022-06-01,0.5413,1,1,1,1
2022-06-02,0.598,1,1,1,1
2022-06-06,0.6501,1,1,1,1
2022-06-07,0.6374,1,1,1,1
2022-06-08,0.5957,1,1,1,1
2022-06-09,0.3682,1,1,1,1
2022-06-10,0.363,1,1,1,1
2022-06-13,0.486,1,1,1,1
2022-06-14,0.4136,1,1,1,1
2022-06-15,0.2524,1,1,1,1
2022-06-16,0.3725,1,1,1,1
2022-06-17,0.4686,1,1,1,1
2022-06-20,0.5362,1,1,1,1
2022-06-21,0.4707,1,1,1,1
2022-06-22,0.5399,1,1,1,1
2022-06-23,0.609,1,1,1,1
2022-06-24,0.6723,1,1,1,1
2022-06-27,0.6857,1,1,1,1
2022-06-28,0.6561,1,1,1,1
2022-06-29,0.3739,1,1,1,1
2022-06-30,0.5165,1,1,1,1
2022-07-01,0.3551,1,1,1,1
2022-07-04,0.0878,1,1,0,1
2022-07-05,0.0881,1,1,0,1
2022-07-06,0.0592,1,1,0,1
2022-07-07,0.4907,1,1,0,1
2022-07-08,0.2555,1,1,0,1
2022-07-11,-0.2303,0,0,0,0
2022-07-12,-0.2901,0,0,0,0
2022-07-13,0.1781,0,0,0,0
2022-07-14,0.24,0,0,0,0
2022-07-15,0.0109,0,0,0,0
2022-07-18,-0.5736,-1,-1,-1,-1
2022-07-19,-0.6054,-1,-1,-1,-1
2022-07-20,-0.559,-1,-1,-1,-1
2022-07-21,-0.5104,-1,-1,-1,-1
2022-07-22,-0.683,-1,-1,-1,-1
2022-07-25,-0.7085,-1,-1,-1,-1
2022-07-26,-0.7044,-1,-1,-1,-1
2022-07-27,-0.6799,-1,-1,-1,-1
2022-07-28,-0.7559,-1,-1,-1,-1
2022-07-29,-0.716,-1,-1,-1,-1
2022-08-01,-0.6917,-1,-1,-1,-1
2022-08-02,-0.6359,-1,-1,-1,-1
2022-08-03,-0.6359,-1,-1,-1,-1
2022-08-04,-0.6098,-1,-1,-1,-1
2022-08-05,-0.4945,-1,-1,-1,-1
2022-08-08,-0.3345,0,0,0,0
2022-08-09,0.0782,0,0,0,0
2022-08-10,-0.267,0,0,0,0
2022-08-11,-0.4943,-1,-1,0,-1
2022-08-12,-0.6505,-1,-1,-1,-1
2022-08-15,-0.4697,-1,-1,-1,-1
2022-08-16,-0.3808,0,0,0,0
2022-08-17,-0.4374,0,0,0,0
2022-08-18,-0.4539,-1,-1,0,-1
2022-08-19,-0.6074,-1,-1,-1,-1
2022-08-22,-0.4119,-1,-1,0,-1
2022-08-23,-0.3933,0,0,0,0
2022-08-24,-0.5216,-1,-1,-1,-1
2022-08-25,-0.6053,-1,-1,-1,-1
2022-08-26,-0.542,-1,-1,-1,-1
2022-08-29,-0.6826,-1,-1,-1,-1
2022-08-30,-0.6969,-1,-1,-1,-1
2022-08-31,-0.7139,-1,-1,-1,-1
2022-09-01,-0.7184,-1,-1,-1,-1
2022-09-02,-0.7202,-1,-1,-1,-1
2022-09-05,-0.7202,-1,-1,-1,-1
2022-09-06,-0.7179,-1,-1,-1,-1
2022-09-07,-0.6961,-1,-1,-1,-1
2022-09-08,-0.7061,-1,-1,-1,-1
2022-09-09,-0.6885,-1,-1,-1,-1
2022-09-13,-0.6878,-1,-1,-1,-1
2022-09-14,-0.6713,-1,-1,-1,-1
2022-09-15,-0.6989,-1,-1,-1,-1
2022-09-16,-0.6867,-1,-1,-1,-1
2022-09-19,-0.6179,-1,-1,-1,-1
2022-09-20,-0.5763,-1,-1,-1,-1
2022-09-21,-0.6353,-1,-1,-1,-1
2022-09-22,-0.5737,-1,-1,-1,-1
2022-09-23,-0.4826,-1,-1,-1,-1
2022-09-26,-0.2726,0,0,0,0
2022-09-27,-0.0682,0,0,0,0
2022-09-28,-0.1867,0,0,0,0
2022-09-29,0.1801,0,0,0,0
2022-09-30,0.0299,0,0,0,0
2022-10-10,-0.2816,0,0,0,0
2022-10-11,-0.0074,0,0,0,0
2022-10-12,0.0922,0,0,0,0
2022-10-13,0.1138,0,0,0,0
2022-10-14,0.462,0,0,0,0
2022-10-17,0.5205,1,1,1,1
2022-10-18,0.5007,1,1,1,1
2022-10-19,0.4872,1,1,1,1
2022-10-20,0.6604,1,1,1,1
2022-10-21,0.5754,1,1,1,1
2022-10-24,0.6154,1,1,1,1
2022-10-25,0.5301,1,1,1,1
2022-10-26,0.7033,1,1,1,1
2022-10-27,0.687,1,1,1,1
2022-10-28,0.6726,1,1,1,1
2022-10-31,0.636,1,1,1,1
2022-11-01,0.6566,1,1,1,1
2022-11-02,0.695,1,1,1,1
2022-11-03,0.6631,1,1,1,1
2022-11-04,0.7096,1,1,1,1
2022-11-07,0.7203,1,1,1,1
2022-11-08,0.7008,1,1,1,1
2022-11-09,0.6512,1,1,1,1
2022-11-10,0.5331,1,1,1,1
2022-11-11,0.331,1,1,1,1
2022-11-14,0.135,1,1,0,1
2022-11-15,0.2715,1,1,0,1
2022-11-16,0.2465,1,1,0,1
2022-11-17,0.1607,1,1,0,1
2022-11-18,0.2315,1,1,0,1
2022-11-21,0.1953,1,1,0,1
2022-11-22,-0.1394,0,0,0,0
2022-11-23,-0.4789,-1,-1,0,-1
2022-11-24,-0.4349,-1,-1,0,-1
2022-11-25,-0.6202,-1,-1,-1,-1
2022-11-28,-0.661,-1,-1,-1,-1
2022-11-29,-0.7089,-1,-1,-1,-1
2022-11-30,-0.7099,-1,-1,-1,-1
2022-12-01,-0.682,-1,-1,-1,-1
2022-12-02,-0.6913,-1,-1,-1,-1
2022-12-05,-0.7132,-1,-1,-1,-1
2022-12-06,-0.6768,-1,-1,-1,-1
2022-12-07,-0.5937,-1,-1,-1,-1
2022-12-08,-0.5358,-1,-1,-1,-1
2022-12-09,-0.4837,-1,-1,-1,-1
2022-12-12,-0.1909,0,0,0,0
2022-12-13,-0.4653,-1,-1,0,-1
2022-12-14,-0.417,-1,-1,0,-1
2022-12-15,-0.1542,0,0,0,0
2022-12-16,-0.3483,0,0,0,0
2022-12-19,-0.2236,0,0,0,0
2022-12-20,0.0455,0,0,0,0
2022-12-21,0.0746,0,0,0,0
2022-12-22,0.075,0,0,0,0
2022-12-23,0.3385,0,0,0,0
2022-12-26,0.5102,1,1,1,1
2022-12-27,0.5502,1,1,1,1
2022-12-28,0.4512,1,1,1,1
2022-12-29,0.3723,1,1,1,1
2022-12-30,0.2907,1,1,1,1
2023-01-03,0.5569,1,1,1,1
2023-01-04,0.1881,1,1,1,1
2023-01-05,0.3512,1,1,1,1
2023-01-06,0.5428,1,1,1,1
2023-01-09,0.5695,1,1,1,1
2023-01-10,0.5762,1,1,1,1
2023-01-11,0.5684,1,1,1,1
2023-01-12,0.5729,1,1,1,1
2023-01-13,0.4005,1,1,1,1
2023-01-16,0.6341,1,1,1,1
2023-01-17,0.6135,1,1,1,1
2023-01-18,0.604,1,1,1,1
2023-01-19,0.6192,1,1,1,1
2023-01-20,0.6104,1,1,1,1
2023-01-30,0.6642,1,1,1,1
2023-01-31,0.514,1,1,1,1
2023-02-01,0.5368,1,1,1,1
2023-02-02,0.6014,1,1,1,1
2023-02-03,0.5376,1,1,1,1
2023-02-06,0.5734,1,1,1,1
2023-02-07,0.5059,1,1,1,1
2023-02-08,0.6286,1,1,1,1
2023-02-09,0.5591,1,1,1,1
2023-02-10,0.3,1,1,1,1
2023-02-13,0.2918,1,1,1,1
2023-02-14,-0.1316,0,0,0,0
2023-02-15,0.2073,0,0,0,0
2023-02-16,-0.0769,0,0,0,0
2023-02-17,-0.2962,0,0,0,0
2023-02-20,-0.6374,-1,-1,-1,-1
2023-02-21,-0.6977,-1,-1,-1,-1
2023-02-22,-0.6897,-1,-1,-1,-1
2023-02-23,-0.694,-1,-1,-1,-1
2023-02-24,-0.6937,-1,-1,-1,-1
2023-02-27,-0.7147,-1,-1,-1,-1
2023-02-28,-0.6957,-1,-1,-1,-1
2023-03-01,-0.7187,-1,-1,-1,-1
2023-03-02,-0.7261,-1,-1,-1,-1
2023-03-03,-0.7223,-1,-1,-1,-1
2023-03-06,-0.6956,-1,-1,-1,-1
2023-03-07,-0.6697,-1,-1,-1,-1
2023-03-08,-0.6639,-1,-1,-1,-1
2023-03-09,-0.6678,-1,-1,-1,-1
2023-03-10,-0.5899,-1,-1,-1,-1
2023-03-13,-0.6545,-1,-1,-1,-1
2023-03-14,-0.5781,-1,-1,-1,-1
2023-03-15,-0.6392,-1,-1,-1,-1
2023-03-16,-0.655,-1,-1,-1,-1
2023-03-17,-0.633,-1,-1,-1,-1
2023-03-20,-0.4732,-1,-1,-1,-1
2023-03-21,-0.3011,0,0,0,0
2023-03-22,-0.3326,0,0,0,0
2023-03-23,-0.2589,0,0,0,0
2023-03-24,-0.0542,0,0,0,0
2023-03-27,0.1163,0,0,0,0
2023-03-28,-0.06,0,0,0,0
2023-03-29,0.2705,0,0,0,0
2023-03-30,0.4625,0,0,0,0
2023-03-31,0.5342,1,1,1,1
2023-04-03,0.4632,1,1,1,1
2023-04-04,0.4085,1,1,1,1
2023-04-06,0.5709,1,1,1,1
2023-04-07,0.5651,1,1,1,1
2023-04-10,0.4568,1,1,1,1
2023-04-11,0.5549,1,1,1,1
2023-04-12,0.3156,1,1,1,1
2023-04-13,0.4723,1,1,1,1
2023-04-14,0.6448,1,1,1,1
2023-04-17,0.6284,1,1,1,1
2023-04-18,0.4242,1,1,1,1
2023-04-19,0.095,1,1,0,1
2023-04-20,-0.1177,0,0,0,0
2023-04-21,-0.3014,0,0,0,0
2023-04-24,-0.6398,-1,-1,-1,-1
2023-04-25,-0.7303,-1,-1,-1,-1
2023-04-26,-0.5384,-1,-1,-1,-1
2023-04-27,-0.5874,-1,-1,-1,-1
2023-04-28,-0.6526,-1,-1,-1,-1
2023-05-04,-0.6972,-1,-1,-1,-1
2023-05-05,-0.7109,-1,-1,-1,-1
2023-05-08,-0.7046,-1,-1,-1,-1
2023-05-09,-0.7111,-1,-1,-1,-1
2023-05-10,-0.6608,-1,-1,-1,-1
2023-05-11,-0.6225,-1,-1,-1,-1
2023-05-12,-0.5846,-1,-1,-1,-1
2023-05-15,-0.3758,0,0,0,0
2023-05-16,-0.2676,0,0,0,0
2023-05-17,-0.3229,0,0,0,0
2023-05-18,-0.3322,0,0,0,0
2023-05-19,-0.0711,0,0,0,0
2023-05-22,-0.002,0,0,0,0
2023-05-23,0.2603,0,0,0,0
2023-05-24,0.4314,0,0,0,0
2023-05-25,0.5117,1,1,1,1
2023-05-26,0.5573,1,1,1,1
2023-05-29,0.2809,1,1,1,1
2023-05-30,0.3174,1,1,1,1
2023-05-31,0.4004,1,1,1,1
2023-06-01,0.6323,1,1,1,1
2023-06-02,0.6649,1,1,1,1
2023-06-05,0.6624,1,1,1,1
2023-06-06,0.6204,1,1,1,1
2023-06-07,0.3892,1,1,1,1
2023-06-08,0.2139,1,1,1,1
2023-06-09,0.3094,1,1,1,1
2023-06-12,0.3017,1,1,1,1
2023-06-13,0.3152,1,1,1,1
2023-06-14,0.332,1,1,1,1
2023-06-15,0.5633,1,1,1,1
2023-06-16,0.549,1,1,1,1
2023-06-19,0.5425,1,1,1,1
2023-06-20,0.5406,1,1,1,1
2023-06-21,0.3459,1,1,1,1
2023-06-26,0.4339,1,1,1,1
2023-06-27,0.4405,1,1,1,1
2023-06-28,0.5298,1,1,1,1
2023-06-29,0.4874,1,1,1,1
2023-06-30,0.5782,1,1,1,1
2023-07-03,0.4812,1,1,1,1
2023-07-04,0.4939,1,1,1,1
2023-07-05,0.5633,1,1,1,1
2023-07-06,0.5947,1,1,1,1
2023-07-07,0.6153,1,1,1,1
2023-07-10,0.6891,1,1,1,1
2023-07-11,0.6827,1,1,1,1
2023-07-12,0.6053,1,1,1,1
2023-07-13,0.5846,1,1,1,1
2023-07-14,0.4534,1,1,1,1
2023-07-17,-0.039,1,1,0,1
2023-07-18,-0.1529,0,0,0,0
2023-07-19,-0.4159,0,0,0,0
2023-07-20,-0.4815,-1,-1,0,-1
2023-07-21,-0.3223,0,0,0,0
2023-07-24,-0.5492,-1,-1,-1,-1
2023-07-25,-0.4654,-1,-1,-1,-1
2023-07-26,-0.4012,-1,-1,0,-1
2023-07-27,-0.4516,-1,-1,0,-1
2023-07-28,-0.6286,-1,-1,-1,-1
2023-07-31,-0.5722,-1,-1,-1,-1
2023-08-01,-0.6125,-1,-1,-1,-1
2023-08-02,-0.5379,-1,-1,-1,-1
2023-08-03,-0.4575,-1,-1,-1,-1
2023-08-04,-0.2892,0,0,0,0
2023-08-07,-0.4931,-1,-1,0,-1
2023-08-08,-0.5094,-1,-1,-1,-1
2023-08-09,-0.4904,-1,-1,-1,-1
2023-08-10,-0.4964,-1,-1,-1,-1
2023-08-11,-0.3909,0,0,0,0
2023-08-14,-0.4844,-1,-1,0,-1
2023-08-15,-0.6067,-1,-1,-1,-1
2023-08-16,-0.5406,-1,-1,-1,-1
2023-08-17,-0.5063,-1,-1,-1,-1
2023-08-18,-0.5395,-1,-1,-1,-1
2023-08-21,-0.4716,-1,-1,-1,-1
2023-08-22,-0.5673,-1,-1,-1,-1
2023-08-23,-0.7072,-1,-1,-1,-1
2023-08-24,-0.514,-1,-1,-1,-1
2023-08-25,-0.4584,-1,-1,-1,-1
2023-08-28,-0.57,-1,-1,-1,-1
2023-08-29,-0.167,0,0,0,0
2023-08-30,-0.0158,0,0,0,0
2023-08-31,0.028,0,0,0,0
2023-09-01,-0.1125,0,0,0,0
2023-09-04,-0.1493,0,0,0,0
2023-09-05,0.002,0,0,0,0
2023-09-06,-0.0211,0,0,0,0
2023-09-07,-0.3057,0,0,0,0
2023-09-08,-0.3957,0,0,0,0
2023-09-11,-0.1825,0,0,0,0
2023-09-12,0.2675,0,0,0,0
2023-09-13,0.2621,0,0,0,0
2023-09-14,-0.3552,0,0,0,0
2023-09-15,-0.109,0,0,0,0
2023-09-18,0.1574,0,0,0,0
2023-09-19,0.2118,0,0,0,0
2023-09-20,0.3377,0,0,0,0
2023-09-21,-0.2498,0,0,0,0
2023-09-22,0.176,0,0,0,0
2023-09-25,0.4465,0,0,0,0
2023-09-26,-0.2532,0,0,0,0
2023-09-27,-0.3333,0,0,0,0
2023-09-28,-0.3614,0,0,0,0
2023-10-09,-0.1211,0,0,0,0
2023-10-10,0.11,0,0,0,0
2023-10-11,0.1254,0,0,0,0
2023-10-12,0.1622,0,0,0,0
2023-10-13,0.3282,0,0,0,0
2023-10-16,-0.0682,0,0,0,0
2023-10-17,-0.1882,0,0,0,0
2023-10-18,-0.3326,0,0,0,0
2023-10-19,0.0972,0,0,0,0
2023-10-20,0.5316,1,1,1,1
2023-10-23,0.2817,1,1,1,1
2023-10-24,0.2623,1,1,1,1
2023-10-25,0.4806,1,1,1,1
2023-10-26,0.5091,1,1,1,1
2023-10-27,0.7423,1,1,1,1
2023-10-30,0.7479,1,1,1,1
2023-10-31,0.7757,1,1,1,1
2023-11-01,0.7911,1,1,1,1
2023-11-02,0.5307,1,1,1,1
2023-11-03,0.7505,1,1,1,1
2023-11-06,0.808,1,1,1,1
2023-11-07,0.8094,1,1,1,1
2023-11-08,0.7849,1,1,1,1
2023-11-09,0.7826,1,1,1,1
2023-11-10,0.8126,1,1,1,1
2023-11-13,0.8258,1,1,1,1
2023-11-14,0.7827,1,1,1,1
2023-11-15,0.7595,1,1,1,1
2023-11-16,0.6982,1,1,1,1
2023-11-17,0.6501,1,1,1,1
2023-11-20,0.6213,1,1,1,1
2023-11-21,0.5751,1,1,1,1
2023-11-22,0.4991,1,1,1,1
2023-11-23,0.5507,1,1,1,1
2023-11-24,0.0454,1,1,0,1
2023-11-27,-0.4169,0,0,0,0
2023-11-28,-0.2383,0,0,0,0
2023-11-29,-0.1657,0,0,0,0
2023-11-30,-0.0392,0,0,0,0
2023-12-01,-0.4444,0,0,0,0
2023-12-04,-0.6313,-1,-1,-1,-1
2023-12-05,-0.6474,-1,-1,-1,-1
2023-12-06,-0.6064,-1,-1,-1,-1
2023-12-07,-0.6571,-1,-1,-1,-1
2023-12-08,-0.625,-1,-1,-1,-1
2023-12-11,-0.6407,-1,-1,-1,-1
2023-12-12,-0.6642,-1,-1,-1,-1
2023-12-13,-0.6883,-1,-1,-1,-1
2023-12-14,-0.6526,-1,-1,-1,-1
2023-12-15,-0.6589,-1,-1,-1,-1
2023-12-18,-0.678,-1,-1,-1,-1
2023-12-19,-0.6406,-1,-1,-1,-1
2023-12-20,-0.5804,-1,-1,-1,-1
2023-12-21,-0.4523,-1,-1,-1,-1
2023-12-22,-0.2333,0,0,0,0
2023-12-25,-0.1364,0,0,0,0
2023-12-26,-0.2613,0,0,0,0
2023-12-27,-0.3393,0,0,0,0
2023-12-28,0.0679,0,0,0,0
2023-12-29,0.0689,0,0,0,0
2024-01-02,-0.0452,0,0,0,0
2024-01-03,-0.2036,0,0,0,0
2024-01-04,-0.4742,-1,-1,0,-1
2024-01-05,-0.5021,-1,-1,-1,-1
2024-01-08,-0.5588,-1,-1,-1,-1
2024-01-09,-0.5392,-1,-1,-1,-1
2024-01-10,-0.3859,0,0,0,0
2024-01-11,-0.0423,0,0,0,0
2024-01-12,-0.1388,0,0,0,0
2024-01-15,-0.3754,0,0,0,0
2024-01-16,-0.2162,0,0,0,0
2024-01-17,-0.5212,-1,-1,-1,-1
2024-01-18,-0.1655,0,0,0,0
2024-01-19,-0.4376,0,0,0,0
2024-01-22,-0.5086,-1,-1,-1,-1
2024-01-23,-0.5812,-1,-1,-1,-1
2024-01-24,-0.6988,-1,-1,-1,-1
2024-01-25,-0.7201,-1,-1,-1,-1
2024-01-26,-0.7319,-1,-1,-1,-1
2024-01-29,-0.7323,-1,-1,-1,-1
2024-01-30,-0.7312,-1,-1,-1,-1
2024-01-31,-0.7274,-1,-1,-1,-1
2024-02-01,-0.7152,-1,-1,-1,-1
2024-02-02,-0.7091,-1,-1,-1,-1
2024-02-05,-0.6819,-1,-1,-1,-1
2024-02-06,-0.5691,-1,-1,-1,-1
2024-02-07,-0.5042,-1,-1,-1,-1
2024-02-08,-0.5283,-1,-1,-1,-1
2024-02-19,-0.5343,-1,-1,-1,-1
2024-02-20,-0.5175,-1,-1,-1,-1
2024-02-21,-0.4506,-1,-1,-1,-1
2024-02-22,-0.2165,0,0,0,0
2024-02-23,-0.3974,0,0,0,0
2024-02-26,-0.1772,0,0,0,0
2024-02-27,0.1027,0,0,0,0
2024-02-28,-0.0963,0,0,0,0
2024-02-29,0.4146,0,0,0,0
2024-03-01,0.546,1,1,1,1
2024-03-04,0.6704,1,1,1,1
2024-03-05,0.705,1,1,1,1
2024-03-06,0.7155,1,1,1,1
2024-03-07,0.7045,1,1,1,1
2024-03-08,0.6893,1,1,1,1
2024-03-11,0.7211,1,1,1,1
2024-03-12,0.7222,1,1,1,1
2024-03-13,0.7008,1,1,1,1
2024-03-14,0.6691,1,1,1,1
2024-03-15,0.6376,1,1,1,1
2024-03-18,0.6711,1,1,1,1
2024-03-19,0.6841,1,1,1,1
2024-03-20,0.6658,1,1,1,1
2024-03-21,0.6486,1,1,1,1
2024-03-22,0.625,1,1,1,1
2024-03-25,0.5199,1,1,1,1
2024-03-26,0.46,1,1,1,1
2024-03-27,0.4285,1,1,1,1
2024-03-28,0.3369,1,1,1,1
2024-03-29,0.2646,1,1,1,1
2024-04-01,0.3229,1,1,1,1
2024-04-02,0.362,1,1,1,1
2024-04-03,0.2723,1,1,1,1
2024-04-08,0.2532,1,1,1,1
2024-04-09,0.3556,1,1,1,1
2024-04-10,-0.1243,0,0,0,0
2024-04-11,-0.3915,0,0,0,0
2024-04-12,-0.4469,0,0,0,0
2024-04-15,-0.4545,-1,-1,0,-1
2024-04-16,-0.5696,-1,-1,-1,-1
2024-04-17,-0.6223,-1,-1,-1,-1
2024-04-18,-0.6504,-1,-1,-1,-1
2024-04-19,-0.6777,-1,-1,-1,-1
2024-04-22,-0.6481,-1,-1,-1,-1
2024-04-23,-0.6126,-1,-1,-1,-1
2024-04-24,-0.5601,-1,-1,-1,-1
2024-04-25,-0.5878,-1,-1,-1,-1
2024-04-26,-0.3784,0,0,0,0
2024-04-29,-0.2214,0,0,0,0
2024-04-30,-0.3212,0,0,0,0
2024-05-06,-0.3102,0,0,0,0
2024-05-07,-0.2391,0,0,0,0
2024-05-08,-0.2397,0,0,0,0
2024-05-09,0.0811,0,0,0,0
2024-05-10,-0.3068,0,0,0,0
2024-05-13,-0.2787,0,0,0,0
2024-05-14,-0.1392,0,0,0,0
2024-05-15,-0.1302,0,0,0,0
2024-05-16,-0.0882,0,0,0,0
2024-05-17,0.1207,0,0,0,0
2024-05-20,0.178,0,0,0,0
2024-05-21,0.1472,0,0,0,0
2024-05-22,0.4224,0,0,0,0
2024-05-23,0.2835,0,0,0,0
2024-05-24,0.1004,0,0,0,0
2024-05-27,0.0742,0,0,0,0
2024-05-28,0.1235,0,0,0,0
2024-05-29,0.0148,0,0,0,0
2024-05-30,-0.2637,0,0,0,0
2024-05-31,-0.1199,0,0,0,0
2024-06-03,-0.1783,0,0,0,0
2024-06-04,-0.1789,0,0,0,0
2024-06-05,0.0288,0,0,0,0
2024-06-06,-0.2319,0,0,0,0
2024-06-07,-0.1955,0,0,0,0
2024-06-11,0.3319,0,0,0,0
2024-06-12,0.2205,0,0,0,0
2024-06-13,0.3555,0,0,0,0
2024-06-14,0.3673,0,0,0,0
2024-06-17,0.5659,1,1,1,1
2024-06-18,0.3963,1,1,1,1
2024-06-19,0.3912,1,1,1,1
2024-06-20,0.0712,1,1,0,1
2024-06-21,0.1014,1,1,0,1
2024-06-24,0.1801,1,1,0,1
2024-06-25,-0.0729,0,0,0,0
2024-06-26,0.222,0,0,0,0
2024-06-27,-0.3695,0,0,0,0
2024-06-28,-0.6417,-1,-1,-1,-1
2024-07-01,-0.6711,-1,-1,-1,-1
2024-07-02,-0.7598,-1,-1,-1,-1
2024-07-03,-0.7294,-1,-1,-1,-1
2024-07-04,-0.747,-1,-1,-1,-1
2024-07-05,-0.7032,-1,-1,-1,-1
2024-07-08,-0.6671,-1,-1,-1,-1
2024-07-09,-0.7313,-1,-1,-1,-1
2024-07-10,-0.6743,-1,-1,-1,-1
2024-07-11,-0.4916,-1,-1,-1,-1
2024-07-12,-0.4682,-1,-1,-1,-1
2024-07-15,-0.687,-1,-1,-1,-1
2024-07-16,-0.4129,-1,-1,0,-1
2024-07-17,-0.06,0,0,0,0
2024-07-18,0.2206,0,0,0,0
2024-07-19,0.4494,0,0,0,0
2024-07-22,0.5265,1,1,1,1
2024-07-23,0.4138,1,1,1,1
2024-07-24,-0.0372,1,1,0,1
2024-07-25,0.3408,1,1,0,1
2024-07-26,0.6304,1,1,1,1
2024-07-29,0.5691,1,1,1,1
2024-07-30,0.6686,1,1,1,1
2024-07-31,0.6483,1,1,1,1
2024-08-01,0.5978,1,1,1,1
2024-08-02,0.5178,1,1,1,1
2024-08-05,0.6215,1,1,1,1
2024-08-06,0.71,1,1,1,1
2024-08-07,0.5999,1,1,1,1
2024-08-08,0.3011,1,1,1,1
2024-08-09,0.2553,1,1,1,1
2024-08-12,0.3919,1,1,1,1
2024-08-13,0.1091,1,1,0,1
2024-08-14,-0.1641,0,0,0,0
2024-08-15,-0.3153,0,0,0,0
2024-08-16,-0.4877,-1,-1,0,-1
2024-08-19,-0.6151,-1,-1,-1,-1
2024-08-20,-0.3913,0,0,0,0
2024-08-21,-0.1617,0,0,0,0
2024-08-22,-0.3443,0,0,0,0
2024-08-23,-0.5951,-1,-1,-1,-1
2024-08-26,-0.3748,0,0,0,0
2024-08-27,-0.4886,-1,-1,0,-1
2024-08-28,-0.6333,-1,-1,-1,-1
2024-08-29,-0.0125,0,0,0,0
2024-08-30,0.4687,0,0,0,0
2024-09-02,0.0692,0,0,0,0
2024-09-03,0.0542,0,0,0,0
2024-09-04,0.1437,0,0,0,0
2024-09-05,0.2757,0,0,0,0
2024-09-06,0.1433,0,0,0,0
2024-09-09,0.2644,0,0,0,0
2024-09-10,0.2835,0,0,0,0
2024-09-11,0.657,1,1,1,1
2024-09-12,0.6217,1,1,1,1
2024-09-13,0.5915,1,1,1,1
2024-09-18,0.5781,1,1,1,1
2024-09-19,0.6409,1,1,1,1
2024-09-20,0.5439,1,1,1,1
2024-09-23,0.4616,1,1,1,1
2024-09-24,0.6196,1,1,1,1
2024-09-25,0.5253,1,1,1,1
2024-09-26,0.5962,1,1,1,1
2024-09-27,0.71,1,1,1,1
2024-09-30,0.7082,1,1,1,1
2024-10-08,0.7211,1,1,1,1
2024-10-09,0.7264,1,1,1,1
2024-10-10,0.6521,1,1,1,1
2024-10-11,0.5266,1,1,1,1
2024-10-14,0.4353,1,1,1,1
2024-10-15,0.5055,1,1,1,1
2024-10-16,0.1581,1,1,1,1
2024-10-17,0.218,1,1,1,1
2024-10-18,0.4032,1,1,1,1
2024-10-21,0.5708,1,1,1,1
2024-10-22,0.6059,1,1,1,1
2024-10-23,0.6397,1,1,1,1
2024-10-24,0.5818,1,1,1,1
2024-10-25,0.6715,1,1,1,1
2024-10-28,0.6974,1,1,1,1
2024-10-29,0.653,1,1,1,1
2024-10-30,0.6559,1,1,1,1
2024-10-31,0.6422,1,1,1,1
2024-11-01,0.0696,1,1,0,1
2024-11-04,-0.312,0,0,0,0
2024-11-05,-0.5959,-1,-1,-1,-1
2024-11-06,-0.6,-1,-1,-1,-1
2024-11-07,-0.2814,0,0,0,0
2024-11-08,0.1779,0,0,0,0
2024-11-11,0.5724,1,1,1,1
2024-11-12,0.6293,1,1,1,1
2024-11-13,0.7262,1,1,1,1
2024-11-14,0.6179,1,1,1,1
2024-11-15,-0.3104,0,0,0,0
2024-11-18,-0.63,-1,-1,-1,-1
2024-11-19,-0.462,-1,-1,-1,-1
2024-11-20,-0.4529,-1,-1,-1,-1
2024-11-21,-0.3085,0,0,0,0
2024-11-22,-0.5874,-1,-1,-1,-1
2024-11-25,-0.6039,-1,-1,-1,-1
2024-11-26,-0.6196,-1,-1,-1,-1
2024-11-27,-0.5662,-1,-1,-1,-1
2024-11-28,-0.6151,-1,-1,-1,-1
2024-11-29,-0.4056,-1,-1,0,-1
2024-12-02,-0.4521,-1,-1,0,-1
2024-12-03,-0.6312,-1,-1,-1,-1
2024-12-04,-0.6638,-1,-1,-1,-1
2024-12-05,-0.623,-1,-1,-1,-1
2024-12-06,-0.6577,-1,-1,-1,-1
2024-12-09,-0.7112,-1,-1,-1,-1
2024-12-10,-0.7133,-1,-1,-1,-1
2024-12-11,-0.7012,-1,-1,-1,-1
2024-12-12,-0.6402,-1,-1,-1,-1
2024-12-13,-0.5558,-1,-1,-1,-1
2024-12-16,-0.486,-1,-1,-1,-1
2024-12-17,-0.5963,-1,-1,-1,-1
2024-12-18,-0.6286,-1,-1,-1,-1
2024-12-19,-0.591,-1,-1,-1,-1
2024-12-20,-0.5115,-1,-1,-1,-1
2024-12-23,-0.559,-1,-1,-1,-1
2024-12-24,-0.4674,-1,-1,-1,-1
2024-12-25,-0.5694,-1,-1,-1,-1
2024-12-26,-0.4341,-1,-1,0,-1
2024-12-27,-0.5437,-1,-1,-1,-1
2024-12-30,-0.616,-1,-1,-1,-1
2024-12-31,-0.543,-1,-1,-1,-1
2025-01-02,-0.4935,-1,-1,-1,-1
2025-01-03,-0.4906,-1,-1,-1,-1
2025-01-06,-0.5177,-1,-1,-1,-1
2025-01-07,-0.3852,0,0,0,0
2025-01-08,-0.4295,0,0,0,0
2025-01-09,-0.2916,0,0,0,0
2025-01-10,-0.3137,0,0,0,0
2025-01-13,-0.0241,0,0,0,0
2025-01-14,0.3992,0,0,0,0
2025-01-15,0.2026,0,0,0,0
2025-01-16,0.2436,0,0,0,0
2025-01-17,0.296,0,0,0,0
2025-01-20,0.486,0,0,0,0
2025-01-21,0.5994,1,1,1,1
2025-01-22,0.6092,1,1,1,1
2025-01-23,0.5741,1,1,1,1
2025-01-24,0.5273,1,1,1,1
2025-01-27,0.2606,1,1,1,1
2025-02-05,0.5644,1,1,1,1
2025-02-06,0.7149,1,1,1,1
2025-02-07,0.7239,1,1,1,1
2025-02-10,0.7199,1,1,1,1
2025-02-11,0.708,1,1,1,1
2025-02-12,0.6974,1,1,1,1
2025-02-13,0.686,1,1,1,1
2025-02-14,0.6551,1,1,1,1
2025-02-17,0.6417,1,1,1,1
2025-02-18,0.5006,1,1,1,1
2025-02-19,0.519,1,1,1,1
2025-02-20,0.6305,1,1,1,1
2025-02-21,0.6987,1,1,1,1
2025-02-24,0.6405,1,1,1,1
2025-02-25,0.5706,1,1,1,1
2025-02-26,0.5334,1,1,1,1
2025-02-27,0.3909,1,1,1,1
2025-02-28,0.4532,1,1,1,1
2025-03-03,0.4319,1,1,1,1
2025-03-04,0.5946,1,1,1,1
2025-03-05,0.2835,1,1,1,1
2025-03-06,0.1924,1,1,1,1
2025-03-07,-0.0274,1,1,0,1
2025-03-10,0.0528,1,1,0,1
2025-03-11,0.1782,1,1,0,1
2025-03-12,-0.0127,1,1,0,1
2025-03-13,-0.1289,0,0,0,0
2025-03-14,-0.0772,0,0,0,0
2025-03-17,-0.2521,0,0,0,0
2025-03-18,-0.1316,0,0,0,0
2025-03-19,-0.4105,0,0,0,0
2025-03-20,-0.4735,-1,-1,0,-1
2025-03-21,-0.6871,-1,-1,-1,-1
2025-03-24,-0.6679,-1,-1,-1,-1
2025-03-25,-0.7001,-1,-1,-1,-1
2025-03-26,-0.6794,-1,-1,-1,-1
2025-03-27,-0.622,-1,-1,-1,-1
2025-03-28,-0.5572,-1,-1,-1,-1
2025-03-31,-0.6169,-1,-1,-1,-1
2025-04-01,-0.5979,-1,-1,-1,-1
2025-04-02,-0.5914,-1,-1,-1,-1
2025-04-03,-0.7015,-1,-1,-1,-1
2025-04-07,-0.7079,-1,-1,-1,-1
2025-04-08,-0.7194,-1,-1,-1,-1
2025-04-09,-0.6958,-1,-1,-1,-1
2025-04-10,-0.6643,-1,-1,-1,-1
2025-04-11,-0.4986,-1,-1,-1,-1
2025-04-14,-0.5655,-1,-1,-1,-1
2025-04-15,-0.5744,-1,-1,-1,-1
2025-04-16,-0.6036,-1,-1,-1,-1
2025-04-17,-0.5572,-1,-1,-1,-1
2025-04-18,-0.5757,-1,-1,-1,-1
2025-04-21,-0.3093,0,0,0,0
2025-04-22,-0.3858,0,0,0,0
2025-04-23,-0.2332,0,0,0,0
2025-04-24,-0.3889,0,0,0,0
2025-04-25,-0.3463,0,0,0,0
2025-04-28,-0.3424,0,0,0,0
2025-04-29,-0.1927,0,0,0,0
2025-04-30,0.0204,0,0,0,0
2025-05-06,0.3209,0,0,0,0
2025-05-07,0.3957,0,0,0,0
2025-05-08,0.5973,1,1,1,1
2025-05-09,0.6097,1,1,1,1
2025-05-12,0.5541,1,1,1,1
2025-05-13,0.3807,1,1,1,1
2025-05-14,0.1554,1,1,1,1
2025-05-15,0.0937,1,1,0,1
2025-05-16,0.3286,1,1,0,1
2025-05-19,0.3385,1,1,0,1
2025-05-20,0.3717,1,1,0,1
2025-05-21,0.4984,1,1,0,1
2025-05-22,0.1153,1,1,0,1
2025-05-23,0.2927,1,1,0,1
2025-05-26,0.1982,1,1,0,1
2025-05-27,0.2026,1,1,0,1
2025-05-28,0.0298,1,1,0,1
2025-05-29,0.3501,1,1,0,1
2025-05-30,0.0331,1,1,0,1
2025-06-03,-0.254,0,0,0,0
2025-06-04,-0.3187,0,0,0,0
2025-06-05,-0.0799,0,0,0,0
2025-06-06,-0.2338,0,0,0,0
2025-06-09,0.0323,0,0,0,0
2025-06-10,-0.4128,0,0,0,0
2025-06-11,-0.1567,0,0,0,0
2025-06-12,-0.061,0,0,0,0
2025-06-13,0.0965,0,0,0,0
2025-06-16,-0.191,0,0,0,0
2025-06-17,-0.1864,0,0,0,0
2025-06-18,-0.0975,0,0,0,0
2025-06-19,-0.1429,0,0,0,0
2025-06-20,-0.161,0,0,0,0
2025-06-23,-0.2352,0,0,0,0
2025-06-24,-0.1044,0,0,0,0
2025-06-25,0.1189,0,0,0,0
2025-06-26,0.0582,0,0,0,0
2025-06-27,0.1474,0,0,0,0
2025-06-30,0.623,1,1,1,1
2025-07-01,0.5978,1,1,1,1
2025-07-02,0.3459,1,1,1,1
2025-07-03,0.3755,1,1,1,1
2025-07-04,0.1845,1,1,1,1
2025-07-07,-0.1123,0,0,0,0
2025-07-08,0.4639,0,0,0,0
2025-07-09,0.3286,0,0,0,0
2025-07-10,-0.0047,0,0,0,0
2025-07-11,0.3726,0,0,0,0
2025-07-14,0.4853,0,0,0,0
2025-07-15,0.6813,1,1,1,1
2025-07-16,0.6359,1,1,1,1
2025-07-17,0.6651,1,1,1,1
2025-07-18,0.6445,1,1,1,1
2025-07-21,0.5511,1,1,1,1
2025-07-22,0.361,1,1,1,1
2025-07-23,0.3623,1,1,1,1
2025-07-24,0.4744,1,1,1,1
2025-07-25,0.4568,1,1,1,1
2025-07-28,0.2671,1,1,1,1
2025-07-29,0.4393,1,1,1,1
2025-07-30,0.5051,1,1,1,1
2025-07-31,0.4574,1,1,1,1
2025-08-01,0.4979,1,1,1,1
2025-08-04,0.6469,1,1,1,1
2025-08-05,0.4262,1,1,1,1
2025-08-06,0.5445,1,1,1,1
2025-08-07,0.5731,1,1,1,1
2025-08-08,0.4083,1,1,1,1
2025-08-11,0.6043,1,1,1,1
2025-08-12,0.438,1,1,1,1
2025-08-13,0.6098,1,1,1,1
2025-08-14,0.4045,1,1,1,1
2025-08-15,0.5573,1,1,1,1
2025-08-18,0.6411,1,1,1,1
2025-08-19,0.6034,1,1,1,1
2025-08-20,0.6293,1,1,1,1
2025-08-21,0.5394,1,1,1,1
2025-08-22,0.6414,1,1,1,1
2025-08-25,0.683,1,1,1,1
2025-08-26,0.5801,1,1,1,1
2025-08-27,0.7038,1,1,1,1
2025-08-28,0.7249,1,1,1,1
2025-08-29,0.7327,1,1,1,1
2025-09-01,0.7493,1,1,1,1
2025-09-02,0.7486,1,1,1,1
2025-09-03,0.7816,1,1,1,1
2025-09-04,0.7552,1,1,1,1
2025-09-05,0.814,1,1,1,1
2025-09-08,0.8127,1,1,1,1
2025-09-09,0.7503,1,1,1,1
2025-09-10,0.6967,1,1,1,1
2025-09-11,0.8014,1,1,1,1
2025-09-12,0.7717,1,1,1,1
2025-09-15,0.7072,1,1,1,1
2025-09-16,0.768,1,1,1,1
2025-09-17,0.7251,1,1,1,1
2025-09-18,0.759,1,1,1,1
2025-09-19,0.6473,1,1,1,1
2025-09-22,0.6929,1,1,1,1
2025-09-23,0.6376,1,1,1,1
2025-09-24,0.6124,1,1,1,1
2025-09-25,0.533,1,1,1,1
2025-09-26,0.1139,1,1,0,1
2025-09-29,-0.0439,1,1,0,1
2025-09-30,0.4577,1,1,0,1
2025-10-09,0.2682,1,1,0,1
2025-10-10,0.0976,1,1,0,1
2025-10-13,-0.4028,0,0,0,0
2025-10-14,-0.675,-1,-1,-1,-1
2025-10-15,-0.5815,-1,-1,-1,-1
2025-10-16,-0.615,-1,-1,-1,-1
2025-10-17,-0.7116,-1,-1,-1,-1
2025-10-20,-0.7048,-1,-1,-1,-1
2025-10-21,-0.6888,-1,-1,-1,-1
2025-10-22,-0.7121,-1,-1,-1,-1
2025-10-23,-0.7155,-1,-1,-1,-1
2025-10-24,-0.7002,-1,-1,-1,-1
2025-10-27,-0.677,-1,-1,-1,-1
2025-10-28,-0.6772,-1,-1,-1,-1
2025-10-29,-0.6552,-1,-1,-1,-1
2025-10-30,-0.7022,-1,-1,-1,-1
2025-10-31,-0.715,-1,-1,-1,-1
2025-11-03,-0.7081,-1,-1,-1,-1
2025-11-04,-0.7147,-1,-1,-1,-1
2025-11-05,-0.7073,-1,-1,-1,-1
2025-11-06,-0.6945,-1,-1,-1,-1
2025-11-07,-0.6089,-1,-1,-1,-1
2025-11-10,-0.6241,-1,-1,-1,-1
2025-11-11,-0.5004,-1,-1,-1,-1
2025-11-12,-0.5747,-1,-1,-1,-1
2025-11-13,-0.4838,-1,-1,-1,-1
2025-11-14,-0.425,-1,-1,0,-1
2025-11-17,-0.42,-1,-1,0,-1
2025-11-18,-0.5084,-1,-1,-1,-1
2025-11-19,-0.4267,-1,-1,0,-1
2025-11-20,-0.4267,-1,-1,0,-1
2025-11-21,-0.6045,-1,-1,-1,-1
2025-11-24,-0.632,-1,-1,-1,-1
2025-11-25,-0.6369,-1,-1,-1,-1
2025-11-26,-0.62,-1,-1,-1,-1
2025-11-27,-0.5454,-1,-1,-1,-1
2025-11-28,-0.3601,0,0,0,0
2025-12-01,-0.1769,0,0,0,0
2025-12-02,-0.0088,0,0,0,0
2025-12-03,-0.0774,0,0,0,0
2025-12-04,-0.0382,0,0,0,0
2025-12-05,0.0375,0,0,0,0
2025-12-08,0.4905,0,0,0,0
2025-12-09,0.6171,1,1,1,1
2025-12-10,0.6707,1,1,1,1
2025-12-11,0.5861,1,1,1,1
2025-12-12,0.6778,1,1,1,1
2025-12-15,0.5184,1,1,1,1
2025-12-16,0.4522,1,1,1,1
2025-12-17,0.5708,1,1,1,1
2025-12-18,0.4631,1,1,1,1
2025-12-19,0.6334,1,1,1,1
2025-12-22,0.7044,1,1,1,1
2025-12-23,0.6921,1,1,1,1
2025-12-24,0.6365,1,1,1,1
2025-12-25,0.6343,1,1,1,1
2025-12-26,0.5596,1,1,1,1
2025-12-29,0.4216,1,1,1,1
2025-12-30,0.5273,1,1,1,1
2025-12-31,0.4933,1,1,1,1
2026-01-05,0.5356,1,1,1,1
2026-01-06,0.443,1,1,1,1
2026-01-07,0.2669,1,1,1,1
2026-01-08,0.0834,1,1,0,1
2026-01-09,0.0768,1,1,0,1
2026-01-12,0.1656,1,1,0,1
2026-01-13,-0.0052,1,1,0,1
2026-01-14,0.2403,1,1,0,1
2026-01-15,0.4431,1,1,0,1
2026-01-16,0.4456,1,1,0,1
2026-01-19,0.524,1,1,1,1
2026-01-20,0.308,1,1,1,1
2026-01-21,0.2707,1,1,1,1
2026-01-22,0.114,1,1,0,1
2026-01-23,0.1604,1,1,0,1
2026-01-26,0.0641,1,1,0,1
2026-01-27,0.1443,1,1,0,1
2026-01-28,0.1721,1,1,0,1
2026-01-29,-0.0773,0,0,0,0
2026-01-30,0.0856,0,0,0,0
2026-02-02,-0.3974,0,0,0,0
2026-02-03,-0.0599,0,0,0,0
2026-02-04,-0.5253,-1,-1,-1,-1
2026-02-05,-0.6075,-1,-1,-1,-1
2026-02-06,-0.6378,-1,-1,-1,-1
2026-02-09,-0.5718,-1,-1,-1,-1
2026-02-10,-0.4789,-1,-1,-1,-1
2026-02-11,-0.6024,-1,-1,-1,-1
2026-02-12,-0.6121,-1,-1,-1,-1
2026-02-13,-0.6615,-1,-1,-1,-1
2026-02-24,-0.6278,-1,-1,-1,-1
2026-02-25,-0.3624,0,0,0,0
2026-02-26,-0.5069,-1,-1,-1,-1
2026-02-27,-0.5469,-1,-1,-1,-1
2026-03-02,-0.5843,-1,-1,-1,-1
2026-03-03,-0.5919,-1,-1,-1,-1
2026-03-04,-0.6342,-1,-1,-1,-1
2026-03-05,-0.5512,-1,-1,-1,-1
2026-03-06,-0.3354,0,0,0,0
2026-03-09,-0.4499,0,0,0,0
2026-03-10,-0.2302,0,0,0,0
2026-03-11,-0.3753,0,0,0,0
2026-03-12,-0.3479,0,0,0,0
2026-03-13,-0.2448,0,0,0,0
2026-03-16,-0.1136,0,0,0,0
2026-03-17,-0.2854,0,0,0,0
2026-03-18,-0.1581,0,0,0,0
2026-03-19,-0.1895,0,0,0,0
2026-03-20,-0.2073,0,0,0,0
2026-03-23,-0.2708,0,0,0,0
2026-03-24,-0.2986,0,0,0,0
2026-03-25,-0.2143,0,0,0,0
2026-03-26,-0.3244,0,0,0,0
2026-03-27,0.018,0,0,0,0
2026-03-30,0.1307,0,0,0,0
2026-03-31,0.3166,0,0,0,0
2026-04-01,0.424,0,0,0,0
2026-04-02,0.2337,0,0,0,0
2026-04-03,0.2514,0,0,0,0
2026-04-07,0.3447,0,0,0,0
2026-04-08,0.4975,0,0,0,0
2026-04-09,0.6435,1,1,1,1
2026-04-10,0.7085,1,1,1,1
2026-04-13,0.7111,1,1,1,1
2026-04-14,0.7069,1,1,1,1
2026-04-15,0.7025,1,1,1,1
2026-04-16,0.7029,1,1,1,1
2026-04-17,0.7122,1,1,1,1
2026-04-20,0.6933,1,1,1,1
2026-04-21,0.6877,1,1,1,1
2026-04-22,0.7072,1,1,1,1
2026-04-23,0.663,1,1,1,1
2026-04-24,0.662,1,1,1,1
2026-04-27,0.6311,1,1,1,1
2026-04-28,0.5419,1,1,1,1
2026-04-29,0.6377,1,1,1,1
2026-04-30,0.6086,1,1,1,1
2026-05-06,0.6887,1,1,1,1
2026-05-07,0.6994,1,1,1,1
2026-05-08,0.6919,1,1,1,1
2026-05-11,0.6555,1,1,1,1
2026-05-12,0.6485,1,1,1,1
2026-05-13,0.647,1,1,1,1
2026-05-14,0.5514,1,1,1,1
2026-05-15,0.4308,1,1,1,1
2026-05-18,0.5382,1,1,1,1
2026-05-19,0.2872,1,1,1,1
2026-05-20,0.3318,1,1,1,1
2026-05-21,0.1806,1,1,1,1
2026-05-22,0.3657,1,1,1,1
2026-05-25,0.3861,1,1,1,1
2026-05-26,0.4174,1,1,1,1
2026-05-27,0.4565,1,1,1,1
2026-05-28,0.482,1,1,1,1
2026-05-29,0.3072,1,1,1,1
2026-06-01,-0.3565,0,0,0,0
2026-06-02,-0.1424,0,0,0,0
2026-06-03,-0.1991,0,0,0,0
2026-06-04,-0.3949,0,0,0,0
2026-06-05,-0.679,-1,-1,-1,-1
2026-06-08,-0.7323,-1,-1,-1,-1
2026-06-09,-0.729,-1,-1,-1,-1
2026-06-10,-0.7408,-1,-1,-1,-1
2026-06-11,-0.7344,-1,-1,-1,-1
2026-06-12,-0.7244,-1,-1,-1,-1
2026-06-15,-0.6585,-1,-1,-1,-1
2026-06-16,-0.4934,-1,-1,-1,-1
2026-06-17,-0.3219,0,0,0,0
2026-06-18,-0.1219,0,0,0,0
