date,factor_20
2010-04-02,0.8397
2010-04-06,0.79
2010-04-07,0.7199
2010-04-08,0.6042
2010-04-09,0.538
2010-04-12,0.376
2010-04-13,0.5397
2010-04-14,0.4396
2010-04-15,0.4351
2010-04-16,0.2653
2010-04-19,-0.2004
2010-04-20,-0.2375
2010-04-21,-0.2034
2010-04-22,-0.1976
2010-04-23,-0.2212
2010-04-26,-0.1952
2010-04-27,-0.2386
2010-04-28,-0.2938
2010-04-29,-0.4663
2010-04-30,-0.6615
2010-05-04,-0.6957
2010-05-05,-0.645
2010-05-06,-0.6623
2010-05-07,-0.6556
2010-05-10,-0.8565
2010-05-11,-0.8151
2010-05-12,-0.777
2010-05-13,-0.7115
2010-05-14,-0.7872
2010-05-17,-0.7821
2010-05-18,-0.4497
2010-05-19,-0.3433
2010-05-20,-0.3125
2010-05-21,-0.1364
2010-05-24,-0.1036
2010-05-25,-0.1502
2010-05-26,-0.0466
2010-05-27,-0.0111
2010-05-28,-0.0743
2010-05-31,-0.4021
2010-06-01,-0.218
2010-06-02,-0.0539
2010-06-03,0.1069
2010-06-04,0.1252
2010-06-07,0.1029
2010-06-08,0.1397
2010-06-09,0.2664
2010-06-10,-0.0098
2010-06-11,0.2879
2010-06-17,0.6396
2010-06-18,0.3597
2010-06-21,0.3522
2010-06-22,0.3338
2010-06-23,0.0034
2010-06-24,-0.1326
2010-06-25,-0.189
2010-06-28,-0.2945
2010-06-29,-0.5249
2010-06-30,-0.6261
2010-07-01,-0.3898
2010-07-02,-0.3308
2010-07-05,-0.4307
2010-07-06,-0.357
2010-07-07,-0.3368
2010-07-08,-0.1428
2010-07-09,-0.0408
2010-07-12,-0.0534
2010-07-13,0.0402
2010-07-14,-0.0308
2010-07-15,-0.2518
2010-07-16,-0.3892
2010-07-19,-0.3443
2010-07-20,-0.157
2010-07-21,-0.2052
2010-07-22,-0.093
2010-07-23,0.1773
2010-07-26,0.1976
2010-07-27,0.4051
2010-07-28,0.7119
2010-07-29,0.7219
2010-07-30,0.7142
2010-08-02,0.7361
2010-08-03,0.6886
2010-08-04,0.6614
2010-08-05,0.4171
2010-08-06,0.3765
2010-08-09,0.3077
2010-08-10,0.3318
2010-08-11,0.201
2010-08-12,0.2743
2010-08-13,0.312
2010-08-16,0.1753
2010-08-17,0.1001
2010-08-18,0.2207
2010-08-19,0.2711
2010-08-20,0.2083
2010-08-23,0.2609
2010-08-24,0.3511
2010-08-25,-0.0989
2010-08-26,-0.2949
2010-08-27,-0.3674
2010-08-30,-0.2994
2010-08-31,-0.2095
2010-09-01,-0.1866
2010-09-02,0.2423
2010-09-03,0.1392
2010-09-06,0.2466
2010-09-07,0.3454
2010-09-08,0.3817
2010-09-09,0.3503
2010-09-10,0.0245
2010-09-13,0.0994
2010-09-14,0.1612
2010-09-15,-0.1184
2010-09-16,-0.2255
2010-09-17,-0.2377
2010-09-20,-0.5428
2010-09-21,-0.6301
2010-09-27,-0.1483
2010-09-28,-0.1214
2010-09-29,0.228
2010-09-30,0.4824
2010-10-08,0.5646
2010-10-11,0.5717
2010-10-12,0.5918
2010-10-13,0.5904
2010-10-14,0.5984
2010-10-15,0.597
2010-10-18,0.3172
2010-10-19,0.5398
2010-10-20,0.5804
2010-10-21,0.577
2010-10-22,0.5771
2010-10-25,0.6363
2010-10-26,0.6641
2010-10-27,0.6449
2010-10-28,0.7357
2010-10-29,0.8424
2010-11-01,0.8243
2010-11-02,0.7293
2010-11-03,0.6583
2010-11-04,0.7088
2010-11-05,0.6298
2010-11-08,0.5129
2010-11-09,0.2058
2010-11-10,-0.0678
2010-11-11,-0.2041
2010-11-12,-0.4838
2010-11-15,-0.3654
2010-11-16,-0.5432
2010-11-17,-0.595
2010-11-18,-0.5474
2010-11-19,-0.5191
2010-11-22,-0.583
2010-11-23,-0.6201
2010-11-24,-0.5673
2010-11-25,-0.6263
2010-11-26,-0.6973
2010-11-29,-0.7933
2010-11-30,-0.7373
2010-12-01,-0.6817
2010-12-02,-0.7463
2010-12-03,-0.7536
2010-12-06,-0.6982
2010-12-07,-0.6026
2010-12-08,-0.5845
2010-12-09,-0.6402
2010-12-10,-0.4306
2010-12-13,-0.2817
2010-12-14,-0.0784
2010-12-15,-0.1306
2010-12-16,-0.2978
2010-12-17,-0.316
2010-12-20,-0.2399
2010-12-21,0.0253
2010-12-22,0.0112
2010-12-23,0.0501
2010-12-24,0.1362
2010-12-27,0.2351
2010-12-28,0.1614
2010-12-29,0.2399
2010-12-30,0.2924
2010-12-31,0.4089
2011-01-04,0.5111
2011-01-05,0.416
2011-01-06,0.4586
2011-01-07,0.4852
2011-01-10,0.3516
2011-01-11,0.1944
2011-01-12,0.1758
2011-01-13,0.1335
2011-01-14,-0.0139
2011-01-17,-0.106
2011-01-18,-0.2067
2011-01-19,-0.3472
2011-01-20,-0.4331
2011-01-21,-0.4951
2011-01-24,-0.6234
2011-01-25,-0.6454
2011-01-26,-0.6162
2011-01-27,-0.5821
2011-01-28,-0.6301
2011-01-31,-0.6525
2011-02-01,-0.7272
2011-02-09,-0.8572
2011-02-10,-0.847
2011-02-11,-0.8196
2011-02-14,-0.7059
2011-02-15,-0.6115
2011-02-16,-0.42
2011-02-17,-0.0294
2011-02-18,0.2226
2011-02-21,0.3676
2011-02-22,0.3832
2011-02-23,0.2999
2011-02-24,0.4546
2011-02-25,0.3154
2011-02-28,0.3774
2011-03-01,0.3684
2011-03-02,0.4158
2011-03-03,0.4832
2011-03-04,0.5203
2011-03-07,0.5965
2011-03-08,0.5769
2011-03-09,0.7215
2011-03-10,0.5246
2011-03-11,0.5207
2011-03-14,0.3241
2011-03-15,0.3199
2011-03-16,0.3045
2011-03-17,0.0425
2011-03-18,0.1472
2011-03-21,0.1632
2011-03-22,0.2884
2011-03-23,0.2434
2011-03-24,0.2089
2011-03-25,0.3364
2011-03-28,0.4186
2011-03-29,0.3822
2011-03-30,0.3986
2011-03-31,0.3557
2011-04-01,0.3575
2011-04-06,0.1956
2011-04-07,0.1094
2011-04-08,0.0373
2011-04-11,0.1004
2011-04-12,-0.1754
2011-04-13,-0.0777
2011-04-14,-0.1572
2011-04-15,-0.2079
2011-04-18,-0.0442
2011-04-19,-0.3572
2011-04-20,-0.646
2011-04-21,-0.6685
2011-04-22,-0.7998
2011-04-25,-0.8382
2011-04-26,-0.8103
2011-04-27,-0.8907
2011-04-28,-0.8515
2011-04-29,-0.9537
2011-05-03,-0.9519
2011-05-04,-0.9689
2011-05-05,-0.9417
2011-05-06,-0.9248
2011-05-09,-0.9119
2011-05-10,-0.8685
2011-05-11,-0.7348
2011-05-12,-0.8188
2011-05-13,-0.735
2011-05-16,-0.6594
2011-05-17,-0.5961
2011-05-18,-0.5138
2011-05-19,-0.3753
2011-05-20,-0.3404
2011-05-23,-0.1943
2011-05-24,0.0224
2011-05-25,-0.0192
2011-05-26,0.2023
2011-05-27,0.252
2011-05-30,0.2956
2011-05-31,0.4791
2011-06-01,0.6602
2011-06-02,0.6742
2011-06-03,0.7684
2011-06-07,0.7878
2011-06-08,0.74
2011-06-09,0.7583
2011-06-10,0.8555
2011-06-13,0.8354
2011-06-14,0.8554
2011-06-15,0.763
2011-06-16,0.7887
2011-06-17,0.7197
2011-06-20,0.6775
2011-06-21,0.6763
2011-06-22,0.6356
2011-06-23,0.6772
2011-06-24,0.7188
2011-06-27,0.6808
2011-06-28,0.692
2011-06-29,0.5975
2011-06-30,0.6741
2011-07-01,0.732
2011-07-04,0.799
2011-07-05,0.7577
2011-07-06,0.7107
2011-07-07,0.6988
2011-07-08,0.7208
2011-07-11,0.4378
2011-07-12,0.0923
2011-07-13,0.2817
2011-07-14,0.2732
2011-07-15,0.286
2011-07-18,0.108
2011-07-19,0.0434
2011-07-20,0.0109
2011-07-21,-0.2933
2011-07-22,-0.4036
2011-07-25,-0.5823
2011-07-26,-0.531
2011-07-27,-0.4178
2011-07-28,-0.4741
2011-07-29,-0.4625
2011-08-01,-0.5812
2011-08-02,-0.5849
2011-08-03,-0.452
2011-08-04,-0.5542
2011-08-05,-0.6304
2011-08-08,-0.3868
2011-08-09,-0.2294
2011-08-10,-0.2927
2011-08-11,-0.3236
2011-08-12,-0.3927
2011-08-15,-0.3108
2011-08-16,-0.187
2011-08-17,-0.1789
2011-08-18,0.0279
2011-08-19,-0.0796
2011-08-22,0.065
2011-08-23,-0.0027
2011-08-24,-0.1524
2011-08-25,-0.052
2011-08-26,0.0072
2011-08-29,-0.2521
2011-08-30,-0.3219
2011-08-31,-0.3099
2011-09-01,-0.1332
2011-09-02,0.057
2011-09-05,0.1274
2011-09-06,0.1481
2011-09-07,0.2424
2011-09-08,0.2171
2011-09-09,0.314
2011-09-13,-0.0178
2011-09-14,-0.1075
2011-09-15,-0.1876
2011-09-16,-0.0772
2011-09-19,-0.1894
2011-09-20,-0.1138
2011-09-21,0.0567
2011-09-22,-0.0451
2011-09-23,-0.1168
2011-09-26,-0.2103
2011-09-27,0.1172
2011-09-28,0.143
2011-09-29,0.0512
2011-09-30,-0.1892
2011-10-10,-0.135
2011-10-11,0.0355
2011-10-12,0.1442
2011-10-13,0.0719
2011-10-14,0.1709
2011-10-17,0.1583
2011-10-18,-0.1112
2011-10-19,-0.5435
2011-10-20,-0.529
2011-10-21,-0.6223
2011-10-24,-0.426
2011-10-25,-0.4631
2011-10-26,-0.5669
2011-10-27,-0.5509
2011-10-28,-0.4646
2011-10-31,-0.2741
2011-11-01,-0.4144
2011-11-02,-0.2439
2011-11-03,0.0072
2011-11-04,0.1619
2011-11-07,0.0254
2011-11-08,-0.1196
2011-11-09,-0.0627
2011-11-10,-0.1107
2011-11-11,-0.1748
2011-11-14,-0.0561
2011-11-15,0.3281
2011-11-16,0.1847
2011-11-17,0.2237
2011-11-18,0.2407
2011-11-21,0.1751
2011-11-22,-0.1706
2011-11-23,-0.2624
2011-11-24,-0.2062
2011-11-25,-0.397
2011-11-28,-0.5149
2011-11-29,-0.3138
2011-11-30,-0.6801
2011-12-01,-0.5867
2011-12-02,-0.5653
2011-12-05,-0.5092
2011-12-06,-0.3128
2011-12-07,-0.489
2011-12-08,-0.3895
2011-12-09,-0.361
2011-12-12,-0.4801
2011-12-13,-0.5867
2011-12-14,-0.5811
2011-12-15,-0.6214
2011-12-16,-0.56
2011-12-19,-0.4768
2011-12-20,-0.4142
2011-12-21,-0.4272
2011-12-22,-0.3571
2011-12-23,-0.0911
2011-12-26,0.0215
2011-12-27,-0.1013
2011-12-28,0.2404
2011-12-29,-0.1135
2011-12-30,-0.0173
2012-01-04,-0.0973
2012-01-05,-0.2173
2012-01-06,-0.1386
2012-01-09,0.1038
2012-01-10,0.2375
2012-01-11,0.3919
2012-01-12,0.5745
2012-01-13,0.5957
2012-01-16,0.5942
2012-01-17,0.572
2012-01-18,0.5076
2012-01-19,0.5676
2012-01-20,0.6396
2012-01-30,0.7023
2012-01-31,0.7667
2012-02-01,0.7588
2012-02-02,0.8962
2012-02-03,0.9066
2012-02-06,0.9153
2012-02-07,0.8665
2012-02-08,0.8989
2012-02-09,0.7363
2012-02-10,0.6238
2012-02-13,0.4238
2012-02-14,0.3967
2012-02-15,0.3401
2012-02-16,0.1967
2012-02-17,0.2094
2012-02-20,0.1919
2012-02-21,0.0692
2012-02-22,0.0561
2012-02-23,-0.0338
2012-02-24,0.0533
2012-02-27,-0.0171
2012-02-28,-0.0657
2012-02-29,0.0466
2012-03-01,-0.1389
2012-03-02,-0.178
2012-03-05,-0.0822
2012-03-06,-0.1011
2012-03-07,-0.4033
2012-03-08,-0.3587
2012-03-09,-0.3755
2012-03-12,-0.4203
2012-03-13,-0.365
2012-03-14,-0.5571
2012-03-15,-0.5037
2012-03-16,-0.5991
2012-03-19,-0.5999
2012-03-20,-0.7278
2012-03-21,-0.7732
2012-03-22,-0.7869
2012-03-23,-0.8423
2012-03-26,-0.8427
2012-03-27,-0.716
2012-03-28,-0.7708
2012-03-29,-0.7899
2012-03-30,-0.7724
2012-04-05,-0.7869
2012-04-06,-0.7106
2012-04-09,-0.6319
2012-04-10,-0.583
2012-04-11,-0.4741
2012-04-12,-0.3502
2012-04-13,-0.3222
2012-04-16,-0.2541
2012-04-17,-0.0391
2012-04-18,0.2736
2012-04-19,0.2567
2012-04-20,0.3374
2012-04-23,0.1309
2012-04-24,0.1583
2012-04-25,0.22
2012-04-26,0.2998
2012-04-27,0.0823
2012-05-02,0.388
2012-05-03,0.5392
2012-05-04,0.6712
2012-05-07,0.5074
2012-05-08,0.4492
2012-05-09,0.5347
2012-05-10,0.4818
2012-05-11,0.3473
2012-05-14,0.017
2012-05-15,-0.0975
2012-05-16,-0.0473
2012-05-17,0.1787
2012-05-18,-0.4914
2012-05-21,-0.5838
2012-05-22,-0.5831
2012-05-23,-0.3094
2012-05-24,0.0695
2012-05-25,0.1241
2012-05-28,-0.0195
2012-05-29,0.3697
2012-05-30,0.1807
2012-05-31,0.1332
2012-06-01,-0.1224
2012-06-04,-0.455
2012-06-05,-0.7771
2012-06-06,-0.7208
2012-06-07,-0.7676
2012-06-08,-0.7194
2012-06-11,-0.2466
2012-06-12,-0.5064
2012-06-13,-0.6463
2012-06-14,-0.7622
2012-06-15,-0.4545
2012-06-18,-0.4309
2012-06-19,-0.5332
2012-06-20,-0.087
2012-06-21,-0.7194
2012-06-25,-0.8757
2012-06-26,-0.6537
2012-06-27,-0.8709
2012-06-28,-0.9176
2012-06-29,-0.7158
2012-07-02,-0.5938
2012-07-03,-0.3629
2012-07-04,-0.1303
2012-07-05,-0.2356
2012-07-06,-0.2129
2012-07-09,-0.2733
2012-07-10,-0.488
2012-07-11,-0.4936
2012-07-12,-0.108
2012-07-13,-0.1948
2012-07-16,-0.5284
2012-07-17,-0.4363
2012-07-18,-0.383
2012-07-19,-0.4595
2012-07-20,-0.333
2012-07-23,0.0056
2012-07-24,0.0218
2012-07-25,0.0625
2012-07-26,0.5032
2012-07-27,0.2942
2012-07-30,0.1065
2012-07-31,0.2278
2012-08-01,0.2461
2012-08-02,0.0517
2012-08-03,0.1478
2012-08-06,0.4516
2012-08-07,0.5696
2012-08-08,0.6612
2012-08-09,0.5053
2012-08-10,0.5194
2012-08-13,0.5601
2012-08-14,0.535
2012-08-15,0.506
2012-08-16,0.5254
2012-08-17,0.5669
2012-08-20,0.5671
2012-08-21,0.5299
2012-08-22,0.5334
2012-08-23,0.5307
2012-08-24,0.4192
2012-08-27,0.3016
2012-08-28,0.4193
2012-08-29,0.3456
2012-08-30,0.5188
2012-08-31,0.4902
2012-09-03,0.4166
2012-09-04,0.2207
2012-09-05,-0.0749
2012-09-06,0.1791
2012-09-07,0.4662
2012-09-10,0.7595
2012-09-11,0.7181
2012-09-12,0.8009
2012-09-13,0.6665
2012-09-14,0.6179
2012-09-17,0.5194
2012-09-18,0.3878
2012-09-19,0.6301
2012-09-20,0.065
2012-09-21,0.3168
2012-09-24,0.6833
2012-09-25,0.089
2012-09-26,-0.1362
2012-09-27,-0.132
2012-09-28,-0.0781
2012-10-08,-0.039
2012-10-09,0.1967
2012-10-10,0.4228
2012-10-11,0.0807
2012-10-12,-0.2476
2012-10-15,-0.5821
2012-10-16,-0.5941
2012-10-17,-0.6016
2012-10-18,-0.5423
2012-10-19,-0.5785
2012-10-22,-0.4207
2012-10-23,-0.2078
2012-10-24,-0.4693
2012-10-25,-0.4726
2012-10-26,-0.6957
2012-10-29,-0.8106
2012-10-30,-0.6783
2012-10-31,-0.7141
2012-11-01,-0.7497
2012-11-02,-0.7445
2012-11-05,-0.7126
2012-11-06,-0.7595
2012-11-07,-0.7595
2012-11-08,-0.8777
2012-11-09,-0.8827
2012-11-12,-0.3706
2012-11-13,-0.3679
2012-11-14,-0.4161
2012-11-15,-0.6756
2012-11-16,-0.6596
2012-11-19,-0.3851
2012-11-20,-0.5093
2012-11-21,-0.0326
2012-11-22,0.1515
2012-11-23,0.3155
2012-11-26,0.3228
2012-11-27,0.058
2012-11-28,0.1748
2012-11-29,-0.3427
2012-11-30,-0.3577
2012-12-03,-0.3889
2012-12-04,-0.2381
2012-12-05,0.1115
2012-12-06,0.4139
2012-12-07,0.5769
2012-12-10,0.6599
2012-12-11,0.7415
2012-12-12,0.6688
2012-12-13,0.6637
2012-12-14,0.7471
2012-12-17,0.7154
2012-12-18,0.809
2012-12-19,0.8068
2012-12-20,0.884
2012-12-21,0.8686
2012-12-24,0.8623
2012-12-25,0.9185
2012-12-26,0.9039
2012-12-27,0.9047
2012-12-28,0.8724
2012-12-31,0.826
2013-01-04,0.8088
2013-01-07,0.6049
2013-01-08,0.5405
2013-01-09,0.4608
2013-01-10,0.4278
2013-01-11,0.3913
2013-01-14,0.5066
2013-01-15,0.5342
2013-01-16,0.3318
2013-01-17,0.1068
2013-01-18,0.0839
2013-01-21,0.1542
2013-01-22,0.2039
2013-01-23,0.3187
2013-01-24,0.249
2013-01-25,-0.0107
2013-01-28,0.3162
2013-01-29,0.508
2013-01-30,0.471
2013-01-31,0.1506
2013-02-01,0.3263
2013-02-04,0.5091
2013-02-05,0.0786
2013-02-06,0.3699
2013-02-07,0.0186
2013-02-08,-0.1428
2013-02-18,-0.4675
2013-02-19,-0.6772
2013-02-20,-0.8324
2013-02-21,-0.8128
2013-02-22,-0.8181
2013-02-25,-0.8221
2013-02-26,-0.7402
2013-02-27,-0.7493
2013-02-28,-0.6027
2013-03-01,-0.3992
2013-03-04,-0.7249
2013-03-05,-0.6936
2013-03-06,-0.6573
2013-03-07,-0.6723
2013-03-08,-0.6776
2013-03-11,-0.6118
2013-03-12,-0.579
2013-03-13,-0.6259
2013-03-14,-0.6224
2013-03-15,-0.6363
2013-03-18,-0.6136
2013-03-19,-0.6204
2013-03-20,-0.2662
2013-03-21,0.2856
2013-03-22,0.1667
2013-03-25,0.1397
2013-03-26,-0.2278
2013-03-27,-0.3955
2013-03-28,-0.7687
2013-03-29,-0.8477
2013-04-01,-0.5812
2013-04-02,-0.6309
2013-04-03,-0.5424
2013-04-08,-0.5747
2013-04-09,-0.3453
2013-04-10,-0.2789
2013-04-11,-0.151
2013-04-12,-0.3592
2013-04-15,-0.4218
2013-04-16,-0.182
2013-04-17,-0.1341
2013-04-18,-0.0176
2013-04-19,-0.1858
2013-04-22,-0.1386
2013-04-23,-0.2704
2013-04-24,0.0572
2013-04-25,0.0069
2013-04-26,-0.1187
2013-05-02,0.2452
2013-05-03,0.5298
2013-05-06,0.6397
2013-05-07,0.6304
2013-05-08,0.6638
2013-05-09,0.7362
2013-05-10,0.4434
2013-05-13,0.5347
2013-05-14,0.4567
2013-05-15,0.5202
2013-05-16,0.7819
2013-05-17,0.6441
2013-05-20,0.7996
2013-05-21,0.7363
2013-05-22,0.7315
2013-05-23,0.6154
2013-05-24,0.8541
2013-05-27,0.7698
2013-05-28,0.8738
2013-05-29,0.8096
2013-05-30,0.7349
2013-05-31,0.5388
2013-06-03,0.3402
2013-06-04,0.4766
2013-06-05,0.3948
2013-06-06,0.2634
2013-06-07,0.307
2013-06-13,-0.0508
2013-06-14,0.2101
2013-06-17,0.0597
2013-06-18,-0.243
2013-06-19,-0.2946
2013-06-20,-0.788
2013-06-21,-0.8232
2013-06-24,-0.9602
2013-06-25,-0.9505
2013-06-26,-0.8634
2013-06-27,-0.9641
2013-06-28,-0.8812
2013-07-01,-0.8259
2013-07-02,-0.727
2013-07-03,-0.5574
2013-07-04,-0.4678
2013-07-05,-0.4999
2013-07-08,-0.5368
2013-07-09,-0.5012
2013-07-10,-0.2382
2013-07-11,-0.147
2013-07-12,-0.3464
2013-07-15,-0.1109
2013-07-16,-0.0444
2013-07-17,-0.1528
2013-07-18,0.3047
2013-07-19,0.2245
2013-07-22,0.6542
2013-07-23,0.7177
2013-07-24,0.629
2013-07-25,0.5552
2013-07-26,0.2609
2013-07-29,0.1023
2013-07-30,0.1095
2013-07-31,0.2436
2013-08-01,0.4801
2013-08-02,0.5775
2013-08-05,0.5963
2013-08-06,0.5641
2013-08-07,0.3146
2013-08-08,0.2039
2013-08-09,0.3189
2013-08-12,0.1068
2013-08-13,0.1985
2013-08-14,0.3561
2013-08-15,0.2133
2013-08-16,0.3426
2013-08-19,0.3898
2013-08-20,0.2034
2013-08-21,0.2164
2013-08-22,0.4985
2013-08-23,0.4918
2013-08-26,0.6102
2013-08-27,0.6195
2013-08-28,0.3233
2013-08-29,-0.1734
2013-08-30,-0.5223
2013-09-02,-0.2776
2013-09-03,0.0684
2013-09-04,0.0017
2013-09-05,0.1011
2013-09-06,-0.0088
2013-09-09,0.176
2013-09-10,-0.0997
2013-09-11,-0.3789
2013-09-12,-0.1747
2013-09-13,-0.3306
2013-09-16,-0.4983
2013-09-17,-0.4025
2013-09-18,-0.4951
2013-09-23,-0.5595
2013-09-24,-0.7529
2013-09-25,-0.766
2013-09-26,-0.5879
2013-09-27,-0.3766
2013-09-30,-0.2089
2013-10-08,0.3323
2013-10-09,0.0772
2013-10-10,-0.2984
2013-10-11,-0.2097
2013-10-14,-0.5802
2013-10-15,-0.646
2013-10-16,-0.654
2013-10-17,-0.5146
2013-10-18,-0.3009
2013-10-21,-0.2416
2013-10-22,-0.3228
2013-10-23,-0.3401
2013-10-24,-0.4718
2013-10-25,-0.4053
2013-10-28,-0.4733
2013-10-29,-0.2726
2013-10-30,-0.4665
2013-10-31,-0.4523
2013-11-01,-0.3874
2013-11-04,-0.3532
2013-11-05,-0.4451
2013-11-06,-0.4224
2013-11-07,-0.2599
2013-11-08,-0.3494
2013-11-11,-0.0747
2013-11-12,0.1509
2013-11-13,0.3825
2013-11-14,0.4346
2013-11-15,0.4065
2013-11-18,0.5017
2013-11-19,0.598
2013-11-20,0.6137
2013-11-21,0.5888
2013-11-22,0.5202
2013-11-25,0.4818
2013-11-26,0.4212
2013-11-27,0.679
2013-11-28,0.705
2013-11-29,0.6207
2013-12-02,0.7263
2013-12-03,0.6335
2013-12-04,0.4297
2013-12-05,0.3696
2013-12-06,0.3896
2013-12-09,0.4292
2013-12-10,0.3401
2013-12-11,0.2172
2013-12-12,0.1524
2013-12-13,-0.0896
2013-12-16,-0.2698
2013-12-17,-0.2736
2013-12-18,-0.4102
2013-12-19,-0.2874
2013-12-20,-0.5898
2013-12-23,-0.5332
2013-12-24,-0.4466
2013-12-25,-0.5194
2013-12-26,-0.5124
2013-12-27,-0.4912
2013-12-30,-0.3705
2013-12-31,-0.2626
2014-01-02,0.0288
2014-01-03,0.1489
2014-01-06,0.4914
2014-01-07,0.5037
2014-01-08,0.571
2014-01-09,0.5648
2014-01-10,0.4774
2014-01-13,0.4674
2014-01-14,0.3945
2014-01-15,0.4146
2014-01-16,0.3887
2014-01-17,0.4872
2014-01-20,0.5565
2014-01-21,0.6424
2014-01-22,0.5891
2014-01-23,0.5365
2014-01-24,0.5523
2014-01-27,0.4301
2014-01-28,0.4467
2014-01-29,0.4708
2014-01-30,0.4443
2014-02-07,0.4251
2014-02-10,0.358
2014-02-11,0.3866
2014-02-12,0.2434
2014-02-13,0.2434
2014-02-14,0.2207
2014-02-17,0.4084
2014-02-18,0.313
2014-02-19,0.1989
2014-02-20,0.022
2014-02-21,-0.0035
2014-02-24,0.2517
2014-02-25,-0.2478
2014-02-26,-0.2286
2014-02-27,-0.406
2014-02-28,-0.456
2014-03-03,-0.5282
2014-03-04,-0.4769
2014-03-05,-0.5802
2014-03-06,-0.5534
2014-03-07,-0.5552
2014-03-10,-0.5861
2014-03-11,-0.6201
2014-03-12,-0.5535
2014-03-13,-0.6503
2014-03-14,-0.4627
2014-03-17,-0.4483
2014-03-18,-0.4678
2014-03-19,-0.5288
2014-03-20,-0.3725
2014-03-21,-0.2221
2014-03-24,-0.1945
2014-03-25,-0.2196
2014-03-26,-0.2281
2014-03-27,-0.3359
2014-03-28,-0.3191
2014-03-31,-0.3395
2014-04-01,-0.4196
2014-04-02,-0.3077
2014-04-03,-0.2971
2014-04-04,-0.2159
2014-04-08,-0.0094
2014-04-09,0.2306
2014-04-10,0.1862
2014-04-11,-0.1091
2014-04-14,-0.1502
2014-04-15,-0.4196
2014-04-16,-0.2283
2014-04-17,-0.2586
2014-04-18,-0.0755
2014-04-21,-0.2509
2014-04-22,-0.1516
2014-04-23,0.1239
2014-04-24,0.0425
2014-04-25,0.2712
2014-04-28,0.388
2014-04-29,0.4356
2014-04-30,0.2146
2014-05-05,0.1081
2014-05-06,0.075
2014-05-07,-0.0542
2014-05-08,-0.1609
2014-05-09,-0.3637
2014-05-12,0.2269
2014-05-13,0.4731
2014-05-14,0.414
2014-05-15,0.301
2014-05-16,0.2109
2014-05-19,0.2108
2014-05-20,0.273
2014-05-21,0.2729
2014-05-22,0.4324
2014-05-23,0.5615
2014-05-26,0.4409
2014-05-27,0.3509
2014-05-28,0.43
2014-05-29,0.3789
2014-05-30,0.5921
2014-06-03,0.7279
2014-06-04,0.7566
2014-06-05,0.6976
2014-06-06,0.6377
2014-06-09,0.5396
2014-06-10,0.4561
2014-06-11,0.4837
2014-06-12,0.4117
2014-06-13,0.7132
2014-06-16,0.809
2014-06-17,0.8004
2014-06-18,0.875
2014-06-19,0.7198
2014-06-20,0.8306
2014-06-23,0.8282
2014-06-24,0.8236
2014-06-25,0.7798
2014-06-26,0.6518
2014-06-27,0.6038
2014-06-30,0.6255
2014-07-01,0.5912
2014-07-02,0.5409
2014-07-03,0.3419
2014-07-04,0.4424
2014-07-07,0.555
2014-07-08,0.3287
2014-07-09,0.2479
2014-07-10,-0.0266
2014-07-11,-0.2358
2014-07-14,-0.3935
2014-07-15,-0.5685
2014-07-16,-0.6937
2014-07-17,-0.616
2014-07-18,-0.7516
2014-07-21,-0.8551
2014-07-22,-0.7071
2014-07-23,-0.6321
2014-07-24,-0.4593
2014-07-25,-0.3571
2014-07-28,-0.2642
2014-07-29,-0.23
2014-07-30,-0.2409
2014-07-31,-0.2218
2014-08-01,-0.4187
2014-08-04,-0.351
2014-08-05,-0.3484
2014-08-06,-0.1772
2014-08-07,-0.0616
2014-08-08,-0.1377
2014-08-11,-0.1011
2014-08-12,0.2304
2014-08-13,0.5336
2014-08-14,0.4982
2014-08-15,0.6895
2014-08-18,0.7283
2014-08-19,0.6453
2014-08-20,0.3157
2014-08-21,0.2015
2014-08-22,0.088
2014-08-25,-0.0918
2014-08-26,-0.2951
2014-08-27,-0.2356
2014-08-28,-0.2134
2014-08-29,0.0985
2014-09-01,0.0781
2014-09-02,0.0955
2014-09-03,-0.0164
2014-09-04,-0.0547
2014-09-05,-0.2058
2014-09-09,-0.2813
2014-09-10,-0.2853
2014-09-11,-0.1966
2014-09-12,-0.1643
2014-09-15,-0.1484
2014-09-16,-0.546
2014-09-17,-0.7539
2014-09-18,-0.5896
2014-09-19,-0.6068
2014-09-22,-0.5376
2014-09-23,-0.305
2014-09-24,0.0969
2014-09-25,-0.1479
2014-09-26,-0.2314
2014-09-29,-0.1992
2014-09-30,-0.3509
2014-10-08,-0.5046
2014-10-09,-0.4292
2014-10-10,-0.4043
2014-10-13,-0.1633
2014-10-14,-0.1635
2014-10-15,-0.2883
2014-10-16,-0.3928
2014-10-17,-0.3414
2014-10-20,-0.2713
2014-10-21,0.0372
2014-10-22,0.4047
2014-10-23,0.3988
2014-10-24,0.2261
2014-10-27,0.4105
2014-10-28,0.3966
2014-10-29,-0.0322
2014-10-30,-0.4456
2014-10-31,-0.2079
2014-11-03,-0.359
2014-11-04,-0.4237
2014-11-05,-0.3584
2014-11-06,-0.3677
2014-11-07,-0.2614
2014-11-10,-0.439
2014-11-11,-0.434
2014-11-12,-0.2583
2014-11-13,-0.1893
2014-11-14,-0.3595
2014-11-17,-0.4874
2014-11-18,-0.4256
2014-11-19,-0.5628
2014-11-20,-0.5354
2014-11-21,-0.2628
2014-11-24,-0.066
2014-11-25,-0.0327
2014-11-26,0.1357
2014-11-27,0.4349
2014-11-28,0.5296
2014-12-01,0.2446
2014-12-02,0.3207
2014-12-03,0.3978
2014-12-04,0.3262
2014-12-05,0.4154
2014-12-08,0.4222
2014-12-09,-0.0045
2014-12-10,-0.1654
2014-12-11,-0.0188
2014-12-12,0.1979
2014-12-15,-0.2057
2014-12-16,0.0973
2014-12-17,0.1533
2014-12-18,0.0661
2014-12-19,-0.2191
2014-12-22,-0.2774
2014-12-23,-0.5997
2014-12-24,-0.7611
2014-12-25,-0.7786
2014-12-26,-0.802
2014-12-29,-0.7422
2014-12-30,-0.8118
2014-12-31,-0.7891
2015-01-05,-0.7663
2015-01-06,-0.8519
2015-01-07,-0.7419
2015-01-08,-0.3687
2015-01-09,-0.0723
2015-01-12,-0.0197
2015-01-13,0.0175
2015-01-14,0.2604
2015-01-15,-0.0028
2015-01-16,0.0086
2015-01-19,0.1794
2015-01-20,0.2975
2015-01-21,0.3557
2015-01-22,0.5043
2015-01-23,0.6623
2015-01-26,0.4217
2015-01-27,0.2477
2015-01-28,0.2396
2015-01-29,0.1454
2015-01-30,0.066
2015-02-02,0.1277
2015-02-03,0.1949
2015-02-04,0.1507
2015-02-05,0.1955
2015-02-06,0.1906
2015-02-09,0.133
2015-02-10,0.125
2015-02-11,0.0619
2015-02-12,0.0026
2015-02-13,-0.0375
2015-02-16,-0.0448
2015-02-17,0.0438
2015-02-25,-0.1465
2015-02-26,-0.2935
2015-02-27,-0.2531
2015-03-02,-0.1157
2015-03-03,-0.1121
2015-03-04,-0.1307
2015-03-05,-0.0474
2015-03-06,0.0864
2015-03-09,-0.0371
2015-03-10,-0.2124
2015-03-11,-0.2488
2015-03-12,-0.3197
2015-03-13,-0.37
2015-03-16,-0.3178
2015-03-17,-0.3643
2015-03-18,-0.3892
2015-03-19,-0.4829
2015-03-20,-0.4308
2015-03-23,-0.4877
2015-03-24,-0.4701
2015-03-25,-0.3651
2015-03-26,-0.2843
2015-03-27,-0.3201
2015-03-30,-0.54
2015-03-31,-0.2983
2015-04-01,-0.1172
2015-04-02,-0.0782
2015-04-03,0.0732
2015-04-07,0.0282
2015-04-08,0.057
2015-04-09,0.1979
2015-04-10,0.2198
2015-04-13,-0.1036
2015-04-14,-0.5683
2015-04-15,-0.54
2015-04-16,-0.4763
2015-04-17,-0.4605
2015-04-20,-0.6022
2015-04-21,-0.6029
2015-04-22,-0.4908
2015-04-23,-0.4652
2015-04-24,-0.5383
2015-04-27,-0.5737
2015-04-28,-0.5608
2015-04-29,-0.5463
2015-04-30,-0.6137
2015-05-04,-0.6221
2015-05-05,-0.6056
2015-05-06,-0.667
2015-05-07,-0.2373
2015-05-08,-0.3651
2015-05-11,-0.2732
2015-05-12,-0.0896
2015-05-13,0.194
2015-05-14,0.2861
2015-05-15,0.2094
2015-05-18,0.3472
2015-05-19,0.5705
2015-05-20,0.4869
2015-05-21,0.3771
2015-05-22,0.392
2015-05-25,0.3385
2015-05-26,0.4985
2015-05-27,0.4876
2015-05-28,0.46
2015-05-29,0.5967
2015-06-01,0.6099
2015-06-02,0.4842
2015-06-03,0.3642
2015-06-04,0.3581
2015-06-05,0.23
2015-06-08,0.2075
2015-06-09,0.3459
2015-06-10,0.3356
2015-06-11,0.1799
2015-06-12,0.1304
2015-06-15,-0.1624
2015-06-16,-0.1167
2015-06-17,-0.2204
2015-06-18,-0.1833
2015-06-19,-0.0481
2015-06-23,0.0276
2015-06-24,-0.2166
2015-06-25,-0.334
2015-06-26,-0.3761
2015-06-29,-0.4586
2015-06-30,-0.4929
2015-07-01,-0.5291
2015-07-02,-0.5095
2015-07-03,-0.5026
2015-07-06,-0.475
2015-07-07,-0.4447
2015-07-08,-0.4614
2015-07-09,-0.5008
2015-07-10,-0.5266
2015-07-13,-0.5358
2015-07-14,-0.3115
2015-07-15,-0.2001
2015-07-16,-0.1978
2015-07-17,-0.0678
2015-07-20,-0.1109
2015-07-21,-0.2199
2015-07-22,0.0789
2015-07-23,0.1611
2015-07-24,0.2245
2015-07-27,0.344
2015-07-28,0.3285
2015-07-29,0.2884
2015-07-30,0.2228
2015-07-31,-0.0677
2015-08-03,-0.0666
2015-08-04,0.0941
2015-08-05,0.1088
2015-08-06,0.3079
2015-08-07,0.4999
2015-08-10,0.5205
2015-08-11,0.2291
2015-08-12,-0.0082
2015-08-13,-0.0067
2015-08-14,-0.1319
2015-08-17,-0.2461
2015-08-18,-0.1434
2015-08-19,-0.2524
2015-08-20,-0.2913
2015-08-21,-0.3728
2015-08-24,-0.3684
2015-08-25,-0.3232
2015-08-26,-0.5176
2015-08-27,-0.5314
2015-08-28,-0.3714
2015-08-31,-0.1898
2015-09-01,-0.2756
2015-09-02,-0.4287
2015-09-07,-0.434
2015-09-08,-0.4331
2015-09-09,-0.3236
2015-09-10,-0.3225
2015-09-11,-0.1651
2015-09-14,-0.3127
2015-09-15,-0.3501
2015-09-16,-0.2919
2015-09-17,-0.1379
2015-09-18,-0.0436
2015-09-21,0.0947
2015-09-22,0.181
2015-09-23,0.2928
2015-09-24,0.522
2015-09-25,0.6337
2015-09-28,0.7488
2015-09-29,0.7065
2015-09-30,0.7046
2015-10-08,0.6269
2015-10-09,0.8175
2015-10-12,0.7945
2015-10-13,0.7769
2015-10-14,0.7655
2015-10-15,0.7438
2015-10-16,0.7191
2015-10-19,0.6917
2015-10-20,0.6145
2015-10-21,0.6578
2015-10-22,0.4266
2015-10-23,0.3342
2015-10-26,0.441
2015-10-27,0.3914
2015-10-28,0.3985
2015-10-29,0.3032
2015-10-30,0.3206
2015-11-02,0.1038
2015-11-03,0.2138
2015-11-04,0.2063
2015-11-05,0.1589
2015-11-06,0.1604
2015-11-09,0.1955
2015-11-10,0.3477
2015-11-11,0.2935
2015-11-12,0.3156
2015-11-13,0.3334
2015-11-16,0.4313
2015-11-17,0.3743
2015-11-18,0.5011
2015-11-19,0.6866
2015-11-20,0.6668
2015-11-23,0.5
2015-11-24,0.4543
2015-11-25,0.5924
2015-11-26,0.6636
2015-11-27,0.4576
2015-11-30,0.7229
2015-12-01,0.1957
2015-12-02,-0.2581
2015-12-03,0.1362
2015-12-04,-0.4045
2015-12-07,-0.4903
2015-12-08,-0.5438
2015-12-09,-0.524
2015-12-10,-0.5525
2015-12-11,-0.4735
2015-12-14,-0.5554
2015-12-15,-0.3696
2015-12-16,0.0648
2015-12-17,-0.3514
2015-12-18,-0.548
2015-12-21,-0.5818
2015-12-22,-0.5903
2015-12-23,-0.6022
2015-12-24,-0.5887
2015-12-25,-0.5761
2015-12-28,-0.6804
2015-12-29,-0.4801
2015-12-30,-0.0619
2015-12-31,-0.6638
2016-01-04,-0.635
2016-01-05,-0.5866
2016-01-06,-0.7139
2016-01-07,-0.7442
2016-01-08,-0.6595
2016-01-11,-0.6954
2016-01-12,-0.8305
2016-01-13,-0.7841
2016-01-14,-0.8271
2016-01-15,-0.6318
2016-01-18,-0.6795
2016-01-19,-0.578
2016-01-20,-0.5897
2016-01-21,-0.5477
2016-01-22,-0.5523
2016-01-25,-0.5496
2016-01-26,-0.5784
2016-01-27,-0.4682
2016-01-28,-0.5477
2016-01-29,-0.4312
2016-02-01,-0.4962
2016-02-02,-0.1901
2016-02-03,-0.1497
2016-02-04,-0.0519
2016-02-05,-0.0331
2016-02-15,0.2351
2016-02-16,0.3546
2016-02-17,0.4843
2016-02-18,0.467
2016-02-19,0.4674
2016-02-22,0.3964
2016-02-23,0.4588
2016-02-24,0.2927
2016-02-25,0.3139
2016-02-26,0.1482
2016-02-29,0.1244
2016-03-01,0.2752
2016-03-02,0.1071
2016-03-03,0.2748
2016-03-04,-0.1259
2016-03-07,0.0169
2016-03-08,-0.0535
2016-03-09,-0.143
2016-03-10,-0.3442
2016-03-11,-0.2403
2016-03-14,-0.3221
2016-03-15,-0.5472
2016-03-16,-0.3419
2016-03-17,-0.2575
2016-03-18,-0.0789
2016-03-21,0.0235
2016-03-22,-0.045
2016-03-23,0.521
2016-03-24,0.3515
2016-03-25,0.2006
2016-03-28,0.0974
2016-03-29,0.0784
2016-03-30,0.1349
2016-03-31,0.077
2016-04-01,0.3026
2016-04-05,0.3009
2016-04-06,0.1502
2016-04-07,0.3886
2016-04-08,0.4852
2016-04-11,0.5019
2016-04-12,0.4632
2016-04-13,0.5841
2016-04-14,0.5593
2016-04-15,0.4965
2016-04-18,0.2666
2016-04-19,0.1085
2016-04-20,0.2293
2016-04-21,0.0657
2016-04-22,0.1928
2016-04-25,0.2795
2016-04-26,0.5281
2016-04-27,0.4286
2016-04-28,0.2502
2016-04-29,0.1584
2016-05-03,0.1286
2016-05-04,-0.0937
2016-05-05,-0.0585
2016-05-06,-0.2368
2016-05-09,-0.4044
2016-05-10,-0.5264
2016-05-11,-0.6085
2016-05-12,-0.6044
2016-05-13,-0.6102
2016-05-16,-0.622
2016-05-17,-0.5672
2016-05-18,-0.5624
2016-05-19,-0.5104
2016-05-20,-0.4103
2016-05-23,-0.3637
2016-05-24,-0.263
2016-05-25,-0.3
2016-05-26,-0.0679
2016-05-27,-0.1975
2016-05-30,-0.0913
2016-05-31,0.2005
2016-06-01,0.3007
2016-06-02,0.4052
2016-06-03,0.3298
2016-06-06,0.4723
2016-06-07,0.6703
2016-06-08,0.7842
2016-06-13,0.7453
2016-06-14,0.7745
2016-06-15,0.7706
2016-06-16,0.7016
2016-06-17,0.5277
2016-06-20,0.5022
2016-06-21,0.3914
2016-06-22,0.4199
2016-06-23,0.4678
2016-06-24,0.4332
2016-06-27,0.424
2016-06-28,0.4295
2016-06-29,0.4011
2016-06-30,0.1961
2016-07-01,0.0605
2016-07-04,0.0277
2016-07-05,0.0553
2016-07-06,-0.2278
2016-07-07,-0.3135
2016-07-08,-0.3975
2016-07-11,-0.1946
2016-07-12,-0.2255
2016-07-13,-0.5514
2016-07-14,-0.6535
2016-07-15,-0.7559
2016-07-18,-0.8254
2016-07-19,-0.6527
2016-07-20,-0.8206
2016-07-21,-0.8935
2016-07-22,-0.8673
2016-07-25,-0.9302
2016-07-26,-0.9274
2016-07-27,-0.9371
2016-07-28,-0.9438
2016-07-29,-0.943
2016-08-01,-0.8811
2016-08-02,-0.7607
2016-08-03,-0.7127
2016-08-04,-0.6587
2016-08-05,-0.5716
2016-08-08,-0.5029
2016-08-09,-0.5579
2016-08-10,-0.5311
2016-08-11,-0.5054
2016-08-12,-0.4105
2016-08-15,-0.3322
2016-08-16,-0.3818
2016-08-17,-0.3561
2016-08-18,-0.2955
2016-08-19,-0.384
2016-08-22,-0.3451
2016-08-23,-0.2467
2016-08-24,0.3522
2016-08-25,0.6084
2016-08-26,0.6673
2016-08-29,0.5932
2016-08-30,0.7109
2016-08-31,0.7416
2016-09-01,0.6606
2016-09-02,0.6261
2016-09-05,0.6271
2016-09-06,0.707
2016-09-07,0.6024
2016-09-08,0.5841
2016-09-09,0.5268
2016-09-12,0.2648
2016-09-13,0.3338
2016-09-14,0.4548
2016-09-19,0.4751
2016-09-20,0.5304
2016-09-21,0.6062
2016-09-22,0.6022
2016-09-23,0.448
2016-09-26,0.3502
2016-09-27,0.6094
2016-09-28,0.676
2016-09-29,0.5949
2016-09-30,0.4967
2016-10-10,0.4665
2016-10-11,0.4479
2016-10-12,0.3959
2016-10-13,0.2397
2016-10-14,0.1037
2016-10-17,-0.1522
2016-10-18,-0.2727
2016-10-19,0.0118
2016-10-20,-0.0257
2016-10-21,-0.454
2016-10-24,-0.4675
2016-10-25,-0.4843
2016-10-26,-0.7851
2016-10-27,-0.7152
2016-10-28,-0.7758
2016-10-31,-0.708
2016-11-01,-0.7423
2016-11-02,-0.6987
2016-11-03,-0.6842
2016-11-04,-0.5734
2016-11-07,-0.5427
2016-11-08,-0.5874
2016-11-09,-0.4812
2016-11-10,-0.3217
2016-11-11,-0.1012
2016-11-14,-0.0707
2016-11-15,0.2692
2016-11-16,0.4189
2016-11-17,-0.1663
2016-11-18,0.3656
2016-11-21,0.1912
2016-11-22,0.3349
2016-11-23,0.4722
2016-11-24,0.056
2016-11-25,0.0135
2016-11-28,-0.5419
2016-11-29,-0.6909
2016-11-30,-0.8045
2016-12-01,-0.7982
2016-12-02,-0.8173
2016-12-05,-0.1767
2016-12-06,-0.3531
2016-12-07,-0.3539
2016-12-08,-0.3309
2016-12-09,-0.5222
2016-12-12,-0.5215
2016-12-13,-0.5471
2016-12-14,-0.4706
2016-12-15,-0.1073
2016-12-16,-0.2784
2016-12-19,-0.2837
2016-12-20,-0.3656
2016-12-21,-0.642
2016-12-22,-0.5002
2016-12-23,-0.4754
2016-12-26,0.0693
2016-12-27,0.5499
2016-12-28,0.4939
2016-12-29,0.3634
2016-12-30,0.4794
2017-01-03,-0.2951
2017-01-04,-0.1591
2017-01-05,-0.2072
2017-01-06,-0.3078
2017-01-09,0.093
2017-01-10,0.285
2017-01-11,0.3504
2017-01-12,0.2091
2017-01-13,0.223
2017-01-16,0.0297
2017-01-17,0.4217
2017-01-18,0.1849
2017-01-19,0.351
2017-01-20,0.5357
2017-01-23,0.6956
2017-01-24,0.7547
2017-01-25,0.6919
2017-01-26,0.7535
2017-02-03,0.7862
2017-02-06,0.7596
2017-02-07,0.7241
2017-02-08,0.7551
2017-02-09,0.712
2017-02-10,0.5433
2017-02-13,0.5016
2017-02-14,0.2692
2017-02-15,-0.0551
2017-02-16,-0.1532
2017-02-17,-0.0266
2017-02-20,0.2047
2017-02-21,0.259
2017-02-22,0.4762
2017-02-23,0.4369
2017-02-24,0.2713
2017-02-27,0.2335
2017-02-28,0.2208
2017-03-01,0.3688
2017-03-02,0.2677
2017-03-03,0.3831
2017-03-06,0.4332
2017-03-07,0.398
2017-03-08,0.269
2017-03-09,0.344
2017-03-10,0.4988
2017-03-13,0.5144
2017-03-14,0.5489
2017-03-15,0.4823
2017-03-16,0.5551
2017-03-17,0.4001
2017-03-20,0.2962
2017-03-21,-0.1717
2017-03-22,-0.3821
2017-03-23,-0.4988
2017-03-24,-0.6133
2017-03-27,-0.611
2017-03-28,-0.6348
2017-03-29,-0.8358
2017-03-30,-0.9385
2017-03-31,-0.8932
2017-04-05,-0.8739
2017-04-06,-0.7317
2017-04-07,-0.6602
2017-04-10,-0.5861
2017-04-11,-0.5547
2017-04-12,-0.5968
2017-04-13,-0.6219
2017-04-14,-0.5908
2017-04-17,-0.8597
2017-04-18,-0.9304
2017-04-19,-0.9129
2017-04-20,-0.9037
2017-04-21,-0.6968
2017-04-24,-0.5351
2017-04-25,-0.461
2017-04-26,-0.4433
2017-04-27,-0.4372
2017-04-28,-0.1144
2017-05-02,0.035
2017-05-03,-0.0829
2017-05-04,-0.2222
2017-05-05,-0.058
2017-05-08,-0.1421
2017-05-09,0.0521
2017-05-10,0.0865
2017-05-11,0.1193
2017-05-12,0.1593
2017-05-15,0.2337
2017-05-16,0.4943
2017-05-17,0.6722
2017-05-18,0.7455
2017-05-19,0.8211
2017-05-22,0.7222
2017-05-23,0.5617
2017-05-24,0.6768
2017-05-25,0.7071
2017-05-26,0.6316
2017-05-31,0.3199
2017-06-01,0.0406
2017-06-02,0.1572
2017-06-05,0.4369
2017-06-06,0.53
2017-06-07,0.5881
2017-06-08,0.3033
2017-06-09,0.298
2017-06-12,0.1411
2017-06-13,0.3533
2017-06-14,0.4674
2017-06-15,0.4756
2017-06-16,0.5474
2017-06-19,0.4242
2017-06-20,0.5989
2017-06-21,0.4777
2017-06-22,0.5561
2017-06-23,0.5251
2017-06-26,0.2953
2017-06-27,0.3259
2017-06-28,0.46
2017-06-29,0.5825
2017-06-30,0.5163
2017-07-03,0.5245
2017-07-04,0.5651
2017-07-05,0.5838
2017-07-06,0.5974
2017-07-07,0.6138
2017-07-10,0.57
2017-07-11,0.4742
2017-07-12,0.4976
2017-07-13,0.3498
2017-07-14,0.1746
2017-07-17,0.1637
2017-07-18,0.0051
2017-07-19,0.2854
2017-07-20,0.1377
2017-07-21,0.0041
2017-07-24,-0.1261
2017-07-25,-0.0164
2017-07-26,0.0505
2017-07-27,0.1278
2017-07-28,0.1285
2017-07-31,0.1874
2017-08-01,0.195
2017-08-02,0.3009
2017-08-03,0.1966
2017-08-04,-0.0331
2017-08-07,0.2191
2017-08-08,0.2848
2017-08-09,-0.089
2017-08-10,-0.1656
2017-08-11,-0.2548
2017-08-14,-0.0743
2017-08-15,0.0355
2017-08-16,-0.1319
2017-08-17,-0.0112
2017-08-18,-0.0332
2017-08-21,0.0102
2017-08-22,-0.0387
2017-08-23,-0.1937
2017-08-24,-0.3779
2017-08-25,-0.1124
2017-08-28,0.0244
2017-08-29,-0.2228
2017-08-30,-0.365
2017-08-31,-0.2384
2017-09-01,0.0433
2017-09-04,0.3271
2017-09-05,0.4527
2017-09-06,0.5361
2017-09-07,0.594
2017-09-08,0.7725
2017-09-11,0.8168
2017-09-12,0.8134
2017-09-13,0.7756
2017-09-14,0.67
2017-09-15,0.5251
2017-09-18,0.4884
2017-09-19,0.4757
2017-09-20,0.64
2017-09-21,0.526
2017-09-22,0.2495
2017-09-25,-0.2916
2017-09-26,-0.0568
2017-09-27,0.0793
2017-09-28,-0.1832
2017-09-29,-0.3725
2017-10-09,-0.5721
2017-10-10,-0.7377
2017-10-11,-0.7938
2017-10-12,-0.7278
2017-10-13,-0.735
2017-10-16,-0.7079
2017-10-17,-0.7847
2017-10-18,-0.7388
2017-10-19,-0.6694
2017-10-20,-0.8039
2017-10-23,-0.8242
2017-10-24,-0.8533
2017-10-25,-0.87
2017-10-26,-0.9002
2017-10-27,-0.9099
2017-10-30,-0.8769
2017-10-31,-0.8696
2017-11-01,-0.8904
2017-11-02,-0.8633
2017-11-03,-0.8183
2017-11-06,-0.8771
2017-11-07,-0.6876
2017-11-08,-0.3918
2017-11-09,-0.4402
2017-11-10,-0.2208
2017-11-13,0.1446
2017-11-14,0.2879
2017-11-15,0.2176
2017-11-16,0.452
2017-11-17,-0.0396
2017-11-20,0.2285
2017-11-21,0.2446
2017-11-22,0.3502
2017-11-23,0.3991
2017-11-24,0.553
2017-11-27,0.5764
2017-11-28,0.6381
2017-11-29,0.6621
2017-11-30,0.6468
2017-12-01,0.6418
2017-12-04,0.5572
2017-12-05,0.4289
2017-12-06,0.4436
2017-12-07,0.3827
2017-12-08,0.3429
2017-12-11,0.0938
2017-12-12,-0.0912
2017-12-13,0.1249
2017-12-14,0.0669
2017-12-15,0.2954
2017-12-18,-0.1867
2017-12-19,-0.0106
2017-12-20,-0.388
2017-12-21,-0.1659
2017-12-22,-0.2239
2017-12-25,-0.3181
2017-12-26,-0.3754
2017-12-27,-0.4828
2017-12-28,-0.4195
2017-12-29,-0.4269
2018-01-02,-0.2086
2018-01-03,0.1216
2018-01-04,-0.1655
2018-01-05,-0.4031
2018-01-08,-0.5142
2018-01-09,-0.605
2018-01-10,-0.5452
2018-01-11,-0.3228
2018-01-12,-0.4318
2018-01-15,-0.4618
2018-01-16,-0.3394
2018-01-17,-0.4349
2018-01-18,-0.2637
2018-01-19,-0.1842
2018-01-22,-0.4132
2018-01-23,-0.1916
2018-01-24,-0.1813
2018-01-25,-0.2647
2018-01-26,-0.3169
2018-01-29,-0.1722
2018-01-30,-0.3583
2018-01-31,-0.4761
2018-02-01,-0.3788
2018-02-02,-0.0738
2018-02-05,0.1632
2018-02-06,0.1711
2018-02-07,0.1443
2018-02-08,0.0402
2018-02-09,0.0558
2018-02-12,0.2894
2018-02-13,0.3003
2018-02-14,0.2697
2018-02-22,0.3658
2018-02-23,0.1978
2018-02-26,0.5134
2018-02-27,0.5128
2018-02-28,0.4539
2018-03-01,0.5272
2018-03-02,0.5022
2018-03-05,0.4142
2018-03-06,0.4732
2018-03-07,0.5404
2018-03-08,0.4216
2018-03-09,0.3383
2018-03-12,0.1349
2018-03-13,0.3381
2018-03-14,0.1659
2018-03-15,0.1619
2018-03-16,0.3464
2018-03-19,0.3401
2018-03-20,0.2849
2018-03-21,0.2907
2018-03-22,0.3941
2018-03-23,-0.2693
2018-03-26,-0.3153
2018-03-27,-0.2432
2018-03-28,-0.1454
2018-03-29,-0.2495
2018-03-30,0.1687
2018-04-02,0.2059
2018-04-03,-0.1453
2018-04-04,-0.3363
2018-04-09,0.1321
2018-04-10,-0.017
2018-04-11,-0.2878
2018-04-12,-0.3329
2018-04-13,0.0566
2018-04-16,0.2447
2018-04-17,0.1768
2018-04-18,0.5575
2018-04-19,0.4849
2018-04-20,0.3929
2018-04-23,-0.1782
2018-04-24,0.6666
2018-04-25,0.2436
2018-04-26,-0.0602
2018-04-27,-0.3232
2018-05-02,-0.5492
2018-05-03,-0.5378
2018-05-04,-0.6237
2018-05-07,-0.6106
2018-05-08,-0.3954
2018-05-09,-0.4999
2018-05-10,-0.6906
2018-05-11,-0.6342
2018-05-14,-0.5967
2018-05-15,-0.6626
2018-05-16,-0.6263
2018-05-17,-0.6773
2018-05-18,-0.7367
2018-05-21,-0.745
2018-05-22,-0.7989
2018-05-23,-0.7738
2018-05-24,-0.8412
2018-05-25,-0.8842
2018-05-28,-0.8608
2018-05-29,-0.8478
2018-05-30,-0.871
2018-05-31,-0.8856
2018-06-01,-0.6592
2018-06-04,-0.6074
2018-06-05,-0.6984
2018-06-06,-0.798
2018-06-07,-0.4854
2018-06-08,-0.6749
2018-06-11,-0.5592
2018-06-12,-0.566
2018-06-13,-0.3696
2018-06-14,-0.3342
2018-06-15,-0.3955
2018-06-19,-0.5409
2018-06-20,-0.5498
2018-06-21,-0.5536
2018-06-22,-0.5134
2018-06-25,-0.5153
2018-06-26,-0.0789
2018-06-27,0.1128
2018-06-28,0.4015
2018-06-29,0.64
2018-07-02,0.4394
2018-07-03,0.5715
2018-07-04,0.3424
2018-07-05,0.2899
2018-07-06,0.2991
2018-07-09,0.5476
2018-07-10,0.4481
2018-07-11,0.4612
2018-07-12,0.6648
2018-07-13,0.5519
2018-07-16,0.4678
2018-07-17,0.5538
2018-07-18,0.5528
2018-07-19,0.5689
2018-07-20,0.5923
2018-07-23,0.6478
2018-07-24,0.4752
2018-07-25,0.5972
2018-07-26,0.3859
2018-07-27,0.1737
2018-07-30,0.2843
2018-07-31,0.1433
2018-08-01,0.1391
2018-08-02,-0.0066
2018-08-03,0.0026
2018-08-06,-0.022
2018-08-07,-0.0489
2018-08-08,0.0042
2018-08-09,0.0169
2018-08-10,0.0707
2018-08-13,0.1491
2018-08-14,0.0394
2018-08-15,0.117
2018-08-16,0.2992
2018-08-17,0.1192
2018-08-20,0.2731
2018-08-21,0.2213
2018-08-22,0.2184
2018-08-23,0.4921
2018-08-24,0.5673
2018-08-27,0.4859
2018-08-28,0.5281
2018-08-29,0.5504
2018-08-30,0.5436
2018-08-31,0.5379
2018-09-03,0.5312
2018-09-04,0.5641
2018-09-05,0.5481
2018-09-06,0.5616
2018-09-07,0.4745
2018-09-10,0.117
2018-09-11,0.1147
2018-09-12,0.304
2018-09-13,0.3986
2018-09-14,0.1095
2018-09-17,-0.2
2018-09-18,-0.0235
2018-09-19,-0.1246
2018-09-20,-0.2868
2018-09-21,-0.274
2018-09-25,-0.3326
2018-09-26,-0.3735
2018-09-27,-0.5492
2018-09-28,-0.4707
2018-10-08,-0.6498
2018-10-09,-0.6866
2018-10-10,-0.7277
2018-10-11,-0.7878
2018-10-12,-0.7831
2018-10-15,-0.8057
2018-10-16,-0.7189
2018-10-17,-0.6405
2018-10-18,-0.6602
2018-10-19,-0.6193
2018-10-22,-0.5222
2018-10-23,-0.4733
2018-10-24,-0.1526
2018-10-25,0.0343
2018-10-26,0.1787
2018-10-29,0.3664
2018-10-30,0.4896
2018-10-31,0.2827
2018-11-01,0.4917
2018-11-02,0.4658
2018-11-05,0.7109
2018-11-06,0.7063
2018-11-07,0.5856
2018-11-08,0.8018
2018-11-09,0.7176
2018-11-12,0.651
2018-11-13,0.5789
2018-11-14,0.5525
2018-11-15,0.5662
2018-11-16,0.5462
2018-11-19,0.5124
2018-11-20,0.4334
2018-11-21,0.2061
2018-11-22,0.032
2018-11-23,-0.1799
2018-11-26,-0.3444
2018-11-27,-0.3171
2018-11-28,-0.1809
2018-11-29,-0.2812
2018-11-30,-0.2521
2018-12-03,-0.318
2018-12-04,-0.3726
2018-12-05,-0.4003
2018-12-06,-0.3451
2018-12-07,-0.3293
2018-12-10,-0.4577
2018-12-11,-0.3884
2018-12-12,-0.507
2018-12-13,-0.7349
2018-12-14,-0.8195
2018-12-17,-0.7831
2018-12-18,-0.7889
2018-12-19,-0.7095
2018-12-20,-0.6599
2018-12-21,-0.4751
2018-12-24,-0.4435
2018-12-25,-0.5844
2018-12-26,-0.5926
2018-12-27,-0.5682
2018-12-28,-0.6879
2019-01-02,-0.603
2019-01-03,-0.4543
2019-01-04,-0.2258
2019-01-07,-0.1406
2019-01-08,-0.3491
2019-01-09,-0.3361
2019-01-10,-0.2737
2019-01-11,-0.0687
2019-01-14,0.3892
2019-01-15,0.4615
2019-01-16,0.4136
2019-01-17,0.4265
2019-01-18,0.3137
2019-01-21,0.2241
2019-01-22,0.2583
2019-01-23,0.1705
2019-01-24,0.3382
2019-01-25,0.3489
2019-01-28,0.4952
2019-01-29,0.3793
2019-01-30,0.2475
2019-01-31,0.032
2019-02-01,0.0313
2019-02-11,-0.1325
2019-02-12,-0.0489
2019-02-13,0.2943
2019-02-14,0.1822
2019-02-15,0.0829
2019-02-18,0.3339
2019-02-19,0.5375
2019-02-20,0.6345
2019-02-21,0.6675
2019-02-22,0.799
2019-02-25,0.8874
2019-02-26,0.8669
2019-02-27,0.8393
2019-02-28,0.7755
2019-03-01,0.7465
2019-03-04,0.7299
2019-03-05,0.8179
2019-03-06,0.8205
2019-03-07,0.7243
2019-03-08,0.6828
2019-03-11,0.6213
2019-03-12,0.6108
2019-03-13,0.5837
2019-03-14,0.5359
2019-03-15,0.5606
2019-03-18,0.1371
2019-03-19,0.1002
2019-03-20,-0.0028
2019-03-21,0.0146
2019-03-22,-0.4252
2019-03-25,-0.5713
2019-03-26,-0.7333
2019-03-27,-0.7565
2019-03-28,-0.7907
2019-03-29,-0.7571
2019-04-01,-0.6429
2019-04-02,-0.5664
2019-04-03,-0.6762
2019-04-04,-0.7688
2019-04-08,-0.5684
2019-04-09,-0.6374
2019-04-10,-0.7002
2019-04-11,-0.7634
2019-04-12,-0.8104
2019-04-15,-0.7694
2019-04-16,-0.4592
2019-04-17,-0.4595
2019-04-18,-0.5669
2019-04-19,-0.5654
2019-04-22,-0.5422
2019-04-23,-0.5005
2019-04-24,-0.3585
2019-04-25,-0.3784
2019-04-26,-0.1942
2019-04-29,-0.4977
2019-04-30,-0.578
2019-05-06,-0.6415
2019-05-07,-0.6736
2019-05-08,-0.708
2019-05-09,-0.7443
2019-05-10,-0.604
2019-05-13,-0.5889
2019-05-14,-0.5211
2019-05-15,-0.3933
2019-05-16,-0.4374
2019-05-17,-0.7366
2019-05-20,-0.5234
2019-05-21,-0.4113
2019-05-22,-0.3754
2019-05-23,-0.1526
2019-05-24,-0.0928
2019-05-27,0.0495
2019-05-28,0.133
2019-05-29,0.075
2019-05-30,0.4383
2019-05-31,0.5042
2019-06-03,0.5608
2019-06-04,0.579
2019-06-05,0.6088
2019-06-06,0.6335
2019-06-10,0.449
2019-06-11,0.6846
2019-06-12,0.567
2019-06-13,0.5853
2019-06-14,0.6294
2019-06-17,0.6951
2019-06-18,0.3872
2019-06-19,0.5042
2019-06-20,0.5215
2019-06-21,0.8279
2019-06-24,0.8308
2019-06-25,0.6214
2019-06-26,0.5887
2019-06-27,0.6165
2019-06-28,0.5972
2019-07-01,0.6226
2019-07-02,0.6272
2019-07-03,0.6342
2019-07-04,0.5619
2019-07-05,0.3142
2019-07-08,0.0887
2019-07-09,0.1938
2019-07-10,0.0417
2019-07-11,-0.1095
2019-07-12,0.0289
2019-07-15,0.143
2019-07-16,0.4011
2019-07-17,0.3198
2019-07-18,-0.045
2019-07-19,-0.516
2019-07-22,-0.6398
2019-07-23,-0.4249
2019-07-24,0.2856
2019-07-25,0.1338
2019-07-26,0.2608
2019-07-29,-0.0787
2019-07-30,0.1444
2019-07-31,0.2441
2019-08-01,0.1789
2019-08-02,0.1608
2019-08-05,0.4373
2019-08-06,0.2576
2019-08-07,0.2814
2019-08-08,0.3278
2019-08-09,0.3021
2019-08-12,0.2903
2019-08-13,-0.1641
2019-08-14,-0.3893
2019-08-15,0.0233
2019-08-16,-0.1678
2019-08-19,0.2506
2019-08-20,0.0677
2019-08-21,-0.0999
2019-08-22,-0.2647
2019-08-23,-0.3049
2019-08-26,-0.2687
2019-08-27,-0.3138
2019-08-28,-0.4304
2019-08-29,-0.3651
2019-08-30,-0.2625
2019-09-02,0.0115
2019-09-03,0.1024
2019-09-04,0.3463
2019-09-05,0.6107
2019-09-06,0.6963
2019-09-09,0.6741
2019-09-10,0.7536
2019-09-11,0.9465
2019-09-12,0.9272
2019-09-16,0.9072
2019-09-17,0.817
2019-09-18,0.6577
2019-09-19,0.7395
2019-09-20,0.8008
2019-09-23,0.7934
2019-09-24,0.8326
2019-09-25,0.7462
2019-09-26,0.5125
2019-09-27,0.5622
2019-09-30,0.5162
2019-10-08,0.0749
2019-10-09,0.1483
2019-10-10,0.0316
2019-10-11,-0.1293
2019-10-14,-0.0688
2019-10-15,-0.4837
2019-10-16,-0.4095
2019-10-17,-0.5447
2019-10-18,-0.5947
2019-10-21,-0.5557
2019-10-22,-0.4996
2019-10-23,-0.3583
2019-10-24,-0.3354
2019-10-25,-0.4012
2019-10-28,-0.3779
2019-10-29,-0.4834
2019-10-30,-0.4756
2019-10-31,-0.4709
2019-11-01,-0.495
2019-11-04,-0.3739
2019-11-05,-0.2156
2019-11-06,-0.3556
2019-11-07,-0.3284
2019-11-08,-0.4159
2019-11-11,-0.6353
2019-11-12,-0.4453
2019-11-13,-0.4674
2019-11-14,-0.3639
2019-11-15,-0.0957
2019-11-18,-0.0458
2019-11-19,-0.0328
2019-11-20,-0.1311
2019-11-21,-0.1379
2019-11-22,0.0309
2019-11-25,-0.3434
2019-11-26,-0.0737
2019-11-27,0.1395
2019-11-28,0.226
2019-11-29,0.3109
2019-12-02,0.3237
2019-12-03,0.3841
2019-12-04,0.4426
2019-12-05,0.4725
2019-12-06,0.4892
2019-12-09,0.5006
2019-12-10,0.561
2019-12-11,0.5097
2019-12-12,0.4504
2019-12-13,0.4762
2019-12-16,0.5441
2019-12-17,0.486
2019-12-18,0.6412
2019-12-19,0.5555
2019-12-20,0.6529
2019-12-23,0.6864
2019-12-24,0.8045
2019-12-25,0.791
2019-12-26,0.8531
2019-12-27,0.7111
2019-12-30,0.6431
2019-12-31,0.4508
2020-01-02,0.669
2020-01-03,0.6661
2020-01-06,0.7714
2020-01-07,0.7059
2020-01-08,0.5291
2020-01-09,0.4057
2020-01-10,0.2557
2020-01-13,0.2842
2020-01-14,0.0904
2020-01-15,-0.0404
2020-01-16,-0.2143
2020-01-17,-0.0237
2020-01-20,0.2014
2020-01-21,0.1827
2020-01-22,0.2553
2020-01-23,-0.1702
2020-02-03,-0.553
2020-02-04,-0.4874
2020-02-05,-0.5547
2020-02-06,-0.3635
2020-02-07,-0.3924
2020-02-10,-0.4107
2020-02-11,-0.5497
2020-02-12,-0.454
2020-02-13,-0.3367
2020-02-14,-0.1914
2020-02-17,0.4227
2020-02-18,0.3299
2020-02-19,0.3043
2020-02-20,0.4783
2020-02-21,0.5568
2020-02-24,0.5279
2020-02-25,0.5942
2020-02-26,0.652
2020-02-27,0.3633
2020-02-28,-0.0588
2020-03-02,0.7703
2020-03-03,0.6241
2020-03-04,0.7061
2020-03-05,0.3562
2020-03-06,0.0769
2020-03-09,-0.3795
2020-03-10,0.0012
2020-03-11,-0.4614
2020-03-12,-0.4024
2020-03-13,-0.3696
2020-03-16,-0.736
2020-03-17,-0.7049
2020-03-18,-0.741
2020-03-19,-0.6334
2020-03-20,-0.7711
2020-03-23,-0.8737
2020-03-24,-0.8666
2020-03-25,-0.8988
2020-03-26,-0.9266
2020-03-27,-0.8308
2020-03-30,-0.9008
2020-03-31,-0.919
2020-04-01,-0.8966
2020-04-02,-0.7888
2020-04-03,-0.8434
2020-04-07,-0.6397
2020-04-08,-0.7347
2020-04-09,-0.6638
2020-04-10,-0.7681
2020-04-13,-0.8306
2020-04-14,-0.5354
2020-04-15,-0.6128
2020-04-16,-0.4435
2020-04-17,-0.4561
2020-04-20,-0.36
2020-04-21,-0.1011
2020-04-22,-0.1187
2020-04-23,-0.2551
2020-04-24,-0.3012
2020-04-27,-0.1828
2020-04-28,-0.1095
2020-04-29,0.2839
2020-04-30,0.5125
2020-05-06,0.4862
2020-05-07,0.6308
2020-05-08,0.602
2020-05-11,0.6671
2020-05-12,0.6089
2020-05-13,0.702
2020-05-14,0.7027
2020-05-15,0.7089
2020-05-18,0.6034
2020-05-19,0.6577
2020-05-20,0.6233
2020-05-21,0.277
2020-05-22,0.2568
2020-05-25,0.1231
2020-05-26,0.4703
2020-05-27,0.6487
2020-05-28,0.6109
2020-05-29,0.5339
2020-06-01,0.4987
2020-06-02,0.1319
2020-06-03,-0.0159
2020-06-04,-0.0101
2020-06-05,-0.2413
2020-06-08,-0.34
2020-06-09,-0.3104
2020-06-10,-0.2654
2020-06-11,-0.1087
2020-06-12,-0.3681
2020-06-15,0.073
2020-06-16,-0.1994
2020-06-17,-0.1829
2020-06-18,0.2559
2020-06-19,0.0072
2020-06-22,0.7416
2020-06-23,0.2147
2020-06-24,0.1643
2020-06-29,-0.1821
2020-06-30,0.3769
2020-07-01,0.1394
2020-07-02,0.2702
2020-07-03,0.4511
2020-07-06,0.8764
2020-07-07,0.7519
2020-07-08,0.8994
2020-07-09,0.9479
2020-07-10,0.8009
2020-07-13,0.6144
2020-07-14,0.8054
2020-07-15,0.2897
2020-07-16,0.6017
2020-07-17,0.4207
2020-07-20,0.8233
2020-07-21,0.8087
2020-07-22,0.7772
2020-07-23,0.8286
2020-07-24,0.7235
2020-07-27,0.722
2020-07-28,0.499
2020-07-29,0.676
2020-07-30,0.4518
2020-07-31,0.3262
2020-08-03,0.195
2020-08-04,0.2125
2020-08-05,0.0763
2020-08-06,0.1026
2020-08-07,0.2652
2020-08-10,0.1683
2020-08-11,0.0047
2020-08-12,0.2336
2020-08-13,0.0339
2020-08-14,0.2194
2020-08-17,-0.1045
2020-08-18,-0.0876
2020-08-19,-0.4483
2020-08-20,-0.428
2020-08-21,-0.4659
2020-08-24,-0.4035
2020-08-25,-0.3039
2020-08-26,-0.6186
2020-08-27,-0.5301
2020-08-28,-0.5896
2020-08-31,-0.7037
2020-09-01,-0.6932
2020-09-02,-0.7322
2020-09-03,-0.8898
2020-09-04,-0.829
2020-09-07,-0.801
2020-09-08,-0.5305
2020-09-09,-0.4879
2020-09-10,-0.5737
2020-09-11,-0.624
2020-09-14,-0.7597
2020-09-15,-0.6018
2020-09-16,-0.0585
2020-09-17,0.3741
2020-09-18,0.4771
2020-09-21,0.458
2020-09-22,0.4097
2020-09-23,0.6613
2020-09-24,0.4639
2020-09-25,0.5191
2020-09-28,0.5547
2020-09-29,0.4689
2020-09-30,0.3729
2020-10-09,0.7242
2020-10-12,0.5812
2020-10-13,0.4824
2020-10-14,0.3266
2020-10-15,0.3953
2020-10-16,0.5604
2020-10-19,0.7073
2020-10-20,0.5769
2020-10-21,0.3838
2020-10-22,0.2362
2020-10-23,-0.0167
2020-10-26,-0.0798
2020-10-27,-0.1234
2020-10-28,-0.1548
2020-10-29,-0.2967
2020-10-30,-0.2357
2020-11-02,-0.2219
2020-11-03,-0.138
2020-11-04,-0.0788
2020-11-05,0.1792
2020-11-06,-0.2052
2020-11-09,-0.1334
2020-11-10,-0.3
2020-11-11,-0.5016
2020-11-12,-0.5515
2020-11-13,-0.3298
2020-11-16,-0.5287
2020-11-17,-0.5201
2020-11-18,-0.2214
2020-11-19,-0.2551
2020-11-20,-0.1213
2020-11-23,-0.1058
2020-11-24,0.0463
2020-11-25,0.2757
2020-11-26,0.2811
2020-11-27,0.4225
2020-11-30,0.4832
2020-12-01,0.5382
2020-12-02,0.4969
2020-12-03,0.1501
2020-12-04,0.0154
2020-12-07,-0.3186
2020-12-08,-0.2033
2020-12-09,0.1823
2020-12-10,0.1721
2020-12-11,-0.2343
2020-12-14,-0.0387
2020-12-15,-0.0176
2020-12-16,-0.2949
2020-12-17,-0.3081
2020-12-18,-0.3761
2020-12-21,-0.2193
2020-12-22,-0.4107
2020-12-23,-0.413
2020-12-24,-0.3039
2020-12-25,-0.3685
2020-12-28,-0.5467
2020-12-29,-0.5861
2020-12-30,-0.5464
2020-12-31,-0.3146
2021-01-04,-0.0537
2021-01-05,-0.1981
2021-01-06,-0.3146
2021-01-07,0.0037
2021-01-08,0.2084
2021-01-11,0.5055
2021-01-12,0.6203
2021-01-13,0.4622
2021-01-14,0.4532
2021-01-15,0.6861
2021-01-18,0.8359
2021-01-19,0.7093
2021-01-20,0.8578
2021-01-21,0.8214
2021-01-22,0.7745
2021-01-25,0.6344
2021-01-26,0.7332
2021-01-27,0.8236
2021-01-28,0.5414
2021-01-29,0.1282
2021-02-01,0.21
2021-02-02,0.4022
2021-02-03,0.4561
2021-02-04,0.2205
2021-02-05,-0.2437
2021-02-08,-0.2803
2021-02-09,-0.3567
2021-02-10,-0.301
2021-02-18,0.2395
2021-02-19,-0.3769
2021-02-22,-0.4142
2021-02-23,-0.3848
2021-02-24,-0.402
2021-02-25,-0.3069
2021-02-26,-0.3041
2021-03-01,-0.0485
2021-03-02,0.043
2021-03-03,-0.0923
2021-03-04,0.0171
2021-03-05,0.0624
2021-03-08,0.0241
2021-03-09,-0.1213
2021-03-10,-0.1462
2021-03-11,-0.0078
2021-03-12,0.1373
2021-03-15,0.1008
2021-03-16,-0.031
2021-03-17,0.0792
2021-03-18,-0.4063
2021-03-19,-0.2735
2021-03-22,-0.6189
2021-03-23,-0.7424
2021-03-24,-0.8637
2021-03-25,-0.8325
2021-03-26,-0.7591
2021-03-29,-0.8549
2021-03-30,-0.8309
2021-03-31,-0.8788
2021-04-01,-0.7912
2021-04-02,-0.7111
2021-04-06,-0.584
2021-04-07,-0.4537
2021-04-08,-0.3609
2021-04-09,-0.4008
2021-04-12,-0.4198
2021-04-13,-0.2921
2021-04-14,-0.1503
2021-04-15,-0.1087
2021-04-16,-0.0297
2021-04-19,0.2971
2021-04-20,0.2172
2021-04-21,0.2627
2021-04-22,0.5082
2021-04-23,0.3879
2021-04-26,0.4684
2021-04-27,0.4423
2021-04-28,0.4539
2021-04-29,0.4821
2021-04-30,0.5062
2021-05-06,0.7718
2021-05-07,0.7582
2021-05-10,0.7446
2021-05-11,0.5309
2021-05-12,0.5335
2021-05-13,0.536
2021-05-14,0.6067
2021-05-17,0.4747
2021-05-18,0.4338
2021-05-19,0.5272
2021-05-20,0.1182
2021-05-21,0.0983
2021-05-24,0.2175
2021-05-25,0.0538
2021-05-26,0.1781
2021-05-27,0.0084
2021-05-28,0.3819
2021-05-31,0.476
2021-06-01,0.4353
2021-06-02,0.3824
2021-06-03,-0.3421
2021-06-04,-0.2269
2021-06-07,-0.2022
2021-06-08,0.4685
2021-06-09,0.3948
2021-06-10,0.6527
2021-06-11,0.4302
2021-06-15,0.3819
2021-06-16,0.1313
2021-06-17,0.1935
2021-06-18,0.4298
2021-06-21,0.5929
2021-06-22,0.5055
2021-06-23,0.4967
2021-06-24,0.4653
2021-06-25,0.3893
2021-06-28,0.3462
2021-06-29,0.2158
2021-06-30,0.4652
2021-07-01,0.3043
2021-07-02,0.48
2021-07-05,0.5258
2021-07-06,0.3344
2021-07-07,0.5503
2021-07-08,0.5764
2021-07-09,0.5507
2021-07-12,0.6017
2021-07-13,0.5479
2021-07-14,0.5064
2021-07-15,0.4913
2021-07-16,0.2783
2021-07-19,0.031
2021-07-20,0.1988
2021-07-21,0.3579
2021-07-22,0.571
2021-07-23,0.5824
2021-07-26,0.4728
2021-07-27,0.2874
2021-07-28,0.1428
2021-07-29,0.5517
2021-07-30,0.5449
2021-08-02,0.4485
2021-08-03,0.0468
2021-08-04,0.3543
2021-08-05,0.0767
2021-08-06,0.2113
2021-08-09,-0.0352
2021-08-10,-0.0061
2021-08-11,0.3822
2021-08-12,0.438
2021-08-13,0.3389
2021-08-16,0.2184
2021-08-17,0.2419
2021-08-18,0.1126
2021-08-19,-0.1342
2021-08-20,0.1011
2021-08-23,-0.0044
2021-08-24,-0.1412
2021-08-25,-0.0063
2021-08-26,-0.344
2021-08-27,-0.2953
2021-08-30,-0.3306
2021-08-31,0.1639
2021-09-01,-0.366
2021-09-02,-0.3551
2021-09-03,-0.6074
2021-09-06,-0.7872
2021-09-07,-0.597
2021-09-08,-0.6888
2021-09-09,-0.7953
2021-09-10,-0.8012
2021-09-13,-0.491
2021-09-14,-0.5931
2021-09-15,-0.4456
2021-09-16,-0.7744
2021-09-17,-0.9451
2021-09-22,-0.9759
2021-09-23,-0.9712
2021-09-24,-0.9502
2021-09-27,-0.8768
2021-09-28,-0.8978
2021-09-29,-0.7522
2021-09-30,-0.7838
2021-10-08,-0.6096
2021-10-11,-0.3509
2021-10-12,-0.2814
2021-10-13,-0.1975
2021-10-14,-0.184
2021-10-15,-0.119
2021-10-18,-0.0277
2021-10-19,-0.0934
2021-10-20,-0.1002
2021-10-21,-0.0872
2021-10-22,-0.1274
2021-10-25,0.0157
2021-10-26,0.1895
2021-10-27,0.2579
2021-10-28,0.1942
2021-10-29,0.3701
2021-11-01,0.6387
2021-11-02,0.634
2021-11-03,0.6749
2021-11-04,0.6513
2021-11-05,0.6666
2021-11-08,0.6593
2021-11-09,0.6762
2021-11-10,0.637
2021-11-11,0.6934
2021-11-12,0.6228
2021-11-15,0.4325
2021-11-16,0.3083
2021-11-17,0.4304
2021-11-18,0.3947
2021-11-19,0.4869
2021-11-22,0.5122
2021-11-23,0.5138
2021-11-24,0.4556
2021-11-25,0.4826
2021-11-26,0.5272
2021-11-29,0.4081
2021-11-30,0.3381
2021-12-01,0.2836
2021-12-02,0.2401
2021-12-03,-0.0461
2021-12-06,-0.2312
2021-12-07,-0.4619
2021-12-08,-0.492
2021-12-09,-0.6574
2021-12-10,-0.6738
2021-12-13,-0.5568
2021-12-14,-0.4392
2021-12-15,-0.536
2021-12-16,-0.5393
2021-12-17,-0.629
2021-12-20,-0.8075
2021-12-21,-0.794
2021-12-22,-0.7227
2021-12-23,-0.6787
2021-12-24,-0.9364
2021-12-27,-0.9325
2021-12-28,-0.8974
2021-12-29,-0.8279
2021-12-30,-0.8532
2021-12-31,-0.7348
2022-01-04,-0.799
2022-01-05,-0.7024
2022-01-06,-0.5806
2022-01-07,-0.4501
2022-01-10,-0.4935
2022-01-11,-0.3514
2022-01-12,-0.1377
2022-01-13,-0.0117
2022-01-14,-0.115
2022-01-17,0.1861
2022-01-18,0.3613
2022-01-19,0.2506
2022-01-20,-0.0655
2022-01-21,0.0533
2022-01-24,0.6356
2022-01-25,0.6531
2022-01-26,0.5739
2022-01-27,0.2812
2022-01-28,0.3917
2022-02-07,0.3477
2022-02-08,0.5158
2022-02-09,0.5745
2022-02-10,0.5098
2022-02-11,0.5935
2022-02-14,0.6328
2022-02-15,0.6808
2022-02-16,0.4698
2022-02-17,0.5517
2022-02-18,0.3731
2022-02-21,0.131
2022-02-22,0.6425
2022-02-23,0.7992
2022-02-24,0.7662
2022-02-25,0.6296
2022-02-28,0.5641
2022-03-01,0.516
2022-03-02,0.4156
2022-03-03,0.4561
2022-03-04,0.3483
2022-03-07,0.3441
2022-03-08,0.1898
2022-03-09,0.2203
2022-03-10,0.1145
2022-03-11,-0.0069
2022-03-14,0.1518
2022-03-15,0.3151
2022-03-16,0.4186
2022-03-17,0.2987
2022-03-18,0.3517
2022-03-21,0.2253
2022-03-22,0.0133
2022-03-23,-0.334
2022-03-24,-0.3784
2022-03-25,-0.2868
2022-03-28,-0.3847
2022-03-29,-0.3493
2022-03-30,-0.2644
2022-03-31,-0.2168
2022-04-01,-0.2016
2022-04-06,-0.3196
2022-04-07,-0.3769
2022-04-08,-0.3884
2022-04-11,-0.5127
2022-04-12,-0.5711
2022-04-13,-0.5385
2022-04-14,-0.5779
2022-04-15,-0.5928
2022-04-18,-0.6176
2022-04-19,-0.6473
2022-04-20,-0.6855
2022-04-21,-0.6535
2022-04-22,-0.6678
2022-04-25,-0.7256
2022-04-26,-0.835
2022-04-27,-0.8845
2022-04-28,-0.8797
2022-04-29,-0.8163
2022-05-05,-0.7951
2022-05-06,-0.7282
2022-05-09,-0.5672
2022-05-10,-0.5343
2022-05-11,-0.3078
2022-05-12,-0.1271
2022-05-13,0.1787
2022-05-16,0.1587
2022-05-17,0.4769
2022-05-18,0.5262
2022-05-19,0.5249
2022-05-20,0.5444
2022-05-23,0.6143
2022-05-24,0.5932
2022-05-25,0.5845
2022-05-26,0.6013
2022-05-27,0.6215
2022-05-30,0.6265
2022-05-31,0.6328
2022-06-01,0.6036
2022-06-02,0.6673
2022-06-06,0.6881
2022-06-07,0.7269
2022-06-08,0.7789
2022-06-09,0.7347
2022-06-10,0.8046
2022-06-13,0.8319
2022-06-14,0.8318
2022-06-15,0.7146
2022-06-16,0.6396
2022-06-17,0.5642
2022-06-20,0.4981
2022-06-21,0.3229
2022-06-22,0.3274
2022-06-23,0.4862
2022-06-24,0.4092
2022-06-27,0.3873
2022-06-28,0.4473
2022-06-29,0.279
2022-06-30,0.1141
2022-07-01,-0.1398
2022-07-04,-0.3817
2022-07-05,-0.4193
2022-07-06,-0.4128
2022-07-07,-0.234
2022-07-08,-0.5324
2022-07-11,-0.7694
2022-07-12,-0.8451
2022-07-13,-0.9198
2022-07-14,-0.8524
2022-07-15,-0.8186
2022-07-18,-0.658
2022-07-19,-0.5705
2022-07-20,-0.5046
2022-07-21,-0.6999
2022-07-22,-0.6297
2022-07-25,-0.6846
2022-07-26,-0.6785
2022-07-27,-0.3159
2022-07-28,-0.1208
2022-07-29,-0.0015
2022-08-01,0.2183
2022-08-02,0.3425
2022-08-03,0.3446
2022-08-04,0.0154
2022-08-05,0.4265
2022-08-08,0.6876
2022-08-09,0.7864
2022-08-10,0.8692
2022-08-11,0.8372
2022-08-12,0.6673
2022-08-15,0.6614
2022-08-16,0.5907
2022-08-17,0.5389
2022-08-18,0.6736
2022-08-19,0.3845
2022-08-22,0.5085
2022-08-23,0.4557
2022-08-24,0.1015
2022-08-25,-0.2667
2022-08-26,-0.4163
2022-08-29,-0.4718
2022-08-30,-0.5215
2022-08-31,-0.5861
2022-09-01,-0.5189
2022-09-02,-0.5437
2022-09-05,-0.5506
2022-09-06,-0.5648
2022-09-07,-0.6087
2022-09-08,-0.6925
2022-09-09,-0.6052
2022-09-13,-0.5582
2022-09-14,-0.5594
2022-09-15,-0.5774
2022-09-16,-0.5895
2022-09-19,-0.5286
2022-09-20,-0.5173
2022-09-21,-0.5216
2022-09-22,-0.3418
2022-09-23,-0.2723
2022-09-26,-0.2118
2022-09-27,-0.3128
2022-09-28,-0.3904
2022-09-29,-0.2112
2022-09-30,-0.3092
2022-10-10,-0.5128
2022-10-11,-0.539
2022-10-12,-0.2572
2022-10-13,-0.3909
2022-10-14,-0.2305
2022-10-17,-0.1753
2022-10-18,-0.2733
2022-10-19,-0.053
2022-10-20,0.2016
2022-10-21,0.2419
2022-10-24,0.5264
2022-10-25,0.5305
2022-10-26,0.5093
2022-10-27,0.4703
2022-10-28,0.5123
2022-10-31,0.5653
2022-11-01,0.5892
2022-11-02,0.5934
2022-11-03,0.5929
2022-11-04,0.605
2022-11-07,0.6325
2022-11-08,0.6682
2022-11-09,0.5907
2022-11-10,0.6358
2022-11-11,0.7529
2022-11-14,0.6549
2022-11-15,0.7214
2022-11-16,0.4816
2022-11-17,0.4422
2022-11-18,0.3014
2022-11-21,0.0821
2022-11-22,-0.1694
2022-11-23,-0.1932
2022-11-24,-0.2835
2022-11-25,-0.3717
2022-11-28,-0.533
2022-11-29,-0.4354
2022-11-30,-0.417
2022-12-01,-0.5052
2022-12-02,-0.5586
2022-12-05,-0.5908
2022-12-06,-0.5764
2022-12-07,-0.5816
2022-12-08,-0.5265
2022-12-09,-0.531
2022-12-12,-0.6226
2022-12-13,-0.7102
2022-12-14,-0.5952
2022-12-15,-0.5425
2022-12-16,-0.542
2022-12-19,-0.5016
2022-12-20,-0.3256
2022-12-21,-0.3811
2022-12-22,-0.4272
2022-12-23,-0.3554
2022-12-26,-0.1364
2022-12-27,-0.2346
2022-12-28,-0.2365
2022-12-29,-0.2379
2022-12-30,-0.1918
2023-01-03,0.1156
2023-01-04,0.0542
2023-01-05,0.1669
2023-01-06,0.275
2023-01-09,0.2413
2023-01-10,0.4314
2023-01-11,0.6451
2023-01-12,0.6269
2023-01-13,0.6425
2023-01-16,0.7446
2023-01-17,0.7775
2023-01-18,0.7397
2023-01-19,0.8754
2023-01-20,0.5946
2023-01-30,0.6412
2023-01-31,0.6432
2023-02-01,0.5959
2023-02-02,0.5692
2023-02-03,0.5558
2023-02-06,0.5556
2023-02-07,0.5135
2023-02-08,0.5237
2023-02-09,0.5368
2023-02-10,0.4147
2023-02-13,0.3675
2023-02-14,0.2953
2023-02-15,0.3873
2023-02-16,0.0962
2023-02-17,0.1122
2023-02-20,0.036
2023-02-21,-0.0709
2023-02-22,-0.1576
2023-02-23,-0.1893
2023-02-24,-0.2104
2023-02-27,-0.442
2023-02-28,-0.6478
2023-03-01,-0.7379
2023-03-02,-0.712
2023-03-03,-0.7348
2023-03-06,-0.7962
2023-03-07,-0.801
2023-03-08,-0.7938
2023-03-09,-0.7881
2023-03-10,-0.7454
2023-03-13,-0.785
2023-03-14,-0.8585
2023-03-15,-0.8434
2023-03-16,-0.8428
2023-03-17,-0.6519
2023-03-20,-0.3519
2023-03-21,-0.5496
2023-03-22,-0.4637
2023-03-23,-0.4646
2023-03-24,-0.201
2023-03-27,0.1182
2023-03-28,-0.0523
2023-03-29,0.1461
2023-03-30,0.1744
2023-03-31,0.3113
2023-04-03,0.5297
2023-04-04,0.3943
2023-04-06,0.4617
2023-04-07,0.4969
2023-04-10,0.4318
2023-04-11,0.6055
2023-04-12,0.7491
2023-04-13,0.5672
2023-04-14,0.8344
2023-04-17,0.6764
2023-04-18,0.4324
2023-04-19,0.5836
2023-04-20,0.4749
2023-04-21,-0.0157
2023-04-24,-0.2976
2023-04-25,-0.5676
2023-04-26,-0.2573
2023-04-27,-0.3965
2023-04-28,-0.3362
2023-05-04,-0.3932
2023-05-05,-0.5221
2023-05-08,-0.0337
2023-05-09,-0.1451
2023-05-10,-0.1983
2023-05-11,-0.1249
2023-05-12,-0.3569
2023-05-15,-0.3293
2023-05-16,-0.0663
2023-05-17,-0.1492
2023-05-18,0.0451
2023-05-19,-0.172
2023-05-22,-0.4792
2023-05-23,-0.4398
2023-05-24,0.0802
2023-05-25,0.1837
2023-05-26,0.4041
2023-05-29,0.0877
2023-05-30,0.3745
2023-05-31,0.4104
2023-06-01,0.5518
2023-06-02,0.5607
2023-06-05,0.3662
2023-06-06,0.3627
2023-06-07,0.2528
2023-06-08,0.1902
2023-06-09,0.4615
2023-06-12,0.2967
2023-06-13,0.4456
2023-06-14,0.2393
2023-06-15,0.2318
2023-06-16,0.4643
2023-06-19,0.726
2023-06-20,0.7871
2023-06-21,0.7594
2023-06-26,0.6057
2023-06-27,0.5194
2023-06-28,0.6015
2023-06-29,0.6267
2023-06-30,0.742
2023-07-03,0.5894
2023-07-04,0.4604
2023-07-05,0.3612
2023-07-06,0.3996
2023-07-07,0.2622
2023-07-10,0.3491
2023-07-11,0.5121
2023-07-12,0.3808
2023-07-13,0.1069
2023-07-14,0.1284
2023-07-17,-0.0884
2023-07-18,-0.118
2023-07-19,-0.2638
2023-07-20,-0.299
2023-07-21,-0.3801
2023-07-24,-0.4192
2023-07-25,-0.3868
2023-07-26,-0.3894
2023-07-27,-0.4705
2023-07-28,-0.5389
2023-07-31,-0.4412
2023-08-01,-0.4671
2023-08-02,-0.4128
2023-08-03,-0.4791
2023-08-04,-0.2147
2023-08-07,-0.0699
2023-08-08,-0.3653
2023-08-09,-0.4185
2023-08-10,-0.3819
2023-08-11,-0.4874
2023-08-14,-0.555
2023-08-15,-0.5909
2023-08-16,-0.5865
2023-08-17,-0.5668
2023-08-18,-0.2683
2023-08-21,-0.3376
2023-08-22,-0.4894
2023-08-23,-0.456
2023-08-24,-0.2173
2023-08-25,-0.5864
2023-08-28,-0.5853
2023-08-29,-0.2112
2023-08-30,-0.1038
2023-08-31,-0.1446
2023-09-01,-0.238
2023-09-04,-0.2282
2023-09-05,-0.064
2023-09-06,0.3702
2023-09-07,0.1831
2023-09-08,0.3842
2023-09-11,0.5486
2023-09-12,0.5206
2023-09-13,0.4498
2023-09-14,0.321
2023-09-15,0.1176
2023-09-18,0.2454
2023-09-19,-0.1063
2023-09-20,-0.0248
2023-09-21,-0.0414
2023-09-22,0.5689
2023-09-25,0.2117
2023-09-26,-0.0812
2023-09-27,-0.5753
2023-09-28,-0.1769
2023-10-09,0.084
2023-10-10,0.3238
2023-10-11,0.161
2023-10-12,-0.168
2023-10-13,0.1124
2023-10-16,0.0902
2023-10-17,0.1263
2023-10-18,0.4192
2023-10-19,0.8187
2023-10-20,0.9019
2023-10-23,0.7588
2023-10-24,0.7804
2023-10-25,0.8863
2023-10-26,0.6964
2023-10-27,0.4242
2023-10-30,0.1906
2023-10-31,0.2179
2023-11-01,-0.218
2023-11-02,-0.2644
2023-11-03,-0.1879
2023-11-06,0.375
2023-11-07,0.1294
2023-11-08,0.0179
2023-11-09,-0.1589
2023-11-10,-0.3555
2023-11-13,0.0085
2023-11-14,0.133
2023-11-15,0.1133
2023-11-16,-0.1378
2023-11-17,-0.0246
2023-11-20,0.1221
2023-11-21,-0.1046
2023-11-22,-0.4172
2023-11-23,-0.18
2023-11-24,-0.4002
2023-11-27,-0.293
2023-11-28,-0.068
2023-11-29,0.2083
2023-11-30,-0.1968
2023-12-01,-0.4111
2023-12-04,-0.604
2023-12-05,-0.6984
2023-12-06,-0.6056
2023-12-07,-0.6653
2023-12-08,-0.6841
2023-12-11,-0.748
2023-12-12,-0.7622
2023-12-13,-0.8019
2023-12-14,-0.7385
2023-12-15,-0.7462
2023-12-18,-0.7774
2023-12-19,-0.5524
2023-12-20,-0.4285
2023-12-21,-0.4753
2023-12-22,-0.0982
2023-12-25,-0.2821
2023-12-26,-0.4086
2023-12-27,-0.3746
2023-12-28,0.3504
2023-12-29,0.4133
2024-01-02,0.0651
2024-01-03,0.0692
2024-01-04,-0.1348
2024-01-05,-0.1989
2024-01-08,-0.175
2024-01-09,-0.3113
2024-01-10,-0.3655
2024-01-11,-0.0616
2024-01-12,-0.179
2024-01-15,-0.3721
2024-01-16,-0.0938
2024-01-17,-0.2405
2024-01-18,-0.095
2024-01-19,-0.4575
2024-01-22,-0.5408
2024-01-23,-0.4193
2024-01-24,-0.3571
2024-01-25,-0.1388
2024-01-26,-0.2476
2024-01-29,-0.5228
2024-01-30,-0.5654
2024-01-31,-0.5617
2024-02-01,-0.5689
2024-02-02,-0.5927
2024-02-05,-0.6007
2024-02-06,-0.5682
2024-02-07,-0.5273
2024-02-08,-0.4402
2024-02-19,-0.1724
2024-02-20,-0.0892
2024-02-21,-0.094
2024-02-22,0.2049
2024-02-23,0.3622
2024-02-26,0.7134
2024-02-27,0.7969
2024-02-28,0.5165
2024-02-29,0.7121
2024-03-01,0.7922
2024-03-04,0.5961
2024-03-05,0.6869
2024-03-06,0.6952
2024-03-07,0.6823
2024-03-08,0.6084
2024-03-11,0.6254
2024-03-12,0.6766
2024-03-13,0.5904
2024-03-14,0.5687
2024-03-15,0.5339
2024-03-18,0.5337
2024-03-19,0.5017
2024-03-20,0.4927
2024-03-21,0.4424
2024-03-22,0.336
2024-03-25,0.19
2024-03-26,-0.0369
2024-03-27,-0.0058
2024-03-28,-0.118
2024-03-29,-0.1898
2024-04-01,-0.037
2024-04-02,0.046
2024-04-03,-0.1396
2024-04-08,-0.1946
2024-04-09,-0.2388
2024-04-10,-0.3698
2024-04-11,-0.3704
2024-04-12,-0.3976
2024-04-15,-0.4501
2024-04-16,-0.6067
2024-04-17,-0.5309
2024-04-18,-0.4121
2024-04-19,-0.4355
2024-04-22,-0.6004
2024-04-23,-0.6452
2024-04-24,-0.5431
2024-04-25,-0.4704
2024-04-26,0.077
2024-04-29,0.0421
2024-04-30,-0.2163
2024-05-06,-0.3384
2024-05-07,-0.2644
2024-05-08,-0.2541
2024-05-09,-0.0374
2024-05-10,-0.1928
2024-05-13,-0.1667
2024-05-14,-0.1574
2024-05-15,-0.1643
2024-05-16,0.1184
2024-05-17,0.4427
2024-05-20,0.2888
2024-05-21,0.1679
2024-05-22,0.367
2024-05-23,0.4514
2024-05-24,0.4049
2024-05-27,0.3166
2024-05-28,0.2056
2024-05-29,-0.0544
2024-05-30,-0.2491
2024-05-31,0.1916
2024-06-03,0.1261
2024-06-04,-0.1695
2024-06-05,-0.0315
2024-06-06,-0.4466
2024-06-07,-0.412
2024-06-11,0.1433
2024-06-12,0.2116
2024-06-13,0.2816
2024-06-14,0.3347
2024-06-17,0.3266
2024-06-18,0.4114
2024-06-19,0.4327
2024-06-20,0.255
2024-06-21,0.3176
2024-06-24,0.3049
2024-06-25,0.069
2024-06-26,0.4392
2024-06-27,0.1307
2024-06-28,0.0385
2024-07-01,-0.0793
2024-07-02,-0.1733
2024-07-03,-0.1069
2024-07-04,-0.0765
2024-07-05,0.1142
2024-07-08,0.1165
2024-07-09,0.2002
2024-07-10,0.3463
2024-07-11,0.3681
2024-07-12,0.0284
2024-07-15,-0.3474
2024-07-16,-0.5117
2024-07-17,-0.6191
2024-07-18,-0.6282
2024-07-19,-0.5406
2024-07-22,-0.1733
2024-07-23,-0.2139
2024-07-24,-0.7327
2024-07-25,-0.6797
2024-07-26,-0.28
2024-07-29,-0.1953
2024-07-30,0.0576
2024-07-31,0.4303
2024-08-01,0.4774
2024-08-02,0.0464
2024-08-05,-0.1879
2024-08-06,-0.2094
2024-08-07,-0.3054
2024-08-08,-0.3834
2024-08-09,-0.4114
2024-08-12,-0.3209
2024-08-13,-0.3047
2024-08-14,-0.4457
2024-08-15,-0.2166
2024-08-16,-0.108
2024-08-19,-0.1575
2024-08-20,0.0366
2024-08-21,0.3663
2024-08-22,0.2264
2024-08-23,0.0288
2024-08-26,0.1533
2024-08-27,-0.0434
2024-08-28,-0.329
2024-08-29,-0.0148
2024-08-30,0.6119
2024-09-02,0.8503
2024-09-03,0.8657
2024-09-04,0.8203
2024-09-05,0.8785
2024-09-06,0.8407
2024-09-09,0.8652
2024-09-10,0.8394
2024-09-11,0.9169
2024-09-12,0.9443
2024-09-13,0.9199
2024-09-18,0.9206
2024-09-19,0.9168
2024-09-20,0.9146
2024-09-23,0.9397
2024-09-24,0.9152
2024-09-25,0.8652
2024-09-26,0.7422
2024-09-27,0.6321
2024-09-30,0.6434
2024-10-08,0.6729
2024-10-09,0.6833
2024-10-10,0.6714
2024-10-11,0.6898
2024-10-14,0.8233
2024-10-15,0.794
2024-10-16,0.8809
2024-10-17,0.8695
2024-10-18,0.8549
2024-10-21,0.7372
2024-10-22,0.596
2024-10-23,0.4896
2024-10-24,0.4863
2024-10-25,0.4738
2024-10-28,0.406
2024-10-29,0.3824
2024-10-30,0.3623
2024-10-31,0.5585
2024-11-01,0.2978
2024-11-04,0.1832
2024-11-05,-0.3265
2024-11-06,-0.3314
2024-11-07,-0.1238
2024-11-08,0.0808
2024-11-11,0.1639
2024-11-12,-0.1059
2024-11-13,-0.1287
2024-11-14,-0.5579
2024-11-15,-0.8062
2024-11-18,-0.7997
2024-11-19,-0.6371
2024-11-20,-0.6729
2024-11-21,-0.6318
2024-11-22,-0.6711
2024-11-25,-0.608
2024-11-26,-0.7525
2024-11-27,-0.8012
2024-11-28,-0.8597
2024-11-29,-0.7352
2024-12-02,-0.8137
2024-12-03,-0.8899
2024-12-04,-0.8907
2024-12-05,-0.5975
2024-12-06,-0.6627
2024-12-09,-0.6998
2024-12-10,-0.5845
2024-12-11,-0.6695
2024-12-12,-0.7072
2024-12-13,-0.6276
2024-12-16,-0.6274
2024-12-17,-0.7793
2024-12-18,-0.7104
2024-12-19,-0.6757
2024-12-20,-0.4947
2024-12-23,-0.6398
2024-12-24,-0.4271
2024-12-25,-0.4962
2024-12-26,-0.113
2024-12-27,-0.3609
2024-12-30,-0.0705
2024-12-31,-0.4264
2025-01-02,-0.6231
2025-01-03,-0.7628
2025-01-06,-0.6206
2025-01-07,-0.1029
2025-01-08,-0.4246
2025-01-09,0.1098
2025-01-10,0.2959
2025-01-13,0.5055
2025-01-14,0.9395
2025-01-15,0.9287
2025-01-16,0.9171
2025-01-17,0.8654
2025-01-20,0.8038
2025-01-21,0.9645
2025-01-22,0.9346
2025-01-23,0.9419
2025-01-24,0.9128
2025-01-27,0.8009
2025-02-05,0.7992
2025-02-06,0.9471
2025-02-07,0.9721
2025-02-10,0.9642
2025-02-11,0.9405
2025-02-12,0.9021
2025-02-13,0.8354
2025-02-14,0.7309
2025-02-17,0.5163
2025-02-18,0.4352
2025-02-19,0.3612
2025-02-20,0.4008
2025-02-21,0.3064
2025-02-24,0.2351
2025-02-25,0.3717
2025-02-26,0.327
2025-02-27,0.1518
2025-02-28,-0.329
2025-03-03,-0.4565
2025-03-04,-0.0413
2025-03-05,-0.1139
2025-03-06,-0.1978
2025-03-07,-0.3777
2025-03-10,-0.436
2025-03-11,-0.5832
2025-03-12,-0.7129
2025-03-13,-0.6179
2025-03-14,-0.6254
2025-03-17,-0.4835
2025-03-18,-0.3091
2025-03-19,-0.5597
2025-03-20,-0.5608
2025-03-21,-0.7245
2025-03-24,-0.6094
2025-03-25,-0.7531
2025-03-26,-0.898
2025-03-27,-0.8737
2025-03-28,-0.6124
2025-03-31,-0.763
2025-04-01,-0.914
2025-04-02,-0.8706
2025-04-03,-0.9762
2025-04-07,-0.9955
2025-04-08,-0.9961
2025-04-09,-0.9907
2025-04-10,-0.9763
2025-04-11,-0.927
2025-04-14,-0.8754
2025-04-15,-0.8827
2025-04-16,-0.9103
2025-04-17,-0.8901
2025-04-18,-0.8358
2025-04-21,-0.6628
2025-04-22,-0.6694
2025-04-23,-0.4059
2025-04-24,-0.4321
2025-04-25,-0.3883
2025-04-28,-0.3888
2025-04-29,-0.1899
2025-04-30,0.138
2025-05-06,0.2465
2025-05-07,0.6246
2025-05-08,0.9416
2025-05-09,0.9647
2025-05-12,0.9708
2025-05-13,0.9296
2025-05-14,0.8704
2025-05-15,0.7547
2025-05-16,0.814
2025-05-19,0.8395
2025-05-20,0.7972
2025-05-21,0.7246
2025-05-22,0.6539
2025-05-23,0.6865
2025-05-26,0.5751
2025-05-27,0.5743
2025-05-28,0.5099
2025-05-29,0.6102
2025-05-30,0.4612
2025-06-03,0.457
2025-06-04,0.323
2025-06-05,0.4236
2025-06-06,0.3541
2025-06-09,0.5094
2025-06-10,0.202
2025-06-11,0.3336
2025-06-12,0.3794
2025-06-13,0.5329
2025-06-16,0.5667
2025-06-17,0.5639
2025-06-18,0.6824
2025-06-19,0.6148
2025-06-20,0.5338
2025-06-23,0.6621
2025-06-24,0.6745
2025-06-25,0.8364
2025-06-26,0.8424
2025-06-27,0.8586
2025-06-30,0.93
2025-07-01,0.884
2025-07-02,0.7666
2025-07-03,0.6742
2025-07-04,0.5961
2025-07-07,0.4058
2025-07-08,0.8036
2025-07-09,0.5204
2025-07-10,0.4252
2025-07-11,0.4126
2025-07-14,0.0517
2025-07-15,0.2836
2025-07-16,0.0292
2025-07-17,0.2237
2025-07-18,0.2192
2025-07-21,0.0726
2025-07-22,-0.1666
2025-07-23,-0.4656
2025-07-24,-0.3144
2025-07-25,-0.3423
2025-07-28,-0.4186
2025-07-29,-0.2742
2025-07-30,-0.4079
2025-07-31,-0.4884
2025-08-01,-0.3957
2025-08-04,-0.2224
2025-08-05,-0.4266
2025-08-06,0.1659
2025-08-07,0.1241
2025-08-08,-0.0186
2025-08-11,0.1017
2025-08-12,0.0623
2025-08-13,0.3535
2025-08-14,0.1948
2025-08-15,0.5506
2025-08-18,0.5114
2025-08-19,0.4864
2025-08-20,0.6348
2025-08-21,0.5446
2025-08-22,0.593
2025-08-25,0.5302
2025-08-26,0.5699
2025-08-27,0.6533
2025-08-28,0.7897
2025-08-29,0.7984
2025-09-01,0.6705
2025-09-02,0.4873
2025-09-03,0.1034
2025-09-04,-0.4457
2025-09-05,0.2003
2025-09-08,-0.0633
2025-09-09,-0.2202
2025-09-10,-0.5363
2025-09-11,0.1842
2025-09-12,-0.1374
2025-09-15,-0.3146
2025-09-16,-0.014
2025-09-17,0.0143
2025-09-18,0.2503
2025-09-19,-0.1698
2025-09-22,0.1238
2025-09-23,0.1062
2025-09-24,0.2657
2025-09-25,-0.1183
2025-09-26,-0.3189
2025-09-29,-0.0419
2025-09-30,0.4148
2025-10-09,0.3957
2025-10-10,0.3398
2025-10-13,0.179
2025-10-14,0.0282
2025-10-15,0.2039
2025-10-16,0.0715
2025-10-17,-0.4989
2025-10-20,-0.402
2025-10-21,-0.2767
2025-10-22,-0.3342
2025-10-23,-0.4133
2025-10-24,-0.1388
2025-10-27,-0.0425
2025-10-28,-0.3074
2025-10-29,-0.1324
2025-10-30,-0.3015
2025-10-31,-0.4594
2025-11-03,-0.4483
2025-11-04,-0.6
2025-11-05,-0.6063
2025-11-06,-0.5413
2025-11-07,-0.443
2025-11-10,-0.5424
2025-11-11,-0.4724
2025-11-12,-0.5709
2025-11-13,-0.4184
2025-11-14,-0.2913
2025-11-17,-0.317
2025-11-18,-0.4486
2025-11-19,-0.3176
2025-11-20,-0.3233
2025-11-21,-0.6004
2025-11-24,-0.5967
2025-11-25,-0.5229
2025-11-26,-0.5479
2025-11-27,-0.4765
2025-11-28,-0.4
2025-12-01,-0.2559
2025-12-02,-0.3012
2025-12-03,-0.4187
2025-12-04,-0.4605
2025-12-05,-0.0976
2025-12-08,0.4395
2025-12-09,0.5675
2025-12-10,0.64
2025-12-11,0.3917
2025-12-12,0.6363
2025-12-15,0.6007
2025-12-16,0.5169
2025-12-17,0.6196
2025-12-18,0.6065
2025-12-19,0.8348
2025-12-22,0.9194
2025-12-23,0.8576
2025-12-24,0.8889
2025-12-25,0.8917
2025-12-26,0.9258
2025-12-29,0.9229
2025-12-30,0.9683
2025-12-31,0.9724
2026-01-05,0.955
2026-01-06,0.9493
2026-01-07,0.887
2026-01-08,0.6931
2026-01-09,0.7174
2026-01-12,0.6704
2026-01-13,0.6026
2026-01-14,0.5154
2026-01-15,0.5646
2026-01-16,0.5251
2026-01-19,0.5392
2026-01-20,0.4765
2026-01-21,0.4826
2026-01-22,0.4702
2026-01-23,0.4509
2026-01-26,0.369
2026-01-27,0.4611
2026-01-28,0.4358
2026-01-29,-0.0534
2026-01-30,-0.1753
2026-02-02,-0.687
2026-02-03,-0.662
2026-02-04,-0.799
2026-02-05,-0.8578
2026-02-06,-0.806
2026-02-09,-0.6935
2026-02-10,-0.6309
2026-02-11,-0.5803
2026-02-12,-0.5939
2026-02-13,-0.7125
2026-02-24,-0.715
2026-02-25,-0.5031
2026-02-26,-0.6867
2026-02-27,-0.7881
2026-03-02,-0.6597
2026-03-03,-0.8458
2026-03-04,-0.8953
2026-03-05,-0.933
2026-03-06,-0.8946
2026-03-09,-0.8637
2026-03-10,-0.5477
2026-03-11,-0.7436
2026-03-12,-0.7224
2026-03-13,-0.5756
2026-03-16,-0.7787
2026-03-17,-0.9211
2026-03-18,-0.887
2026-03-19,-0.9249
2026-03-20,-0.9303
2026-03-23,-0.936
2026-03-24,-0.9211
2026-03-25,-0.9335
2026-03-26,-0.9159
2026-03-27,-0.7947
2026-03-30,-0.6306
2026-03-31,-0.479
2026-04-01,-0.3346
2026-04-02,-0.4475
2026-04-03,-0.3064
2026-04-07,-0.1939
2026-04-08,0.0173
2026-04-09,0.2051
2026-04-10,0.4733
2026-04-13,0.608
2026-04-14,0.6936
2026-04-15,0.6897
2026-04-16,0.73
2026-04-17,0.8533
2026-04-20,0.8673
2026-04-21,0.8481
2026-04-22,0.8693
2026-04-23,0.8077
2026-04-24,0.8209
2026-04-27,0.8487
2026-04-28,0.7723
2026-04-29,0.8253
2026-04-30,0.799
2026-05-06,0.8534
2026-05-07,0.7812
2026-05-08,0.7664
2026-05-11,0.6758
2026-05-12,0.6206
2026-05-13,0.5176
2026-05-14,0.4248
2026-05-15,0.2628
2026-05-18,0.3455
2026-05-19,0.1836
2026-05-20,0.2226
2026-05-21,0.0825
2026-05-22,0.3489
2026-05-25,0.2628
2026-05-26,0.3935
2026-05-27,0.1882
2026-05-28,0.1677
2026-05-29,-0.2335
2026-06-01,-0.5253
2026-06-02,-0.392
2026-06-03,-0.5239
2026-06-04,-0.5199
2026-06-05,-0.5949
2026-06-08,-0.691
2026-06-09,-0.5579
2026-06-10,-0.5995
2026-06-11,-0.5898
2026-06-12,-0.5233
2026-06-15,-0.0462
2026-06-16,0.3809
2026-06-17,0.374
2026-06-18,0.82
2026-06-22,0.7333
2026-06-23,0.0613
2026-06-24,0.435
2026-06-25,0.6691
2026-06-26,0.4035
2026-06-29,0.5666
2026-06-30,0.6364
2026-07-01,0.5331
2026-07-02,0.1201
