underlying,lookback,z_window,smoothing,sharpe_full,sharpe_2014-2020,sharpe_2021-2023,sharpe_2024-2026,worst_tv
300｜沪深300,5,10,0,-0.0456294777471095,0.15080618716430302,-1.0720707954150719,0.4138464283622223,-1.0720707954150719
300｜沪深300,5,10,5,0.169818752154244,0.49333428362152737,-0.726670736153807,0.06494010863253205,-0.726670736153807
300｜沪深300,5,15,0,-0.018192491984344153,0.060096726924729865,-0.8494548128442604,0.6270625017790524,-0.8494548128442604
300｜沪深300,5,15,5,0.06000427388224206,0.5244457836030012,-1.4444267917636275,0.14690142867165953,-1.4444267917636275
300｜沪深300,5,25,0,-0.042292447291240605,0.16265997189795073,-1.146087651430582,0.558415682385071,-1.146087651430582
300｜沪深300,5,25,5,0.13349350905229837,0.43442758859524183,-0.634137898866272,-0.05306338208559701,-0.634137898866272
300｜沪深300,5,250,0,0.15961923743864817,0.3990252421338256,-0.6953201070782501,0.3161799907039856,-0.6953201070782501
300｜沪深300,5,250,5,0.47326853947394426,0.7981933560194159,-0.582997450757061,0.6088381803141888,-0.582997450757061
300｜沪深300,10,20,0,0.2098713480491452,0.5970608297113924,-0.8324770611744817,0.14314080577092345,-0.8324770611744817
300｜沪深300,10,20,5,0.24374134989073032,0.49938907060366916,-0.8836962334633777,0.7692384023259514,-0.8836962334633777
300｜沪深300,10,30,0,0.30216147465491167,0.6731189185963172,-0.4684398681831307,-0.078076043485395,-0.4684398681831307
300｜沪深300,10,30,5,0.4230391567358795,0.6197829203859538,-0.25773896169301036,0.5734619641635885,-0.25773896169301036
300｜沪深300,10,50,0,0.5216780473838302,0.7968281703538128,-0.3075442190490632,0.5645237728184468,-0.3075442190490632
300｜沪深300,10,50,5,0.7079814999994246,1.0026083410930784,0.04493327760646951,0.48057975196794217,0.04493327760646951
300｜沪深300,10,250,0,0.5374704215043746,0.7735935085444763,-0.09566264354649727,0.4584492935706,-0.09566264354649727
300｜沪深300,10,250,5,0.38800005241505336,0.7861265880827333,-0.8439575428791791,0.4700882332559459,-0.8439575428791791
300｜沪深300,20,40,0,0.6815817964597333,0.7860586958012851,0.02365735956651996,1.0263345211761152,0.02365735956651996
300｜沪深300,20,40,5,0.8862988598941601,1.0366502799349768,0.024964205868672932,1.3215220901917601,0.024964205868672932
300｜沪深300,20,60,0,0.6631573788098768,0.8432979485566622,-0.12084116517620903,0.9209604661082207,-0.12084116517620903
300｜沪深300,20,60,5,0.7895796116538412,1.0812916049649548,-0.1323130589665002,0.8862908959583237,-0.1323130589665002
300｜沪深300,20,100,0,0.9074333144351071,1.1833023973841388,0.1693026905502609,0.9073418905842728,0.1693026905502609
300｜沪深300,20,100,5,0.8208760159319041,0.9891815909664554,0.164461740223696,1.0007333612812885,0.164461740223696
300｜沪深300,20,250,0,0.8779459215848701,1.1298833023968562,0.10076156568855552,0.9403787125949663,0.10076156568855552
300｜沪深300,20,250,5,0.7189883768282987,0.9796046632374117,-0.09731687954598287,0.7666905138096275,-0.09731687954598287
300｜沪深300,40,80,0,0.8736556173369134,1.0292269951106252,0.4777838939482749,0.8566936635051214,0.4777838939482749
300｜沪深300,40,80,5,0.7817796991623279,1.0117960269153587,0.23146172772565807,0.7388185977473559,0.23146172772565807
300｜沪深300,40,120,0,0.7067019675506546,0.9119672974501679,0.10689172075170095,0.7426013884211512,0.10689172075170095
300｜沪深300,40,120,5,0.4828258217859106,0.7504392696332115,-0.4026534252345305,0.5657167679561111,-0.4026534252345305
300｜沪深300,40,200,0,0.6833754104224213,0.787978756496939,0.22384384626242187,0.8518510175883934,0.22384384626242187
300｜沪深300,40,200,5,0.3333363218938984,0.4235693220496033,-0.23014364685819716,0.608241216643105,-0.23014364685819716
300｜沪深300,40,250,0,0.6318186184741653,0.8071867121363042,-0.19566417404643002,0.9022445797892009,-0.19566417404643002
300｜沪深300,40,250,5,0.3977127577099264,0.558734473843803,-0.13279013356984307,0.44404395719433754,-0.13279013356984307
300｜沪深300,60,120,0,0.5211725263053234,0.8755964066288316,-0.7802912601102486,0.6301378705581779,-0.7802912601102486
300｜沪深300,60,120,5,0.3688425984323859,0.694117597041744,-0.757827828136665,0.41804684642978857,-0.757827828136665
300｜沪深300,60,180,0,0.3811297639590591,0.7631164520557271,-0.8343834116445099,0.3030636282897652,-0.8343834116445099
300｜沪深300,60,180,5,0.2520325243340162,0.5690410670392392,-1.0288577769415899,0.361809310179666,-1.0288577769415899
300｜沪深300,60,300,0,0.27924365526432376,0.46439644795971796,-0.7765714530361411,0.5557416949444849,-0.7765714530361411
300｜沪深300,60,300,5,0.2841293227013532,0.5368506096956309,-0.733311863650574,0.3547251823069893,-0.733311863650574
300｜沪深300,60,250,0,0.48403104464477426,0.7762989738970902,-0.6744886168636829,0.5844864308135086,-0.6744886168636829
300｜沪深300,60,250,5,0.3389991253916195,0.6742591660454224,-0.8061770332224775,0.3031907336197595,-0.8061770332224775
500｜中证500（现役分量）,5,10,0,0.02477635392673114,-0.029142578925660564,-0.6602547350752042,0.6636852469020185,-0.6602547350752042
500｜中证500（现役分量）,5,10,5,-0.03937068901257111,-0.03453596780390056,-0.506287684454019,0.30391697627220376,-0.506287684454019
500｜中证500（现役分量）,5,15,0,0.0040749831696703966,-0.2598401046291821,-0.5085760974487497,1.1140310635889707,-0.5085760974487497
500｜中证500（现役分量）,5,15,5,-0.08749741912976317,0.07783915069640905,-1.1786210138571114,0.33561834014540476,-1.1786210138571114
500｜中证500（现役分量）,5,25,0,-0.042976483961445267,-0.14653288989102617,-0.8026264521125668,0.9172333973695703,-0.8026264521125668
500｜中证500（现役分量）,5,25,5,-0.05524676173418501,0.008004114878405497,-0.4190718868727974,0.059604232098630215,-0.4190718868727974
500｜中证500（现役分量）,5,250,0,0.2976146607315108,0.251044011691294,0.04295570354820343,0.6066405001451863,0.04295570354820343
500｜中证500（现役分量）,5,250,5,0.4741453694798042,0.47751821615061846,-0.15373489470535234,1.0295142444154268,-0.15373489470535234
500｜中证500（现役分量）,10,20,0,0.2079902390221608,0.4382583844969012,-0.675843562329923,0.3329278171529542,-0.675843562329923
500｜中证500（现役分量）,10,20,5,0.31894063950208196,0.3071450946956622,-0.5090914446769103,1.2022810654561986,-0.5090914446769103
500｜中证500（现役分量）,10,30,0,0.3562092588343609,0.5611657495717447,-0.15240416301476012,0.1631526259399485,-0.15240416301476012
500｜中证500（现役分量）,10,30,5,0.662801975830473,0.7521006083394248,0.11118178041121178,0.9265902375043753,0.11118178041121178
500｜中证500（现役分量）,10,50,0,0.7086453890898453,0.7940655153610208,0.2284417311514477,0.8635069615336014,0.2284417311514477
500｜中证500（现役分量）,10,50,5,0.9957205746921225,1.1195433836874182,0.6867035013232036,0.9035743688118463,0.6867035013232036
500｜中证500（现役分量）,10,250,0,0.8011540893779836,0.8142297216123456,0.716105026473934,0.8574459045796365,0.716105026473934
500｜中证500（现役分量）,10,250,5,0.7017630055244365,0.8928648879706953,0.05048971043337696,0.6958031741720516,0.05048971043337696
500｜中证500（现役分量）,20,40,0,1.0979860139058943,1.131633379098968,0.679728514412145,1.3391282651610943,0.679728514412145
500｜中证500（现役分量）,20,40,5,1.3464285393057427,1.427554511456783,0.6391408901035306,1.6861878628784615,0.6391408901035306
500｜中证500（现役分量）,20,60,0,1.1389669304619325,1.2681864876636766,0.5529347208565422,1.252936584567285,0.5529347208565422
500｜中证500（现役分量）,20,60,5,1.1568729031189784,1.3431708402634586,0.4596601266912431,1.202132203558257,0.4596601266912431
500｜中证500（现役分量）,20,100,0,1.4276327977096988,1.6634161388998117,0.869378888402332,1.28205784216716,0.869378888402332
500｜中证500（现役分量）,20,100,5,1.0520430604605988,1.0889925295920841,0.8572831357611536,1.117228883465531,0.8572831357611536
500｜中证500（现役分量）,20,250,0,1.2083198014425192,1.3344057508806295,0.9077412812656043,1.1433003140761877,0.9077412812656043
500｜中证500（现役分量）,20,250,5,0.9237578418589507,0.9942205862741427,0.5790485897843772,1.0042665312326828,0.5790485897843772
500｜中证500（现役分量）,40,80,0,1.0770175409431644,1.057632339389194,1.1027413604318896,1.162452234772899,1.057632339389194
500｜中证500（现役分量）,40,80,5,0.985072103148906,0.9979678155456732,0.9670114829713251,1.0541467494418395,0.9670114829713251
500｜中证500（现役分量）,40,120,0,0.9419420825986325,0.9420401035556863,0.7593457972467008,1.1415792243578617,0.7593457972467008
500｜中证500（现役分量）,40,120,5,0.603143223531639,0.6204741909670699,0.3312874061454477,0.7857432347637527,0.3312874061454477
500｜中证500（现役分量）,40,200,0,0.7704083951537587,0.6038769833612487,0.8064852554482744,1.2435639014076347,0.6038769833612487
500｜中证500（现役分量）,40,200,5,0.4511632845134327,0.28798440794910624,0.4485688763949775,0.9353057816712308,0.28798440794910624
500｜中证500（现役分量）,40,250,0,0.7839610033513837,0.678458913651953,0.3715681224174765,1.3663032800812425,0.3715681224174765
500｜中证500（现役分量）,40,250,5,0.5398798915587687,0.46846727227315593,0.47243814122074607,0.8153707155134566,0.46846727227315593
500｜中证500（现役分量）,60,120,0,0.6695540297645871,0.8717886761902256,0.12359547325698807,0.539707689873337,0.12359547325698807
500｜中证500（现役分量）,60,120,5,0.5025161424853862,0.731846759031671,0.09025643884859565,0.20173356571312506,0.09025643884859565
500｜中证500（现役分量）,60,180,0,0.4345127510915124,0.6959290518690978,-0.10155057700318025,0.1371641066196252,-0.10155057700318025
500｜中证500（现役分量）,60,180,5,0.3359543229321926,0.5457817220699644,-0.23916728444835966,0.15996873670624392,-0.23916728444835966
500｜中证500（现役分量）,60,300,0,0.33942384866147035,0.42848891090965635,0.021967898735193822,0.3287234164042424,0.021967898735193822
500｜中证500（现役分量）,60,300,5,0.3341124384841174,0.4831819895406553,0.032556358455628855,0.1633255610223341,0.032556358455628855
500｜中证500（现役分量）,60,250,0,0.5974925475414573,0.7825615007811677,0.21197901972466138,0.42268973985919356,0.21197901972466138
500｜中证500（现役分量）,60,250,5,0.41924710962926354,0.6344884011294141,0.12865859364119014,0.09725206248901853,0.12865859364119014
1000｜中证1000（现役分量）,5,10,0,0.05210921239148036,0.0028320594391856887,-0.5153589089620813,0.6180464724210557,-0.5153589089620813
1000｜中证1000（现役分量）,5,10,5,-0.11894134045243945,-0.13303761448407248,-0.4748880890780918,0.21965923352156513,-0.4748880890780918
1000｜中证1000（现役分量）,5,15,0,0.05823652694221774,-0.2030164798569638,-0.3240469186608196,1.0517974716058962,-0.3240469186608196
1000｜中证1000（现役分量）,5,15,5,-0.1547413772299497,-0.018090249876947507,-1.0038926052597779,0.2388270419977721,-1.0038926052597779
1000｜中证1000（现役分量）,5,25,0,0.00643418097533232,-0.1172886500936426,-0.6273897786008872,0.9455779905717712,-0.6273897786008872
1000｜中证1000（现役分量）,5,25,5,-0.10983131277087772,-0.06144153120280733,-0.28087049261394703,-0.09069487870140305,-0.28087049261394703
1000｜中证1000（现役分量）,5,250,0,0.36015929919337636,0.2829115146375413,0.340609997768459,0.56172043467059,0.2829115146375413
1000｜中证1000（现役分量）,5,250,5,0.4385653693242599,0.393762020991708,0.21799850683291405,0.8092172084668068,0.21799850683291405
1000｜中证1000（现役分量）,10,20,0,0.23436111306002863,0.4626777500821965,-0.4594437616054122,0.2713265465868238,-0.4594437616054122
1000｜中证1000（现役分量）,10,20,5,0.29986533487539097,0.27117766251278763,-0.31556595927838516,1.0690861317249254,-0.31556595927838516
1000｜中证1000（现役分量）,10,30,0,0.38743735948287483,0.590791277886251,0.04310606016031417,0.10344234822648908,0.04310606016031417
1000｜中证1000（现役分量）,10,30,5,0.6491719896028554,0.7293525444639455,0.3082942257502375,0.7703386304561093,0.3082942257502375
1000｜中证1000（现役分量）,10,50,0,0.7245028656525159,0.8112530780205645,0.5073094786248322,0.657818918102837,0.5073094786248322
1000｜中证1000（现役分量）,10,50,5,0.9940902890238303,1.104665398894153,0.8790481252974077,0.7648981109819029,0.8790481252974077
1000｜中证1000（现役分量）,10,250,0,0.8417214466057984,0.8117229062737329,1.1441614579155446,0.6798659410577719,0.8117229062737329
1000｜中证1000（现役分量）,10,250,5,0.6930555780733622,0.8018901115112871,0.42962474684305985,0.6438123219016134,0.42962474684305985
1000｜中证1000（现役分量）,20,40,0,1.150629099795203,1.1980921723901845,0.9833061659371837,1.1674691718107892,0.9833061659371837
1000｜中证1000（现役分量）,20,40,5,1.4026131351248539,1.4651155757263699,0.956993177366898,1.6013626560943208,0.956993177366898
1000｜中证1000（现役分量）,20,60,0,1.218609384110495,1.3704089700348243,0.8754474775040824,1.1012222263419296,0.8754474775040824
1000｜中证1000（现役分量）,20,60,5,1.181398533608996,1.3646804532450227,0.6815838185254798,1.098364965119356,0.6815838185254798
1000｜中证1000（现役分量）,20,100,0,1.487469651249663,1.706688370761179,1.1870660133369282,1.1939239558468226,1.1870660133369282
1000｜中证1000（现役分量）,20,100,5,1.0434804111758131,1.0412426168050848,1.0698102878129017,1.0215831145209853,1.0412426168050848
1000｜中证1000（现役分量）,20,250,0,1.2333805937974975,1.3104743157973024,1.2856041999649477,1.0251472979619103,1.2856041999649477
1000｜中证1000（现役分量）,20,250,5,0.911460512852984,0.9523036559929322,0.7374111508808894,0.935524137293423,0.7374111508808894
1000｜中证1000（现役分量）,40,80,0,1.111500328510687,1.1251587129544232,1.1990389324905406,1.0524265878296537,1.1251587129544232
1000｜中证1000（现役分量）,40,80,5,0.9734448533414763,0.9775133517322889,1.1044722937125657,0.9427569193261673,0.9775133517322889
1000｜中证1000（现役分量）,40,120,0,0.9480829586031672,0.9453259064866922,0.9339400902883017,1.0318924869408914,0.9339400902883017
1000｜中证1000（现役分量）,40,120,5,0.5922374131350006,0.5636418673472217,0.6361715657047521,0.683795911380161,0.5636418673472217
1000｜中证1000（现役分量）,40,200,0,0.7502715543489947,0.5718498355096538,0.9786357281639974,1.0990777572497086,0.5718498355096538
1000｜中证1000（现役分量）,40,200,5,0.44137136049239073,0.25430552187286326,0.697947077403509,0.7980312458475772,0.25430552187286326
1000｜中证1000（现役分量）,40,250,0,0.7755791296237421,0.6656022381578047,0.593008162623888,1.2279613587249283,0.593008162623888
1000｜中证1000（现役分量）,40,250,5,0.5030807965263983,0.4197876887737986,0.7171305947427549,0.6195449337667034,0.4197876887737986
1000｜中证1000（现役分量）,60,120,0,0.6219404060968244,0.8399738312647622,0.1827582392664496,0.4045614157528026,0.1827582392664496
1000｜中证1000（现役分量）,60,120,5,0.41880735138428193,0.6586182786147076,0.13542091187749442,0.015277535452176121,0.13542091187749442
1000｜中证1000（现役分量）,60,180,0,0.36532890429897535,0.6312480992001143,-0.007489396435649059,-0.008467336800313245,-0.007489396435649059
1000｜中证1000（现役分量）,60,180,5,0.2571110030309028,0.47306602549353544,-0.11747279145496937,-0.018525289690587903,-0.11747279145496937
1000｜中证1000（现役分量）,60,300,0,0.3079544177635607,0.3955612026160841,0.0709103864433349,0.2700451502937829,0.0709103864433349
1000｜中证1000（现役分量）,60,300,5,0.26970545708581184,0.4182803963459194,0.06542585707379896,0.05759695470819564,0.06542585707379896
1000｜中证1000（现役分量）,60,250,0,0.5443742250142257,0.7529699903023631,0.23920464718146184,0.2800788919621934,0.23920464718146184
1000｜中证1000（现役分量）,60,250,5,0.34011117730770396,0.5671669532921155,0.19281299204039376,-0.0835828838659575,0.19281299204039376
2000｜中证2000（微盘代理）,5,10,0,0.22471413501654708,0.1652405879037512,-0.08381100443507504,0.5856277337449264,-0.08381100443507504
2000｜中证2000（微盘代理）,5,10,5,0.0048962965964074985,-0.021980646193437734,-0.32406782229325287,0.3124430526404605,-0.32406782229325287
2000｜中证2000（微盘代理）,5,15,0,0.21590142480736543,-0.029196174887385348,0.056126454552698386,0.8946419010902171,-0.029196174887385348
2000｜中证2000（微盘代理）,5,15,5,0.02571632973548999,0.10333215572344301,-0.7548535905828574,0.4860960361349714,-0.7548535905828574
2000｜中证2000（微盘代理）,5,25,0,0.2013135063886265,0.01861594998318091,-0.23701575786431062,1.0223014887375954,-0.23701575786431062
2000｜中证2000（微盘代理）,5,25,5,0.02791099534085375,0.01887498210087881,-0.06482901941418652,0.12851306482310096,-0.06482901941418652
2000｜中证2000（微盘代理）,5,250,0,0.48683845312012075,0.3732107436144288,0.6149740022254667,0.6406142878703603,0.3732107436144288
2000｜中证2000（微盘代理）,5,250,5,0.5615708817485983,0.48505622880096905,0.4398420876435152,0.8880894757083662,0.4398420876435152
2000｜中证2000（微盘代理）,10,20,0,0.3771683941056821,0.5912528157380142,-0.30222917081704953,0.4567713743980221,-0.30222917081704953
2000｜中证2000（微盘代理）,10,20,5,0.45189517534826995,0.2903364034185624,-0.021417050416020846,1.404572343188677,-0.021417050416020846
2000｜中证2000（微盘代理）,10,30,0,0.5385854025432351,0.7131568169091551,0.23556124366088818,0.3427163042222972,0.23556124366088818
2000｜中证2000（微盘代理）,10,30,5,0.7702482908717742,0.8107763362592163,0.4356759004618497,0.977838943771155,0.4356759004618497
2000｜中证2000（微盘代理）,10,50,0,0.8627981962126288,0.9765018158025532,0.7434099654758631,0.6567601175175309,0.7434099654758631
2000｜中证2000（微盘代理）,10,50,5,1.1529485411095244,1.261019500780421,1.0850348436513024,0.915122078191966,1.0850348436513024
2000｜中证2000（微盘代理）,10,250,0,0.9473085092979345,0.8801169204619496,1.3314786969590657,0.8107776488905405,0.8801169204619496
2000｜中证2000（微盘代理）,10,250,5,0.8451807499449803,0.8824036338752511,0.7381381039296379,0.8623561685654586,0.7381381039296379
2000｜中证2000（微盘代理）,20,40,0,1.2635541652891331,1.3405649267423336,1.1217997751572653,1.2121401449112854,1.1217997751572653
2000｜中证2000（微盘代理）,20,40,5,1.539804269266038,1.6234997284219497,1.0735146556278568,1.7217608846336467,1.0735146556278568
2000｜中证2000（微盘代理）,20,60,0,1.3620294282367347,1.5480878268074776,1.0655105028972869,1.1562887352109144,1.0655105028972869
2000｜中证2000（微盘代理）,20,60,5,1.3263844010518864,1.5206737743439116,0.7993365737511596,1.2669574510589288,0.7993365737511596
2000｜中证2000（微盘代理）,20,100,0,1.6185731851689045,1.8789283562526566,1.2579361156534383,1.2907970406621332,1.2579361156534383
2000｜中证2000（微盘代理）,20,100,5,1.1871424340308456,1.2286868695931863,1.1790303059710354,1.0937728662510073,1.1790303059710354
2000｜中证2000（微盘代理）,20,250,0,1.3179555166699755,1.3807163442758656,1.4154846704154835,1.1126064274600922,1.3807163442758656
2000｜中证2000（微盘代理）,20,250,5,1.0277191559966297,1.0294410415987423,0.9032969964065496,1.1259168183768133,0.9032969964065496
2000｜中证2000（微盘代理）,40,80,0,1.2455682200663887,1.330459267530701,1.3847493600000769,1.019277141550855,1.330459267530701
2000｜中证2000（微盘代理）,40,80,5,1.114067686907603,1.1484459345282316,1.3667481352327702,0.9444804439079143,1.1484459345282316
2000｜中证2000（微盘代理）,40,120,0,1.1187175909757519,1.135172869032625,1.219952545227011,1.0797029125979656,1.135172869032625
2000｜中证2000（微盘代理）,40,120,5,0.7588953491191314,0.7311579374912691,0.936076027768377,0.7556318376640779,0.7311579374912691
2000｜中证2000（微盘代理）,40,200,0,0.8770460862331564,0.6959299884645019,1.242854710423454,1.1146322987415107,0.6959299884645019
2000｜中证2000（微盘代理）,40,200,5,0.5765162965385232,0.3633008690782324,1.083807372545671,0.8110679580827448,0.3633008690782324
2000｜中证2000（微盘代理）,40,250,0,0.898041471936842,0.7718205977812819,0.9000180917432832,1.2444015993084938,0.7718205977812819
2000｜中证2000（微盘代理）,40,250,5,0.6007838074596513,0.5035200057891113,1.0894240608485297,0.5757726004271162,0.5035200057891113
2000｜中证2000（微盘代理）,60,120,0,0.7685542344016899,1.0408588300515986,0.44745172169532854,0.35160186191874415,0.44745172169532854
2000｜中证2000（微盘代理）,60,120,5,0.5936395210555613,0.8390635020340432,0.5471625733606655,0.04291997325010464,0.5471625733606655
2000｜中证2000（微盘代理）,60,180,0,0.49276834892269156,0.7775583056007707,0.4420037017471307,-0.08316761455948325,0.4420037017471307
2000｜中证2000（微盘代理）,60,180,5,0.3907698735371611,0.6142769725711623,0.3550223673606695,-0.06977266337711063,0.3550223673606695
2000｜中证2000（微盘代理）,60,300,0,0.47111120888334923,0.5731521935230129,0.3801657813139324,0.3331880241261458,0.3801657813139324
2000｜中证2000（微盘代理）,60,300,5,0.3944503285484532,0.5580055900452785,0.3478055558002906,0.08534985178399083,0.3478055558002906
2000｜中证2000（微盘代理）,60,250,0,0.6679003736834549,0.9218850261771009,0.5793475936883167,0.21388598678884907,0.5793475936883167
2000｜中证2000（微盘代理）,60,250,5,0.44899182878939636,0.7038793183507909,0.4997550796522833,-0.11532861194925974,0.4997550796522833
div｜中证红利,5,10,0,-0.02795420939726397,0.06673699140595023,-0.2612535314228062,-0.15939699358016668,-0.2612535314228062
div｜中证红利,5,10,5,0.030990817669379694,0.23361564977567417,-0.2920627492158038,-0.4121949085564597,-0.2920627492158038
div｜中证红利,5,15,0,-0.09809284568005933,-0.15746352088834847,-0.26300799794863144,0.2819472271410648,-0.26300799794863144
div｜中证红利,5,15,5,0.030760419558996655,0.25742025905255256,-0.688529877894407,-0.04267481628788977,-0.688529877894407
div｜中证红利,5,25,0,-0.15925215035399246,-0.06690932902886358,-0.6787852580266064,0.08385747688778987,-0.6787852580266064
div｜中证红利,5,25,5,-0.006978169494509769,0.18289382671734003,-0.2374014163295574,-0.5367205275848467,-0.2374014163295574
div｜中证红利,5,250,0,0.10684738423716932,0.23179610732688902,-0.18977953364667724,-0.04886806204251355,-0.18977953364667724
div｜中证红利,5,250,5,0.4118799697413398,0.7185091489992091,-0.24195839568477182,-0.04763146164430551,-0.24195839568477182
div｜中证红利,10,20,0,0.13401160023813952,0.4209734067952783,-0.43502617513643577,-0.30645879349117144,-0.43502617513643577
div｜中证红利,10,20,5,0.22841222792115676,0.3383342262402352,-0.29065003898759995,0.4482977486763899,-0.29065003898759995
div｜中证红利,10,30,0,0.1625193556169692,0.4605344079713662,-0.28651534754639174,-0.49838935268810336,-0.28651534754639174
div｜中证红利,10,30,5,0.30766193941361847,0.5212999282566707,-0.10425305297191137,-0.07102010445572476,-0.10425305297191137
div｜中证红利,10,50,0,0.37652982361466414,0.6900149440612071,-0.0037928543960296423,-0.4201342020166389,-0.0037928543960296423
div｜中证红利,10,50,5,0.6893436833179707,0.9279011210798268,0.46015515113644484,0.024550196343810303,0.46015515113644484
div｜中证红利,10,250,0,0.49012680063151765,0.7311176100911121,0.16926987143034208,-0.07339764255150916,0.16926987143034208
div｜中证红利,10,250,5,0.5134925009478222,0.8259291842808488,-0.059049036802083,-0.026320960603923724,-0.059049036802083
div｜中证红利,20,40,0,0.5722158503124037,0.8310600775578156,0.005973827027791121,0.284835771430683,0.005973827027791121
div｜中证红利,20,40,5,0.8153392871131034,1.1288959503354818,0.019745278514044604,0.632678101240218,0.019745278514044604
div｜中证红利,20,60,0,0.644564127625468,0.9049929727667091,-0.11810136220077859,0.570709800527759,-0.11810136220077859
div｜中证红利,20,60,5,0.8635954415633145,1.178969945995889,0.08838017289039798,0.6534773524503192,0.08838017289039798
div｜中证红利,20,100,0,0.9941194297970513,1.3656992131193841,0.30365692433826175,0.5088173706948079,0.30365692433826175
div｜中证红利,20,100,5,0.8925475988751335,1.0687086604385148,0.42251388338531554,0.8312211398590649,0.42251388338531554
div｜中证红利,20,250,0,0.9345563913343257,1.180838902683793,0.3286008025282599,0.7469219233722838,0.3286008025282599
div｜中证红利,20,250,5,0.8282840288335269,0.9885017325758433,0.24142673762347658,0.9333225125504025,0.24142673762347658
div｜中证红利,40,80,0,0.8854891957422698,1.1262802163239762,0.8201451883117417,0.24081196871372254,0.8201451883117417
div｜中证红利,40,80,5,0.9017598480890501,1.071370291344791,1.0220575401000875,0.32429445348299096,1.0220575401000875
div｜中证红利,40,120,0,0.8350528589632557,1.09437461612794,0.697346260839255,0.1834953791824938,0.697346260839255
div｜中证红利,40,120,5,0.7023604002981874,0.877352134317984,0.4646219491744103,0.3742218924384754,0.4646219491744103
div｜中证红利,40,200,0,0.6489611169566489,0.7368693944700768,0.6239406547478777,0.4109669213535032,0.6239406547478777
div｜中证红利,40,200,5,0.4310171594342318,0.365426281586441,0.7497435733503078,0.3863169690141716,0.365426281586441
div｜中证红利,40,250,0,0.6445870665167547,0.7731009620772753,0.5874290825223111,0.3156542544947565,0.5874290825223111
div｜中证红利,40,250,5,0.515955720794339,0.5532988251122448,0.7958786900930741,0.19637297731116005,0.5532988251122448
div｜中证红利,60,120,0,0.8005995953612461,0.9961285376032659,0.49306925284229614,0.4488866554684904,0.49306925284229614
div｜中证红利,60,120,5,0.6897282238252117,0.8341067696857954,0.5076308959574293,0.3923652794532207,0.5076308959574293
div｜中证红利,60,180,0,0.6545300289326709,0.8477392992723182,0.5256981718760957,0.18534010285655333,0.5256981718760957
div｜中证红利,60,180,5,0.5411738810070923,0.6920911029018949,0.3160912485784715,0.26049474285727703,0.3160912485784715
div｜中证红利,60,300,0,0.4521275192766352,0.4750286436371582,0.4570340700606307,0.40286528344842704,0.4570340700606307
div｜中证红利,60,300,5,0.5011162564916876,0.5695169962416308,0.6448494528796935,0.21762347464084345,0.5695169962416308
div｜中证红利,60,250,0,0.7242901586149385,0.854326294194923,0.7730410724009054,0.3351616381259848,0.7730410724009054
div｜中证红利,60,250,5,0.602592923159356,0.7335089367095008,0.5817487243243914,0.24877182152013505,0.5817487243243914
micro｜万得微盘（上界参考·不可执行）,5,10,0,0.6385415032911917,0.6042702735332688,0.7017171318551966,0.6617931132908857,0.6042702735332688
micro｜万得微盘（上界参考·不可执行）,5,10,5,0.4920383486939729,0.4728396585801174,0.25112670563674006,0.6965267823827426,0.25112670563674006
micro｜万得微盘（上界参考·不可执行）,5,15,0,0.55986986725542,0.37021852467769994,0.8207706146339148,0.7696676047831136,0.37021852467769994
micro｜万得微盘（上界参考·不可执行）,5,15,5,0.5181041773352507,0.5209650781366968,-0.11613049857175842,0.9769398120139713,-0.11613049857175842
micro｜万得微盘（上界参考·不可执行）,5,25,0,0.5979929748896424,0.3635850923815495,0.46539497359959087,1.21970434913266,0.3635850923815495
micro｜万得微盘（上界参考·不可执行）,5,25,5,0.5023504889868639,0.41586643792125627,0.4983394772102725,0.709725799860138,0.41586643792125627
micro｜万得微盘（上界参考·不可执行）,5,250,0,0.8270809211738119,0.7436895160090675,1.0847724059214614,0.8392771946385451,0.7436895160090675
micro｜万得微盘（上界参考·不可执行）,5,250,5,0.9609683439542134,0.8813927424225865,0.9022011283038281,1.2233112344845563,0.8813927424225865
micro｜万得微盘（上界参考·不可执行）,10,20,0,0.8137799359894488,0.9388867294278345,0.33871438869891646,0.8930449512562311,0.33871438869891646
micro｜万得微盘（上界参考·不可执行）,10,20,5,0.9469257831007349,0.644481350200308,0.6441651953734576,2.032728589724163,0.6441651953734576
micro｜万得微盘（上界参考·不可执行）,10,30,0,0.9097811180967795,1.0257065712461308,0.7289623315086927,0.7687487886021881,0.7289623315086927
micro｜万得微盘（上界参考·不可执行）,10,30,5,1.2346365856251333,1.2323128103654142,0.7405038367053637,1.657318393875636,0.7405038367053637
micro｜万得微盘（上界参考·不可执行）,10,50,0,1.1782867594237256,1.3106658795040471,1.1161997141275235,0.8961432917918705,1.1161997141275235
micro｜万得微盘（上界参考·不可执行）,10,50,5,1.5613306466635115,1.6437491198409444,1.373861677129467,1.506341971917628,1.373861677129467
micro｜万得微盘（上界参考·不可执行）,10,250,0,1.2879238557426813,1.2064510995799194,1.597885209877928,1.2729852679698304,1.2064510995799194
micro｜万得微盘（上界参考·不可执行）,10,250,5,1.2923767265829453,1.2702456109094102,1.1826938928629442,1.459262762671857,1.1826938928629442
micro｜万得微盘（上界参考·不可执行）,20,40,0,1.6513663501007785,1.8084373386945363,1.37831717234948,1.540592050100471,1.37831717234948
micro｜万得微盘（上界参考·不可执行）,20,40,5,1.941747126009164,2.0887518548251087,1.3807576567540143,2.07745930402369,1.3807576567540143
micro｜万得微盘（上界参考·不可执行）,20,60,0,1.7360034222039424,1.9578159795636871,1.431095379640476,1.4795012658964775,1.431095379640476
micro｜万得微盘（上界参考·不可执行）,20,60,5,1.7932209371976715,1.9934467475376132,1.1645139451932032,1.8325956369686192,1.1645139451932032
micro｜万得微盘（上界参考·不可执行）,20,100,0,1.9437531279715363,2.268285511128169,1.395820284405318,1.6269696667089053,1.395820284405318
micro｜万得微盘（上界参考·不可执行）,20,100,5,1.611433473753834,1.6446144503512363,1.4392767722644473,1.702040431231281,1.4392767722644473
micro｜万得微盘（上界参考·不可执行）,20,250,0,1.670625295217707,1.7492993520485125,1.6470839424199362,1.5247045476908203,1.6470839424199362
micro｜万得微盘（上界参考·不可执行）,20,250,5,1.446198735634549,1.394217527071139,1.1858874725119908,1.8226418463764014,1.1858874725119908
micro｜万得微盘（上界参考·不可执行）,40,80,0,1.5804583334729458,1.642592501035011,2.0844499300429287,1.2409919137544803,1.642592501035011
micro｜万得微盘（上界参考·不可执行）,40,80,5,1.5305560287027635,1.4766364785509245,2.1757725921505,1.3380228370862912,1.4766364785509245
micro｜万得微盘（上界参考·不可执行）,40,120,0,1.5450494424437076,1.5215791957203186,1.981398026706732,1.4066882142512938,1.5215791957203186
micro｜万得微盘（上界参考·不可执行）,40,120,5,1.24964958062808,1.055082736197947,1.8985082934666646,1.3264125986213524,1.055082736197947
micro｜万得微盘（上界参考·不可执行）,40,200,0,1.3204855653468754,1.1390042949795653,1.9242486400772547,1.4120452910432884,1.1390042949795653
micro｜万得微盘（上界参考·不可执行）,40,200,5,1.0271485964782139,0.6782213305799843,2.1109675888493653,1.220568150377322,0.6782213305799843
micro｜万得微盘（上界参考·不可执行）,40,250,0,1.3323234486693107,1.1532123831249848,1.699597865130527,1.5676564017806678,1.1532123831249848
micro｜万得微盘（上界参考·不可执行）,40,250,5,1.0761939037671404,0.8456773003840814,2.105305546591591,1.0423274560649944,0.8456773003840814
micro｜万得微盘（上界参考·不可执行）,60,120,0,1.1812917153085414,1.3884286552658436,1.3284148815238652,0.633723519272971,1.3284148815238652
micro｜万得微盘（上界参考·不可执行）,60,120,5,1.0800182077182328,1.1700078380571675,1.5688902477758149,0.6024702416054192,1.1700078380571675
micro｜万得微盘（上界参考·不可执行）,60,180,0,0.9879394216409376,1.1813920523710764,1.4480359278190116,0.363594129652617,1.1813920523710764
micro｜万得微盘（上界参考·不可执行）,60,180,5,0.8696421709025596,0.9797799950504725,1.4093551035187224,0.3968809210847387,0.9797799950504725
micro｜万得微盘（上界参考·不可执行）,60,300,0,0.9615662818990371,0.9856969863635817,1.0339308980827193,0.9429755292332078,0.9856969863635817
micro｜万得微盘（上界参考·不可执行）,60,300,5,0.9644428014183186,1.0657328592523396,1.050632697604734,0.7751805082996182,1.050632697604734
micro｜万得微盘（上界参考·不可执行）,60,250,0,1.1320833737538214,1.3596946157734124,1.372280956551762,0.6115083529491051,1.3596946157734124
micro｜万得微盘（上界参考·不可执行）,60,250,5,0.9418903664731555,1.12832545161803,1.1513187701910943,0.48679456265397647,1.12832545161803
