signal,kou_jing,window,leg,reading,start,end,ann,sharpe,maxdd,calmar,turnover,hit,n_obs
equal_weight,500,full,symmetric,i_spot_close,2015-04-17,2026-04-29,0.36585943241628427,1.4769362384649465,-0.2521408527526582,1.4510121165298835,21.78998505231689,0.5364485981308411,2676
equal_weight,500,full,symmetric,i5_spot_close_nocarry,2015-04-17,2026-04-29,0.464372236611959,1.867805952298197,-0.2327498425710559,1.995155964370594,21.78998505231689,0.5461682242990654,2676
equal_weight,500,full,symmetric,ii_fut_close,2015-04-17,2026-04-29,0.39258640625605934,1.4340771294978265,-0.27621620213730413,1.4213011518452086,21.78998505231689,0.5439252336448598,2676
equal_weight,500,full,symmetric,iii_fut_open_entry,2015-04-17,2026-04-29,0.39553235978551154,1.4458626978678366,-0.27911533195142,1.4170929164663513,21.78998505231689,0.5431775700934579,2676
equal_weight,500,full,symmetric,iv_fut_open_both,2015-04-17,2026-04-29,0.3917798602210301,1.432539019480956,-0.2816148657652596,1.3911902667368372,21.78998505231689,0.5435514018691588,2676
equal_weight,500,full,short_seg,i_spot_close,2015-04-17,2026-04-29,0.07868425432188318,0.4162417331503604,-0.3049042519901458,0.25806217462794245,10.894992526158445,0.4694464414090582,2676
equal_weight,500,full,short_seg,i5_spot_close_nocarry,2015-04-17,2026-04-29,0.1771970585175579,0.9285558931735663,-0.2047370794477602,0.8654859148890551,10.894992526158445,0.4867002156721783,2676
equal_weight,500,full,short_seg,ii_fut_close,2015-04-17,2026-04-29,0.10541122816165828,0.47438746816901994,-0.31866786518102974,0.3307871287924685,10.894992526158445,0.4831056793673616,2676
equal_weight,500,full,short_seg,iii_fut_open_entry,2015-04-17,2026-04-29,0.10835718169111058,0.48812717475953826,-0.31333998555036535,0.3458134508456903,10.894992526158445,0.48166786484543495,2676
equal_weight,500,full,short_seg,iv_fut_open_both,2015-04-17,2026-04-29,0.10460468212662911,0.47064882737668656,-0.32384305524138357,0.3230104225908433,10.894992526158445,0.5017972681524083,2676
equal_weight,500,full,longflat,i_spot_close,2015-04-17,2026-04-29,0.287175178094401,1.7875077226909277,-0.16664338782248322,1.7232917660094274,10.894992526158445,0.5592011412268189,2676
equal_weight,500,full,longflat,i5_spot_close_nocarry,2015-04-17,2026-04-29,0.287175178094401,1.7875077226909277,-0.16664338782248322,1.7232917660094274,10.894992526158445,0.5592011412268189,2676
equal_weight,500,full,longflat,ii_fut_close,2015-04-17,2026-04-29,0.287175178094401,1.7875077226909277,-0.16664338782248322,1.7232917660094274,10.894992526158445,0.5592011412268189,2676
equal_weight,500,full,longflat,iii_fut_open_entry,2015-04-17,2026-04-29,0.287175178094401,1.7875077226909277,-0.16664338782248322,1.7232917660094274,10.894992526158445,0.5592011412268189,2676
equal_weight,500,full,longflat,iv_fut_open_both,2015-04-17,2026-04-29,0.287175178094401,1.7875077226909277,-0.16664338782248322,1.7232917660094274,10.894992526158445,0.5592011412268189,2676
equal_weight,500,2014-2020,symmetric,i_spot_close,2015-04-17,2020-12-31,0.4208026936302334,1.4981435225216766,-0.2521408527526582,1.6689191340327023,24.253945480631277,0.5319454414931802,1394
equal_weight,500,2014-2020,symmetric,i5_spot_close_nocarry,2015-04-17,2020-12-31,0.5766615594083477,2.0424596566959763,-0.2073636229269693,2.780919581113994,24.253945480631277,0.5434314429289304,1394
equal_weight,500,2014-2020,symmetric,ii_fut_close,2015-04-17,2020-12-31,0.4599930609872405,1.448613309637669,-0.2634309559980237,1.7461617570514054,24.253945480631277,0.5384063173007897,1394
equal_weight,500,2014-2020,symmetric,iii_fut_open_entry,2015-04-17,2020-12-31,0.46684147416875993,1.4720962876294605,-0.2644150102877203,1.7655634362843906,24.253945480631277,0.5369705671213209,1394
equal_weight,500,2014-2020,symmetric,iv_fut_open_both,2015-04-17,2020-12-31,0.459062508816046,1.448092525664646,-0.2713170541916604,1.691978081450644,24.253945480631277,0.5369705671213209,1394
equal_weight,500,2014-2020,short_seg,i_spot_close,2015-04-17,2020-12-31,0.08096327233988805,0.3654725959050999,-0.3049042519901458,0.26553671131652407,12.126972740315638,0.45382585751978893,1394
equal_weight,500,2014-2020,short_seg,i5_spot_close_nocarry,2015-04-17,2020-12-31,0.23682213811800232,1.055610078429378,-0.2047370794477602,1.1567134725023211,12.126972740315638,0.4736147757255937,1394
equal_weight,500,2014-2020,short_seg,ii_fut_close,2015-04-17,2020-12-31,0.12015363969689508,0.45055102350717696,-0.31866786518102974,0.37704975250214784,12.126972740315638,0.4656992084432718,1394
equal_weight,500,2014-2020,short_seg,iii_fut_open_entry,2015-04-17,2020-12-31,0.12700205287841448,0.4770337281162681,-0.31333998555036535,0.4053170955993439,12.126972740315638,0.46174142480211083,1394
equal_weight,500,2014-2020,short_seg,iv_fut_open_both,2015-04-17,2020-12-31,0.11922308752570059,0.447352052994544,-0.32384305524138357,0.36815082366622015,12.126972740315638,0.48021108179419525,1394
equal_weight,500,2014-2020,longflat,i_spot_close,2015-04-17,2020-12-31,0.3398394212903454,1.9607944448514714,-0.11981468370513515,2.836375398917655,12.126972740315638,0.566145092460882,1394
equal_weight,500,2014-2020,longflat,i5_spot_close_nocarry,2015-04-17,2020-12-31,0.3398394212903454,1.9607944448514714,-0.11981468370513515,2.836375398917655,12.126972740315638,0.566145092460882,1394
equal_weight,500,2014-2020,longflat,ii_fut_close,2015-04-17,2020-12-31,0.3398394212903454,1.9607944448514714,-0.11981468370513515,2.836375398917655,12.126972740315638,0.566145092460882,1394
equal_weight,500,2014-2020,longflat,iii_fut_open_entry,2015-04-17,2020-12-31,0.3398394212903454,1.9607944448514714,-0.11981468370513515,2.836375398917655,12.126972740315638,0.566145092460882,1394
equal_weight,500,2014-2020,longflat,iv_fut_open_both,2015-04-17,2020-12-31,0.3398394212903454,1.9607944448514714,-0.11981468370513515,2.836375398917655,12.126972740315638,0.566145092460882,1394
equal_weight,500,2021-2023,symmetric,i_spot_close,2021-01-04,2023-12-29,0.18872927829949793,1.1134717589937406,-0.1617698783048075,1.1666527803395723,16.85006877579092,0.5371900826446281,727
equal_weight,500,2021-2023,symmetric,i5_spot_close_nocarry,2021-01-04,2023-12-29,0.21871447767073893,1.2932775030561323,-0.142632272647075,1.533415079292184,16.85006877579092,0.5399449035812672,727
equal_weight,500,2021-2023,symmetric,ii_fut_close,2021-01-04,2023-12-29,0.18295587815988976,1.082710982477953,-0.14751041029624234,1.2402912973563218,16.85006877579092,0.5440771349862259,727
equal_weight,500,2021-2023,symmetric,iii_fut_open_entry,2021-01-04,2023-12-29,0.1808393819449805,1.0698214794446048,-0.1475104102962428,1.2259431831407945,16.85006877579092,0.5426997245179064,727
equal_weight,500,2021-2023,symmetric,iv_fut_open_both,2021-01-04,2023-12-29,0.18787881396306183,1.1085111784898847,-0.14652690555839176,1.282213756218247,16.85006877579092,0.5440771349862259,727
equal_weight,500,2021-2023,short_seg,i_spot_close,2021-01-04,2023-12-29,0.0860317762621231,0.6682301251911124,-0.17309038856381131,0.49703381554549303,8.42503438789546,0.4903047091412742,727
equal_weight,500,2021-2023,short_seg,i5_spot_close_nocarry,2021-01-04,2023-12-29,0.11601697563336416,0.9039378648201819,-0.14544631267958397,0.7976618554019159,8.42503438789546,0.4930747922437673,727
equal_weight,500,2021-2023,short_seg,ii_fut_close,2021-01-04,2023-12-29,0.08025837612251498,0.6267932749759693,-0.15684262223988488,0.5117127919460746,8.42503438789546,0.5013850415512465,727
equal_weight,500,2021-2023,short_seg,iii_fut_open_entry,2021-01-04,2023-12-29,0.07814187990760572,0.609959047310673,-0.1580123705521227,0.49453014111847327,8.42503438789546,0.5013850415512465,727
equal_weight,500,2021-2023,short_seg,iv_fut_open_both,2021-01-04,2023-12-29,0.08518131192568704,0.6637298974966441,-0.15621619333684056,0.5452783741952741,8.42503438789546,0.5207756232686981,727
equal_weight,500,2021-2023,longflat,i_spot_close,2021-01-04,2023-12-29,0.1026975020373748,0.9284390166181534,-0.1314400358158464,0.7813258829391888,8.42503438789546,0.5487179487179488,727
equal_weight,500,2021-2023,longflat,i5_spot_close_nocarry,2021-01-04,2023-12-29,0.1026975020373748,0.9284390166181534,-0.1314400358158464,0.7813258829391888,8.42503438789546,0.5487179487179488,727
equal_weight,500,2021-2023,longflat,ii_fut_close,2021-01-04,2023-12-29,0.1026975020373748,0.9284390166181534,-0.1314400358158464,0.7813258829391888,8.42503438789546,0.5487179487179488,727
equal_weight,500,2021-2023,longflat,iii_fut_open_entry,2021-01-04,2023-12-29,0.1026975020373748,0.9284390166181534,-0.1314400358158464,0.7813258829391888,8.42503438789546,0.5487179487179488,727
equal_weight,500,2021-2023,longflat,iv_fut_open_both,2021-01-04,2023-12-29,0.1026975020373748,0.9284390166181534,-0.1314400358158464,0.7813258829391888,8.42503438789546,0.5487179487179488,727
equal_weight,500,2024-2026,symmetric,i_spot_close,2024-01-02,2026-04-29,0.4495963307761654,1.8370358381661152,-0.2452397508542189,1.8332930498018034,22.07207207207207,0.5451263537906137,555
equal_weight,500,2024-2026,symmetric,i5_spot_close_nocarry,2024-01-02,2026-04-29,0.49378296421778084,2.016650133220359,-0.23274984257105535,2.121517929994026,22.07207207207207,0.5595667870036101,555
equal_weight,500,2024-2026,symmetric,ii_fut_close,2024-01-02,2026-04-29,0.48651685290424557,1.8330952259353341,-0.27621620213730413,1.7613624730905655,22.07207207207207,0.555956678700361,555
equal_weight,500,2024-2026,symmetric,iii_fut_open_entry,2024-01-02,2026-04-29,0.48540581182487513,1.8274960405690583,-0.27911533195142035,1.739086880076367,22.07207207207207,0.555956678700361,555
equal_weight,500,2024-2026,symmetric,iv_fut_open_both,2024-01-02,2026-04-29,0.477630175410435,1.8005501748409367,-0.2816148657652603,1.696040349690073,22.07207207207207,0.555956678700361,555
equal_weight,500,2024-2026,short_seg,i_spot_close,2024-01-02,2026-04-29,0.06164963693732411,0.3723191942318228,-0.22010099394936466,0.2800970401410678,11.036036036036036,0.4833948339483395,555
equal_weight,500,2024-2026,short_seg,i5_spot_close_nocarry,2024-01-02,2026-04-29,0.10583627037893965,0.6368946811285958,-0.1971799200994543,0.5367497376282412,11.036036036036036,0.5129151291512916,555
equal_weight,500,2024-2026,short_seg,ii_fut_close,2024-01-02,2026-04-29,0.09857015906540435,0.5051369444385734,-0.2385063446252661,0.41328107736620084,11.036036036036036,0.5055350553505535,555
equal_weight,500,2024-2026,short_seg,iii_fut_open_entry,2024-01-02,2026-04-29,0.09745911798603399,0.4987540314292479,-0.24130303376058604,0.40388683253245017,11.036036036036036,0.5055350553505535,555
equal_weight,500,2024-2026,short_seg,iv_fut_open_both,2024-01-02,2026-04-29,0.08968348157159378,0.45812834522592694,-0.24523315828704884,0.36570699573431265,11.036036036036036,0.5313653136531366,555
equal_weight,500,2024-2026,longflat,i_spot_close,2024-01-02,2026-04-29,0.38794669383884123,2.1465115466169857,-0.16292553423965028,2.38112887368657,11.036036036036036,0.5551948051948052,555
equal_weight,500,2024-2026,longflat,i5_spot_close_nocarry,2024-01-02,2026-04-29,0.38794669383884123,2.1465115466169857,-0.16292553423965028,2.38112887368657,11.036036036036036,0.5551948051948052,555
equal_weight,500,2024-2026,longflat,ii_fut_close,2024-01-02,2026-04-29,0.38794669383884123,2.1465115466169857,-0.16292553423965028,2.38112887368657,11.036036036036036,0.5551948051948052,555
equal_weight,500,2024-2026,longflat,iii_fut_open_entry,2024-01-02,2026-04-29,0.38794669383884123,2.1465115466169857,-0.16292553423965028,2.38112887368657,11.036036036036036,0.5551948051948052,555
equal_weight,500,2024-2026,longflat,iv_fut_open_both,2024-01-02,2026-04-29,0.38794669383884123,2.1465115466169857,-0.16292553423965028,2.38112887368657,11.036036036036036,0.5551948051948052,555
equal_weight,1000,full,symmetric,i_spot_close,2022-07-25,2026-04-29,0.40724317513434566,1.7056383573849825,-0.25943482258268635,1.5697321241621303,20.011037527593817,0.5392265193370166,906
equal_weight,1000,full,symmetric,i5_spot_close_nocarry,2022-07-25,2026-04-29,0.4569646816022931,1.913157672268207,-0.2337505908693409,1.954924177529552,20.011037527593817,0.5469613259668509,906
equal_weight,1000,full,symmetric,ii_fut_close,2022-07-25,2026-04-29,0.4197271945530739,1.644844806395812,-0.30492553242935105,1.3764908146887356,20.011037527593817,0.5458563535911602,906
equal_weight,1000,full,symmetric,iii_fut_open_entry,2022-07-25,2026-04-29,0.42089923854114447,1.6490679402339476,-0.3085442888964077,1.3641452902810312,20.011037527593817,0.549171270718232,906
equal_weight,1000,full,symmetric,iv_fut_open_both,2022-07-25,2026-04-29,0.42088504333257637,1.650222043461134,-0.30165753987940525,1.3952412510585186,20.011037527593817,0.5480662983425414,906
equal_weight,1000,full,short_seg,i_spot_close,2022-07-25,2026-04-29,0.11334612992594237,0.6726471193054604,-0.28734283216822076,0.3944630498372254,10.005518763796909,0.4713656387665198,906
equal_weight,1000,full,short_seg,i5_spot_close_nocarry,2022-07-25,2026-04-29,0.1630676363938899,0.9649301732327787,-0.2547852071595208,0.6400200318215233,10.005518763796909,0.486784140969163,906
equal_weight,1000,full,short_seg,ii_fut_close,2022-07-25,2026-04-29,0.1258301493446706,0.6583212360099759,-0.3197714310235682,0.39350028531909875,10.005518763796909,0.486784140969163,906
equal_weight,1000,full,short_seg,iii_fut_open_entry,2022-07-25,2026-04-29,0.1270021933327413,0.6641598894711982,-0.3252506143431174,0.39047487608666764,10.005518763796909,0.4911894273127753,906
equal_weight,1000,full,short_seg,iv_fut_open_both,2022-07-25,2026-04-29,0.1269879981241731,0.6634965647532018,-0.3167506279798632,0.4009084336598257,10.005518763796909,0.5154185022026432,906
equal_weight,1000,full,longflat,i_spot_close,2022-07-25,2026-04-29,0.2938970452084032,1.7293911630520653,-0.1752556379879724,1.6769620000959573,10.005518763796909,0.5676229508196722,906
equal_weight,1000,full,longflat,i5_spot_close_nocarry,2022-07-25,2026-04-29,0.2938970452084032,1.7293911630520653,-0.1752556379879724,1.6769620000959573,10.005518763796909,0.5676229508196722,906
equal_weight,1000,full,longflat,ii_fut_close,2022-07-25,2026-04-29,0.2938970452084032,1.7293911630520653,-0.1752556379879724,1.6769620000959573,10.005518763796909,0.5676229508196722,906
equal_weight,1000,full,longflat,iii_fut_open_entry,2022-07-25,2026-04-29,0.2938970452084032,1.7293911630520653,-0.1752556379879724,1.6769620000959573,10.005518763796909,0.5676229508196722,906
equal_weight,1000,full,longflat,iv_fut_open_both,2022-07-25,2026-04-29,0.2938970452084032,1.7293911630520653,-0.1752556379879724,1.6769620000959573,10.005518763796909,0.5676229508196722,906
equal_weight,1000,2021-2023,symmetric,i_spot_close,2022-07-25,2023-12-29,0.2770444959059883,1.6618212839481332,-0.10879080242273842,2.5465801311902365,16.752136752136753,0.5314285714285715,351
equal_weight,1000,2021-2023,symmetric,i5_spot_close_nocarry,2022-07-25,2023-12-29,0.3067716310884677,1.8420475937354244,-0.10841745408093428,2.8295409967795484,16.752136752136753,0.5371428571428571,351
equal_weight,1000,2021-2023,symmetric,ii_fut_close,2022-07-25,2023-12-29,0.25989005239753354,1.5674442541017346,-0.10891435957764162,2.3861872153989587,16.752136752136753,0.5371428571428571,351
equal_weight,1000,2021-2023,symmetric,iii_fut_open_entry,2022-07-25,2023-12-29,0.2620566182657816,1.580184943198425,-0.10891435957764173,2.406079595766887,16.752136752136753,0.54,351
equal_weight,1000,2021-2023,symmetric,iv_fut_open_both,2022-07-25,2023-12-29,0.26619794168758204,1.6039797232618047,-0.1107810303531157,2.402919893767672,16.752136752136753,0.5428571428571428,351
equal_weight,1000,2021-2023,short_seg,i_spot_close,2022-07-25,2023-12-29,0.16410504449206287,1.3151148207505412,-0.07414190649503816,2.2133912149001103,8.376068376068377,0.489010989010989,351
equal_weight,1000,2021-2023,short_seg,i5_spot_close_nocarry,2022-07-25,2023-12-29,0.1938321796745423,1.5548058800492257,-0.06889967473004444,2.813252463585575,8.376068376068377,0.5,351
equal_weight,1000,2021-2023,short_seg,ii_fut_close,2022-07-25,2023-12-29,0.14695060098360818,1.1897301680406336,-0.07750073502601385,1.896118803702737,8.376068376068377,0.5054945054945055,351
equal_weight,1000,2021-2023,short_seg,iii_fut_open_entry,2022-07-25,2023-12-29,0.1491171668518562,1.2067387426583094,-0.07707055872727164,1.9348136216260574,8.376068376068377,0.5054945054945055,351
equal_weight,1000,2021-2023,short_seg,iv_fut_open_both,2022-07-25,2023-12-29,0.15325849027365668,1.2398733653476501,-0.07582859975086931,2.021117240423521,8.376068376068377,0.5274725274725275,351
equal_weight,1000,2021-2023,longflat,i_spot_close,2022-07-25,2023-12-29,0.11293945141392539,1.0151913680617544,-0.12238358694348328,0.9228316822098115,8.376068376068377,0.55,351
equal_weight,1000,2021-2023,longflat,i5_spot_close_nocarry,2022-07-25,2023-12-29,0.11293945141392539,1.0151913680617544,-0.12238358694348328,0.9228316822098115,8.376068376068377,0.55,351
equal_weight,1000,2021-2023,longflat,ii_fut_close,2022-07-25,2023-12-29,0.11293945141392539,1.0151913680617544,-0.12238358694348328,0.9228316822098115,8.376068376068377,0.55,351
equal_weight,1000,2021-2023,longflat,iii_fut_open_entry,2022-07-25,2023-12-29,0.11293945141392539,1.0151913680617544,-0.12238358694348328,0.9228316822098115,8.376068376068377,0.55,351
equal_weight,1000,2021-2023,longflat,iv_fut_open_both,2022-07-25,2023-12-29,0.11293945141392539,1.0151913680617544,-0.12238358694348328,0.9228316822098115,8.376068376068377,0.55,351
equal_weight,1000,2024-2026,symmetric,i_spot_close,2024-01-02,2026-04-29,0.487110534462305,1.7728663757987928,-0.25943482258268524,1.8775834701490643,22.07207207207207,0.5433212996389891,555
equal_weight,1000,2024-2026,symmetric,i5_spot_close_nocarry,2024-01-02,2026-04-29,0.5493833437688459,1.9983982428791986,-0.2337505908693409,2.350297133905144,22.07207207207207,0.5523465703971119,555
equal_weight,1000,2024-2026,symmetric,ii_fut_close,2024-01-02,2026-04-29,0.5160667418806254,1.73116877954815,-0.3049255324293503,1.6924353227134088,22.07207207207207,0.5505415162454874,555
equal_weight,1000,2024-2026,symmetric,iii_fut_open_entry,2024-01-02,2026-04-29,0.5159114201842329,1.7302676490222335,-0.3085442888964077,1.6720822220677942,22.07207207207207,0.5541516245487365,555
equal_weight,1000,2024-2026,symmetric,iv_fut_open_both,2024-01-02,2026-04-29,0.5132691402202424,1.7231133129671008,-0.3016575398794049,1.7014961417023904,22.07207207207207,0.5505415162454874,555
equal_weight,1000,2024-2026,short_seg,i_spot_close,2024-01-02,2026-04-29,0.07877003804334017,0.4121616052320462,-0.28734283216822154,0.2741326012866232,11.036036036036036,0.4575645756457565,555
equal_weight,1000,2024-2026,short_seg,i5_spot_close_nocarry,2024-01-02,2026-04-29,0.1410428473498809,0.7350497597423724,-0.25478520715952035,0.5535754956981248,11.036036036036036,0.47601476014760147,555
equal_weight,1000,2024-2026,short_seg,ii_fut_close,2024-01-02,2026-04-29,0.1077262454616604,0.481791238212981,-0.31977143102356775,0.3368851467338268,11.036036036036036,0.47232472324723246,555
equal_weight,1000,2024-2026,short_seg,iii_fut_open_entry,2024-01-02,2026-04-29,0.10757092376526795,0.4809097416620954,-0.3252506143431171,0.33073242300409,11.036036036036036,0.4797047970479705,555
equal_weight,1000,2024-2026,short_seg,iv_fut_open_both,2024-01-02,2026-04-29,0.10492864380127745,0.4686325257046554,-0.3167506279798633,0.3312657798675242,11.036036036036036,0.5055350553505535,555
equal_weight,1000,2024-2026,longflat,i_spot_close,2024-01-02,2026-04-29,0.4083404964189649,2.061876858463014,-0.1752556379879726,2.3299706708835717,11.036036036036036,0.577922077922078,555
equal_weight,1000,2024-2026,longflat,i5_spot_close_nocarry,2024-01-02,2026-04-29,0.4083404964189649,2.061876858463014,-0.1752556379879726,2.3299706708835717,11.036036036036036,0.577922077922078,555
equal_weight,1000,2024-2026,longflat,ii_fut_close,2024-01-02,2026-04-29,0.4083404964189649,2.061876858463014,-0.1752556379879726,2.3299706708835717,11.036036036036036,0.577922077922078,555
equal_weight,1000,2024-2026,longflat,iii_fut_open_entry,2024-01-02,2026-04-29,0.4083404964189649,2.061876858463014,-0.1752556379879726,2.3299706708835717,11.036036036036036,0.577922077922078,555
equal_weight,1000,2024-2026,longflat,iv_fut_open_both,2024-01-02,2026-04-29,0.4083404964189649,2.061876858463014,-0.1752556379879726,2.3299706708835717,11.036036036036036,0.577922077922078,555
equal_weight,blend,full,symmetric,i_spot_close,2022-07-25,2026-04-29,0.3764280775657738,1.6885099125257648,-0.25018636222167856,1.5045907147897946,20.011037527593817,0.5403314917127072,906
equal_weight,blend,full,symmetric,i5_spot_close_nocarry,2022-07-25,2026-04-29,0.41801808805423457,1.8743918829458996,-0.23200661463418204,1.8017507333286482,20.011037527593817,0.5447513812154696,906
equal_weight,blend,full,symmetric,ii_fut_close,2022-07-25,2026-04-29,0.3908951002386773,1.6434675292093428,-0.2875287512147586,1.3594991756031838,20.011037527593817,0.5524861878453039,906
equal_weight,blend,full,symmetric,iii_fut_open_entry,2022-07-25,2026-04-29,0.3911733133450397,1.6438213277596478,-0.2909045716614813,1.3446791540981304,20.011037527593817,0.554696132596685,906
equal_weight,blend,full,symmetric,iv_fut_open_both,2022-07-25,2026-04-29,0.38989783207567935,1.6400412734753724,-0.289971499377895,1.3446074283581881,20.011037527593817,0.5535911602209945,906
equal_weight,blend,full,short_seg,i_spot_close,2022-07-25,2026-04-29,0.09896462306465653,0.6378274577551537,-0.2540436926466262,0.3895574892399157,10.005518763796909,0.4713656387665198,906
equal_weight,blend,full,short_seg,i5_spot_close_nocarry,2022-07-25,2026-04-29,0.14055463355311726,0.9034151498862714,-0.22606313899445596,0.6217494553880554,10.005518763796909,0.4801762114537445,906
equal_weight,blend,full,short_seg,ii_fut_close,2022-07-25,2026-04-29,0.11343164573756001,0.644463649874758,-0.27927299695189867,0.4061676101005111,10.005518763796909,0.4977973568281938,906
equal_weight,blend,full,short_seg,iii_fut_open_entry,2022-07-25,2026-04-29,0.11370985884392246,0.6454548023305283,-0.2836506117514057,0.40088000565843634,10.005518763796909,0.5,906
equal_weight,blend,full,short_seg,iv_fut_open_both,2022-07-25,2026-04-29,0.11243437757456214,0.6374411379086714,-0.27788349396162215,0.4046097735840697,10.005518763796909,0.5220264317180616,906
equal_weight,blend,full,longflat,i_spot_close,2022-07-25,2026-04-29,0.2774634545011172,1.7258918293981569,-0.16666686242381612,1.6647787716526223,10.005518763796909,0.5635245901639344,906
equal_weight,blend,full,longflat,i5_spot_close_nocarry,2022-07-25,2026-04-29,0.2774634545011172,1.7258918293981569,-0.16666686242381612,1.6647787716526223,10.005518763796909,0.5635245901639344,906
equal_weight,blend,full,longflat,ii_fut_close,2022-07-25,2026-04-29,0.2774634545011172,1.7258918293981569,-0.16666686242381612,1.6647787716526223,10.005518763796909,0.5635245901639344,906
equal_weight,blend,full,longflat,iii_fut_open_entry,2022-07-25,2026-04-29,0.2774634545011172,1.7258918293981569,-0.16666686242381612,1.6647787716526223,10.005518763796909,0.5635245901639344,906
equal_weight,blend,full,longflat,iv_fut_open_both,2022-07-25,2026-04-29,0.2774634545011172,1.7258918293981569,-0.16666686242381612,1.6647787716526223,10.005518763796909,0.5635245901639344,906
equal_weight,blend,2021-2023,symmetric,i_spot_close,2022-07-25,2023-12-29,0.22778689640871524,1.4828703592587564,-0.10662416758232818,2.1363533387759692,16.752136752136753,0.5342857142857143,351
equal_weight,blend,2021-2023,symmetric,i5_spot_close_nocarry,2022-07-25,2023-12-29,0.25085509214110635,1.6344956721432369,-0.10645391095863255,2.356466661319633,16.752136752136753,0.5371428571428571,351
equal_weight,blend,2021-2023,symmetric,ii_fut_close,2022-07-25,2023-12-29,0.21040120127680673,1.3871481151242457,-0.10638173271151663,1.9777944569427868,16.752136752136753,0.5371428571428571,351
equal_weight,blend,2021-2023,symmetric,iii_fut_open_entry,2022-07-25,2023-12-29,0.21086749543247119,1.3896204892121315,-0.1063817327115163,1.9821776733445124,16.752136752136753,0.5371428571428571,351
equal_weight,blend,2021-2023,symmetric,iv_fut_open_both,2022-07-25,2023-12-29,0.2158116144210013,1.4210956896711942,-0.10859226443633807,1.9873571615915635,16.752136752136753,0.5371428571428571,351
equal_weight,blend,2021-2023,short_seg,i_spot_close,2022-07-25,2023-12-29,0.14114246768657548,1.2280599114994653,-0.06743028626664083,2.0931613300357825,8.376068376068377,0.4945054945054945,351
equal_weight,blend,2021-2023,short_seg,i5_spot_close_nocarry,2022-07-25,2023-12-29,0.16421066341896662,1.4301193964243628,-0.0634469855166212,2.5881554825949666,8.376068376068377,0.5,351
equal_weight,blend,2021-2023,short_seg,ii_fut_close,2022-07-25,2023-12-29,0.12375677255466698,1.1021470806497469,-0.06717331341898491,1.842350276556257,8.376068376068377,0.5,351
equal_weight,blend,2021-2023,short_seg,iii_fut_open_entry,2022-07-25,2023-12-29,0.12422306671033145,1.1054398188642414,-0.06891138277246567,1.802649456628901,8.376068376068377,0.5,351
equal_weight,blend,2021-2023,short_seg,iv_fut_open_both,2022-07-25,2023-12-29,0.12916718569886151,1.1485502812273403,-0.06822661008002628,1.8932083178008563,8.376068376068377,0.521978021978022,351
equal_weight,blend,2021-2023,longflat,i_spot_close,2022-07-25,2023-12-29,0.08664442872213976,0.845892169502453,-0.12103448714531073,0.715865624465503,8.376068376068377,0.5388888888888889,351
equal_weight,blend,2021-2023,longflat,i5_spot_close_nocarry,2022-07-25,2023-12-29,0.08664442872213976,0.845892169502453,-0.12103448714531073,0.715865624465503,8.376068376068377,0.5388888888888889,351
equal_weight,blend,2021-2023,longflat,ii_fut_close,2022-07-25,2023-12-29,0.08664442872213976,0.845892169502453,-0.12103448714531073,0.715865624465503,8.376068376068377,0.5388888888888889,351
equal_weight,blend,2021-2023,longflat,iii_fut_open_entry,2022-07-25,2023-12-29,0.08664442872213976,0.845892169502453,-0.12103448714531073,0.715865624465503,8.376068376068377,0.5388888888888889,351
equal_weight,blend,2021-2023,longflat,iv_fut_open_both,2022-07-25,2023-12-29,0.08664442872213976,0.845892169502453,-0.12103448714531073,0.715865624465503,8.376068376068377,0.5388888888888889,351
equal_weight,blend,2024-2026,symmetric,i_spot_close,2024-01-02,2026-04-29,0.4683534326192352,1.8204950712436265,-0.2501863622216788,1.8720182365665818,22.07207207207207,0.5433212996389891,555
equal_weight,blend,2024-2026,symmetric,i5_spot_close_nocarry,2024-01-02,2026-04-29,0.5215831539933133,2.026469439961381,-0.23200661463418193,2.248139152479438,22.07207207207207,0.5487364620938628,555
equal_weight,blend,2024-2026,symmetric,ii_fut_close,2024-01-02,2026-04-29,0.5012917973924355,1.7980706264368622,-0.2875287512147585,1.7434492908085386,22.07207207207207,0.5613718411552346,555
equal_weight,blend,2024-2026,symmetric,iii_fut_open_entry,2024-01-02,2026-04-29,0.500658616004554,1.7948913473254047,-0.29090457166148065,1.7210407287347809,22.07207207207207,0.5649819494584838,555
equal_weight,blend,2024-2026,symmetric,iv_fut_open_both,2024-01-02,2026-04-29,0.49544965781533873,1.778409057011178,-0.28997149937789424,1.708615015193831,22.07207207207207,0.5631768953068592,555
equal_weight,blend,2024-2026,short_seg,i_spot_close,2024-01-02,2026-04-29,0.07020983749033212,0.39898222459216903,-0.2540436926466262,0.2763691424844534,11.036036036036036,0.45387453874538747,555
equal_weight,blend,2024-2026,short_seg,i5_spot_close_nocarry,2024-01-02,2026-04-29,0.12343955886441027,0.6988179991141853,-0.22606313899445585,0.5460401877700088,11.036036036036036,0.46494464944649444,555
equal_weight,blend,2024-2026,short_seg,ii_fut_close,2024-01-02,2026-04-29,0.10314820226353238,0.49967567676091407,-0.2792729969518979,0.36934541967657075,11.036036036036036,0.4944649446494465,555
equal_weight,blend,2024-2026,short_seg,iii_fut_open_entry,2024-01-02,2026-04-29,0.10251502087565097,0.49616203145173093,-0.28365061175140516,0.3614130082169411,11.036036036036036,0.4981549815498155,555
equal_weight,blend,2024-2026,short_seg,iv_fut_open_both,2024-01-02,2026-04-29,0.0973060626864356,0.47034614933336505,-0.27788349396162193,0.350168559129584,11.036036036036036,0.5202952029520295,555
equal_weight,blend,2024-2026,longflat,i_spot_close,2024-01-02,2026-04-29,0.39814359512890307,2.114963674055318,-0.16666686242381534,2.388858764956336,11.036036036036036,0.577922077922078,555
equal_weight,blend,2024-2026,longflat,i5_spot_close_nocarry,2024-01-02,2026-04-29,0.39814359512890307,2.114963674055318,-0.16666686242381534,2.388858764956336,11.036036036036036,0.577922077922078,555
equal_weight,blend,2024-2026,longflat,ii_fut_close,2024-01-02,2026-04-29,0.39814359512890307,2.114963674055318,-0.16666686242381534,2.388858764956336,11.036036036036036,0.577922077922078,555
equal_weight,blend,2024-2026,longflat,iii_fut_open_entry,2024-01-02,2026-04-29,0.39814359512890307,2.114963674055318,-0.16666686242381534,2.388858764956336,11.036036036036036,0.577922077922078,555
equal_weight,blend,2024-2026,longflat,iv_fut_open_both,2024-01-02,2026-04-29,0.39814359512890307,2.114963674055318,-0.16666686242381534,2.388858764956336,11.036036036036036,0.577922077922078,555
