report_date,a1_median,a1_n_funds,a1_eff_date,a2_n_funds,a2_num_value,a2_den_value,a2_ratio,a2_eff_date,eff_plus30,a1_pct,a2_pct
2016-03-31,85.248524,582,2016-04-22,582,7543289.2888,33174964.1034,0.22737897365281284,2016-04-22,2016-04-30,,
2016-06-30,85.579079,601,2016-08-29,601,17000231.6481,71063640.1764,0.23922545490071476,2016-08-29,2016-07-30,,
2016-09-30,85.21154,617,2016-10-26,617,7889726.6543,34662477.7548,0.22761577259742904,2016-10-26,2016-10-30,,
2016-12-31,85.551216,633,2017-03-31,633,13543068.3203,67741870.7685,0.19992167571784175,2017-03-31,2017-01-30,,
2017-03-31,85.4564095,656,2017-04-24,656,5973791.8603,35462806.8766,0.16845231346427303,2017-04-24,2017-04-30,,
2017-06-30,86.6865655,674,2017-08-29,674,11012888.0999,75414574.6282,0.1460312963932295,2017-08-29,2017-07-30,,
2017-09-30,88.737778,701,2017-10-27,701,5762097.2741,43483750.0638,0.1325115075320267,2017-10-27,2017-10-30,,
2017-12-31,88.074547,727,2018-03-31,727,8893385.3265,79527323.5457,0.11182804764439808,2018-03-31,2018-01-30,,
2018-03-31,86.500984,783,2018-04-23,783,6127282.9577,45023867.4144,0.13608966331800074,2018-04-23,2018-04-30,0.6666666666666666,0.3333333333333333
2018-06-30,85.174355,823,2018-08-29,823,11732109.0924,76947641.2433,0.15246872942218406,2018-08-29,2018-07-30,0.1,0.5
2018-09-30,84.438721,857,2018-10-26,857,5327668.9417,40496444.1273,0.1315589320620978,2018-10-26,2018-10-30,0.09090909090909091,0.18181818181818182
2018-12-31,82.052757,897,2019-03-30,897,10622988.4938,64684149.092,0.16422861926638266,2019-03-30,2019-01-30,0.08333333333333333,0.5833333333333334
2019-03-31,88.318314,957,2019-04-22,957,6923248.1027,45871640.6793,0.15092654198052652,2019-04-22,2019-04-30,0.9230769230769231,0.46153846153846156
2019-06-30,87.40435400000001,1034,2019-08-29,1034,13064925.0042,89358002.6632,0.14620878505356838,2019-08-29,2019-07-30,0.7857142857142857,0.42857142857142855
2019-09-30,88.278412,1109,2019-10-25,1109,7967831.1661,55620341.8908,0.14325390487069148,2019-10-25,2019-10-30,0.8666666666666667,0.3333333333333333
2019-12-31,90.28972999999999,1156,2020-04-30,1156,21542619.5929,112763297.0322,0.1910428318422476,2020-04-30,2020-01-30,1.0,0.75
2020-03-31,88.443573,1260,2020-04-22,1260,15212796.2315,69194454.9794,0.21985571294736014,2020-04-22,2020-04-30,0.8823529411764706,0.8235294117647058
2020-06-30,91.030724,1381,2020-08-31,1381,49354840.0464,181147555.3052,0.27245656152105535,2020-08-31,2020-07-30,1.0,1.0
2020-09-30,90.514877,1567,2020-10-28,1567,32730048.4459,137233605.5627,0.23849878688020135,2020-10-28,2020-10-30,0.9473684210526315,0.8947368421052632
2020-12-31,91.059673,1792,2021-03-31,1792,84540492.5815,327379491.852,0.25823392938650724,2021-03-31,2021-01-30,1.0,0.95
2021-03-31,88.754463,2067,2021-04-22,2067,47025292.8384,209361399.7983,0.22461300356084954,2021-04-22,2021-04-30,0.8095238095238095,0.7142857142857143
2021-06-30,89.97584950000001,2364,2021-08-31,2364,136326841.1878,434485944.5288,0.31376582580973117,2021-08-31,2021-07-30,0.8181818181818182,1.0
2021-09-30,89.194954,2637,2021-10-27,2637,80214829.2643,267103178.115,0.30031402033623084,2021-10-27,2021-10-30,0.782608695652174,0.9565217391304348
2021-12-31,90.26521650000001,2950,2022-03-31,2950,157538928.9716,516702087.1025,0.30489315391588195,2022-03-31,2022-01-30,0.8333333333333334,0.9583333333333334
2022-03-31,88.310593,3373,2022-04-22,3373,74429411.8378,259272598.9045,0.2870701036371961,2022-04-22,2022-04-30,0.56,0.88
2022-06-30,90.256233,3620,2022-08-31,3620,149898963.9544,500481309.2507,0.29950961441261925,2022-08-31,2022-07-30,0.8076923076923077,0.8846153846153846
2022-09-30,88.591164,3767,2022-10-26,3767,76368224.1424,251002972.1729,0.30425227032688196,2022-10-26,2022-10-30,0.6296296296296297,0.9259259259259259
2022-12-31,90.024742,3979,2023-03-31,3979,153040129.18,452834982.5105,0.33796004083331044,2023-03-31,2023-01-30,0.7857142857142857,1.0
2023-03-31,90.87912,4152,2023-04-22,4152,78485276.5255,254430667.4847,0.3084741210696217,2023-04-22,2023-04-30,0.9310344827586207,0.9310344827586207
2023-06-30,90.032272,4326,2023-08-31,4326,147829938.226,445626225.1101,0.33173527475739556,2023-08-31,2023-07-30,0.7666666666666667,0.9666666666666667
2023-09-30,89.944298,4482,2023-10-25,4482,63795768.6908,223265189.6693,0.2857398808354056,2023-10-25,2023-10-30,0.6774193548387096,0.7096774193548387
2023-12-31,90.406235,4656,2024-03-30,4656,130814476.1955,385213345.0638,0.3395896789968016,2024-03-30,2024-01-30,0.875,1.0
2024-03-31,89.521858,4849,2024-04-22,4849,55375443.6033,196439056.7747,0.28189630164438856,2024-04-22,2024-04-30,0.6363636363636364,0.6666666666666666
2024-06-30,88.971802,4995,2024-08-31,4995,91452018.0353,328701776.3538,0.2782218552322793,2024-08-31,2024-07-30,0.5882352941176471,0.6470588235294118
2024-09-30,90.402321,5145,2024-10-25,5145,63593734.3815,204140645.436,0.31151921875076677,2024-10-25,2024-10-30,0.8571428571428571,0.8857142857142857
2024-12-31,89.528061,5285,2025-03-31,5285,102209701.6251,322711986.0952,0.31672111985003293,2025-03-31,2025-01-30,0.6388888888888888,0.9166666666666666
2025-03-31,89.677055,5411,2025-04-22,5411,55717696.8411,173787176.777,0.32060879216995253,2025-04-22,2025-04-30,0.6486486486486487,0.918918918918919
2025-06-30,90.408409,5532,2025-08-30,5532,114241068.6981,321684889.3321,0.3551334628595507,2025-08-30,2025-07-30,0.8947368421052632,1.0
2025-09-30,91.450691,5755,2025-10-28,5755,93259484.7159,225692777.835,0.41321430668056364,2025-10-28,2025-10-30,1.0,1.0
2025-12-31,90.697807,5982,2026-03-31,5982,157929448.3275,399231430.6489,0.3955837045966189,2026-03-31,2026-01-30,0.9,0.975
2026-03-31,89.740532,6201,2026-04-22,6201,95712317.4974,226771671.6393,0.4220646997286272,2026-04-22,2026-04-30,0.6097560975609756,1.0
