ts_code,effective_date,planned_action,reason,total_shares,available_date,source,old_total_shares,old_par_value,old_available_date,old_source,old_quality_flag,old_updated_at
000035.SZ,2013-05-31,INSERT,no canonical row for this key,188953707,2013-05-31,wind_total_shares_month_end,,,,,,
000035.SZ,2014-05-30,INSERT,no canonical row for this key,567104959,2014-05-30,wind_total_shares_month_end,,,,,,
000035.SZ,2014-09-30,UPGRADE_PAR_UNKNOWN,empty par_unknown placeholder,619278871,2014-09-30,wind_total_shares_month_end,,,2014-10-31,csmar_a003101000,par_unknown,2026-07-27 13:56:42.179781+08:00
000035.SZ,2016-05-31,INSERT,no canonical row for this key,1238557742,2016-05-31,wind_total_shares_month_end,,,,,,
000035.SZ,2017-07-31,INSERT,no canonical row for this key,1351521423,2017-07-31,wind_total_shares_month_end,,,,,,
000035.SZ,2019-01-31,INSERT,no canonical row for this key,2438736365,2019-01-31,wind_total_shares_month_end,,,,,,
000035.SZ,2019-10-31,INSERT,no canonical row for this key,2523777297,2019-10-31,wind_total_shares_month_end,,,,,,
000156.SZ,2013-05-31,INSERT,no canonical row for this key,1097025730,2013-05-31,wind_total_shares_month_end,,,,,,
000156.SZ,2013-12-31,UPGRADE_PAR_UNKNOWN,empty par_unknown placeholder,1146680902,2013-12-31,wind_total_shares_month_end,,,2014-04-30,csmar_a003101000,par_unknown,2026-07-27 13:56:42.179781+08:00
000156.SZ,2015-05-29,INSERT,no canonical row for this key,1433351902,2015-05-29,wind_total_shares_month_end,,,,,,
000156.SZ,2020-12-31,UPGRADE_PAR_UNKNOWN,empty par_unknown placeholder,1852932442,2020-12-31,wind_total_shares_month_end,,,2021-04-30,csmar_a003101000,par_unknown,2026-07-27 13:56:42.179781+08:00
000301.SZ,2013-05-31,INSERT,no canonical row for this key,1218236445,2013-05-31,wind_total_shares_month_end,,,,,,
000301.SZ,2018-08-31,INSERT,no canonical row for this key,4029053222,2018-08-31,wind_total_shares_month_end,,,,,,
000301.SZ,2020-07-31,INSERT,no canonical row for this key,4834863866,2020-07-31,wind_total_shares_month_end,,,,,,
000301.SZ,2021-09-30,UPGRADE_PAR_UNKNOWN,empty par_unknown placeholder,4834903257,2021-09-30,wind_total_shares_month_end,,,2021-10-31,csmar_a003101000,par_unknown,2026-07-27 13:56:42.179781+08:00
000301.SZ,2021-12-31,UPGRADE_PAR_UNKNOWN,empty par_unknown placeholder,4834960195,2021-12-31,wind_total_shares_month_end,,,2022-04-30,csmar_a003101000,par_unknown,2026-07-27 13:56:42.179781+08:00
000301.SZ,2022-01-28,INSERT,no canonical row for this key,5946491119,2022-01-28,wind_total_shares_month_end,,,,,,
000301.SZ,2022-02-28,INSERT,no canonical row for this key,5946495968,2022-02-28,wind_total_shares_month_end,,,,,,
000301.SZ,2022-03-31,UPGRADE_PAR_UNKNOWN,empty par_unknown placeholder,5946506551,2022-03-31,wind_total_shares_month_end,,,2022-04-30,csmar_a003101000,par_unknown,2026-07-27 13:56:42.179781+08:00
000301.SZ,2022-04-29,INSERT,no canonical row for this key,5946508904,2022-04-29,wind_total_shares_month_end,,,,,,
000301.SZ,2022-05-31,INSERT,no canonical row for this key,5946515062,2022-05-31,wind_total_shares_month_end,,,,,,
000301.SZ,2022-06-30,UPGRADE_PAR_UNKNOWN,empty par_unknown placeholder,5946522007,2022-06-30,wind_total_shares_month_end,,,2022-08-31,csmar_a003101000,par_unknown,2026-07-27 13:56:42.179781+08:00
000301.SZ,2022-07-29,INSERT,no canonical row for this key,6213237010,2022-07-29,wind_total_shares_month_end,,,,,,
000301.SZ,2022-09-30,UPGRADE_PAR_UNKNOWN,empty par_unknown placeholder,6213245319,2022-09-30,wind_total_shares_month_end,,,2022-10-31,csmar_a003101000,par_unknown,2026-07-27 13:56:42.179781+08:00
000301.SZ,2022-12-30,INSERT,no canonical row for this key,6611187669,2022-12-30,wind_total_shares_month_end,,,,,,
000301.SZ,2023-01-31,INSERT,no canonical row for this key,6611189232,2023-01-31,wind_total_shares_month_end,,,,,,
000301.SZ,2023-03-31,UPGRADE_PAR_UNKNOWN,empty par_unknown placeholder,6611212402,2023-03-31,wind_total_shares_month_end,,,2023-04-30,csmar_a003101000,par_unknown,2026-07-27 13:56:42.179781+08:00
000301.SZ,2023-06-30,UPGRADE_PAR_UNKNOWN,empty par_unknown placeholder,6611212627,2023-06-30,wind_total_shares_month_end,,,2023-08-31,csmar_a003101000,par_unknown,2026-07-27 13:56:42.179781+08:00
000301.SZ,2023-09-28,INSERT,no canonical row for this key,6611213077,2023-09-28,wind_total_shares_month_end,,,,,,
000301.SZ,2023-12-29,INSERT,no canonical row for this key,6611213678,2023-12-29,wind_total_shares_month_end,,,,,,
000498.SZ,2013-05-31,INSERT,no canonical row for this key,1120139063,2013-05-31,wind_total_shares_month_end,,,,,,
000498.SZ,2020-09-30,INSERT,no canonical row for this key,1350773637,2020-09-30,wind_total_shares_month_end,,,,,,
000498.SZ,2020-11-30,INSERT,no canonical row for this key,1556959203,2020-11-30,wind_total_shares_month_end,,,,,,
000498.SZ,2021-04-30,INSERT,no canonical row for this key,1557016203,2021-04-30,wind_total_shares_month_end,,,,,,
000498.SZ,2021-10-29,INSERT,no canonical row for this key,1558028003,2021-10-29,wind_total_shares_month_end,,,,,,
000498.SZ,2021-12-31,UPGRADE_PAR_UNKNOWN,empty par_unknown placeholder,1558068503,2021-12-31,wind_total_shares_month_end,,,2022-04-30,csmar_a003101000,par_unknown,2026-07-27 13:56:42.179781+08:00
000498.SZ,2022-03-31,UPGRADE_PAR_UNKNOWN,empty par_unknown placeholder,1558689503,2022-03-31,wind_total_shares_month_end,,,2022-04-30,csmar_a003101000,par_unknown,2026-07-27 13:56:42.179781+08:00
000498.SZ,2022-04-29,INSERT,no canonical row for this key,1560031803,2022-04-29,wind_total_shares_month_end,,,,,,
000498.SZ,2022-06-30,UPGRADE_PAR_UNKNOWN,empty par_unknown placeholder,1560566803,2022-06-30,wind_total_shares_month_end,,,2022-08-31,csmar_a003101000,par_unknown,2026-07-27 13:56:42.179781+08:00
000498.SZ,2022-09-30,UPGRADE_PAR_UNKNOWN,empty par_unknown placeholder,1560629303,2022-09-30,wind_total_shares_month_end,,,2022-10-31,csmar_a003101000,par_unknown,2026-07-27 13:56:42.179781+08:00
000498.SZ,2023-01-31,INSERT,no canonical row for this key,1560629304,2023-01-31,wind_total_shares_month_end,,,,,,
000498.SZ,2023-02-28,INSERT,no canonical row for this key,1560987803,2023-02-28,wind_total_shares_month_end,,,,,,
000498.SZ,2023-12-29,INSERT,no canonical row for this key,1560993456,2023-12-29,wind_total_shares_month_end,,,,,,
000547.SZ,2013-05-31,INSERT,no canonical row for this key,834878240,2013-05-31,wind_total_shares_month_end,,,,,,
000547.SZ,2014-06-30,UPGRADE_PAR_UNKNOWN,empty par_unknown placeholder,948585586,2014-06-30,wind_total_shares_month_end,,,2014-08-31,csmar_a003101000,par_unknown,2026-07-27 13:56:42.179781+08:00
000547.SZ,2015-07-31,INSERT,no canonical row for this key,1429628897,2015-07-31,wind_total_shares_month_end,,,,,,
000547.SZ,2018-12-28,INSERT,no canonical row for this key,1565247615,2018-12-28,wind_total_shares_month_end,,,,,,
000547.SZ,2019-01-31,INSERT,no canonical row for this key,1605678881,2019-01-31,wind_total_shares_month_end,,,,,,
000547.SZ,2020-08-31,INSERT,no canonical row for this key,1605421646,2020-08-31,wind_total_shares_month_end,,,,,,
000547.SZ,2021-08-31,INSERT,no canonical row for this key,1603685112,2021-08-31,wind_total_shares_month_end,,,,,,
000547.SZ,2023-03-31,UPGRADE_PAR_UNKNOWN,empty par_unknown placeholder,1598468269,2023-03-31,wind_total_shares_month_end,,,2023-04-30,csmar_a003101000,par_unknown,2026-07-27 13:56:42.179781+08:00
000603.SZ,2013-05-31,INSERT,no canonical row for this key,504988667,2013-05-31,wind_total_shares_month_end,,,,,,
000603.SZ,2016-07-29,INSERT,no canonical row for this key,722625223,2016-07-29,wind_total_shares_month_end,,,,,,
000603.SZ,2018-01-31,INSERT,no canonical row for this key,689969346,2018-01-31,wind_total_shares_month_end,,,,,,
000620.SZ,2013-05-31,INSERT,no canonical row for this key,1597970649,2013-05-31,wind_total_shares_month_end,,,,,,
000620.SZ,2015-04-30,INSERT,no canonical row for this key,1896690420,2015-04-30,wind_total_shares_month_end,,,,,,
000620.SZ,2023-12-29,INSERT,no canonical row for this key,5871815040,2023-12-29,wind_total_shares_month_end,,,,,,
000670.SZ,2013-05-31,INSERT,no canonical row for this key,272209120,2013-05-31,wind_total_shares_month_end,,,,,,
000670.SZ,2014-07-31,INSERT,no canonical row for this key,816627360,2014-07-31,wind_total_shares_month_end,,,,,,
000670.SZ,2023-12-29,INSERT,no canonical row for this key,849287360,2023-12-29,wind_total_shares_month_end,,,,,,
000681.SZ,2013-05-31,INSERT,no canonical row for this key,198750000,2013-05-31,wind_total_shares_month_end,,,,,,
000681.SZ,2014-04-30,INSERT,no canonical row for this key,669986736,2014-04-30,wind_total_shares_month_end,,,,,,
000681.SZ,2015-07-31,INSERT,no canonical row for this key,700577436,2015-07-31,wind_total_shares_month_end,,,,,,
000813.SZ,2013-05-31,INSERT,no canonical row for this key,363456000,2013-05-31,wind_total_shares_month_end,,,,,,
000813.SZ,2013-11-29,INSERT,no canonical row for this key,467495367,2013-11-29,wind_total_shares_month_end,,,,,,
000813.SZ,2016-10-31,INSERT,no canonical row for this key,1342664265,2016-10-31,wind_total_shares_month_end,,,,,,
000813.SZ,2016-12-30,INSERT,no canonical row for this key,1494321200,2016-12-30,wind_total_shares_month_end,,,,,,
000813.SZ,2017-05-31,INSERT,no canonical row for this key,2241481800,2017-05-31,wind_total_shares_month_end,,,,,,
000813.SZ,2022-01-28,INSERT,no canonical row for this key,2234788132,2022-01-28,wind_total_shares_month_end,,,,,,
000813.SZ,2022-02-28,INSERT,no canonical row for this key,2232788132,2022-02-28,wind_total_shares_month_end,,,,,,
000813.SZ,2022-11-30,INSERT,no canonical row for this key,2226394464,2022-11-30,wind_total_shares_month_end,,,,,,
000813.SZ,2023-06-30,UPGRADE_PAR_UNKNOWN,empty par_unknown placeholder,2173480882,2023-06-30,wind_total_shares_month_end,,,2023-08-31,csmar_a003101000,par_unknown,2026-07-27 13:56:42.179781+08:00
000813.SZ,2023-09-28,INSERT,no canonical row for this key,2164955990,2023-09-28,wind_total_shares_month_end,,,,,,
000820.SZ,2013-05-31,INSERT,no canonical row for this key,287834760,2013-05-31,wind_total_shares_month_end,,,,,,
000820.SZ,2016-10-31,INSERT,no canonical row for this key,637245222,2016-10-31,wind_total_shares_month_end,,,,,,
000863.SZ,2013-05-31,INSERT,no canonical row for this key,738690925,2013-05-31,wind_total_shares_month_end,,,,,,
000863.SZ,2014-11-28,INSERT,no canonical row for this key,928481910,2014-11-28,wind_total_shares_month_end,,,,,,
000863.SZ,2015-06-30,UPGRADE_PAR_UNKNOWN,empty par_unknown placeholder,956481910,2015-06-30,wind_total_shares_month_end,,,2015-08-31,csmar_a003101000,par_unknown,2026-07-27 13:56:42.179781+08:00
000863.SZ,2016-06-30,UPGRADE_PAR_UNKNOWN,empty par_unknown placeholder,1388789602,2016-06-30,wind_total_shares_month_end,,,2016-08-31,csmar_a003101000,par_unknown,2026-07-27 13:56:42.179781+08:00
000863.SZ,2016-08-31,INSERT,no canonical row for this key,1382986746,2016-08-31,wind_total_shares_month_end,,,,,,
000863.SZ,2017-08-31,INSERT,no canonical row for this key,1381752594,2017-08-31,wind_total_shares_month_end,,,,,,
000863.SZ,2018-07-31,INSERT,no canonical row for this key,1371271098,2018-07-31,wind_total_shares_month_end,,,,,,
000863.SZ,2020-07-31,INSERT,no canonical row for this key,1225208160,2020-07-31,wind_total_shares_month_end,,,,,,
000863.SZ,2022-05-31,INSERT,no canonical row for this key,1204370460,2022-05-31,wind_total_shares_month_end,,,,,,
000863.SZ,2023-05-31,INSERT,no canonical row for this key,1180699560,2023-05-31,wind_total_shares_month_end,,,,,,
000908.SZ,2013-05-31,INSERT,no canonical row for this key,280000000,2013-05-31,wind_total_shares_month_end,,,,,,
000908.SZ,2014-12-31,UPGRADE_PAR_UNKNOWN,empty par_unknown placeholder,738509772,2014-12-31,wind_total_shares_month_end,,,2015-04-30,csmar_a003101000,par_unknown,2026-07-27 13:56:42.179781+08:00
000908.SZ,2015-03-31,UPGRADE_PAR_UNKNOWN,empty par_unknown placeholder,799794865,2015-03-31,wind_total_shares_month_end,,,2015-04-30,csmar_a003101000,par_unknown,2026-07-27 13:56:42.179781+08:00
000908.SZ,2016-06-30,UPGRADE_PAR_UNKNOWN,empty par_unknown placeholder,879774351,2016-06-30,wind_total_shares_month_end,,,2016-08-31,csmar_a003101000,par_unknown,2026-07-27 13:56:42.179781+08:00
001267.SZ,2022-05-31,INSERT,no canonical row for this key,700000000,2022-05-31,wind_total_shares_month_end,,,,,,
001267.SZ,2022-09-30,UPGRADE_PAR_UNKNOWN,empty par_unknown placeholder,775446428,2022-09-30,wind_total_shares_month_end,,,2022-10-31,csmar_a003101000,par_unknown,2026-07-27 13:56:42.179781+08:00
001267.SZ,2023-05-31,INSERT,no canonical row for this key,779671428,2023-05-31,wind_total_shares_month_end,,,,,,
002019.SZ,2013-05-31,INSERT,no canonical row for this key,220420000,2013-05-31,wind_total_shares_month_end,,,,,,
002019.SZ,2014-09-30,UPGRADE_PAR_UNKNOWN,empty par_unknown placeholder,440319243,2014-09-30,wind_total_shares_month_end,,,2014-10-31,csmar_a003101000,par_unknown,2026-07-27 13:56:42.179781+08:00
002019.SZ,2016-05-31,INSERT,no canonical row for this key,1100798107,2016-05-31,wind_total_shares_month_end,,,,,,
002019.SZ,2017-08-31,INSERT,no canonical row for this key,1206974577,2017-08-31,wind_total_shares_month_end,,,,,,
002019.SZ,2019-06-28,INSERT,no canonical row for this key,1230904577,2019-06-28,wind_total_shares_month_end,,,,,,
002019.SZ,2019-12-31,UPGRADE_PAR_UNKNOWN,empty par_unknown placeholder,1236904577,2019-12-31,wind_total_shares_month_end,,,2020-04-29,csmar_a003101000,par_unknown,2026-07-27 13:56:42.179781+08:00
002019.SZ,2020-06-30,UPGRADE_PAR_UNKNOWN,empty par_unknown placeholder,1234677077,2020-06-30,wind_total_shares_month_end,,,2020-08-31,csmar_a003101000,par_unknown,2026-07-27 13:56:42.179781+08:00
002019.SZ,2021-06-30,UPGRADE_PAR_UNKNOWN,empty par_unknown placeholder,1234106077,2021-06-30,wind_total_shares_month_end,,,2021-08-31,csmar_a003101000,par_unknown,2026-07-27 13:56:42.179781+08:00
002019.SZ,2022-07-29,INSERT,no canonical row for this key,1226024827,2022-07-29,wind_total_shares_month_end,,,,,,
002027.SZ,2013-05-31,INSERT,no canonical row for this key,302335116,2013-05-31,wind_total_shares_month_end,,,,,,
002027.SZ,2015-12-31,UPGRADE_PAR_UNKNOWN,empty par_unknown placeholder,4115891498,2015-12-31,wind_total_shares_month_end,,,2016-04-29,csmar_a003101000,par_unknown,2026-07-27 13:56:42.179781+08:00
002027.SZ,2016-04-29,INSERT,no canonical row for this key,4368416750,2016-04-29,wind_total_shares_month_end,,,,,,
002027.SZ,2016-06-30,INSERT,no canonical row for this key,8736833500,2016-06-30,wind_total_shares_month_end,,,,,,
002027.SZ,2017-07-31,INSERT,no canonical row for this key,12231566900,2017-07-31,wind_total_shares_month_end,,,,,,
002027.SZ,2018-06-29,INSERT,no canonical row for this key,14677880280,2018-06-29,wind_total_shares_month_end,,,,,,
002027.SZ,2021-09-30,UPGRADE_PAR_UNKNOWN,empty par_unknown placeholder,14442199726,2021-09-30,wind_total_shares_month_end,,,2021-10-31,csmar_a003101000,par_unknown,2026-07-27 13:56:42.179781+08:00
002127.SZ,2013-05-31,INSERT,no canonical row for this key,446458902,2013-05-31,wind_total_shares_month_end,,,,,,
002127.SZ,2016-01-29,INSERT,no canonical row for this key,769129766,2016-01-29,wind_total_shares_month_end,,,,,,
002127.SZ,2016-05-31,INSERT,no canonical row for this key,1538259532,2016-05-31,wind_total_shares_month_end,,,,,,
002127.SZ,2017-10-31,INSERT,no canonical row for this key,1636580269,2017-10-31,wind_total_shares_month_end,,,,,,
002127.SZ,2018-05-31,INSERT,no canonical row for this key,2454870403,2018-05-31,wind_total_shares_month_end,,,,,,
002270.SZ,2013-05-31,INSERT,no canonical row for this key,189150000,2013-05-31,wind_total_shares_month_end,,,,,,
002270.SZ,2015-12-31,UPGRADE_PAR_UNKNOWN,empty par_unknown placeholder,469927537,2015-12-31,wind_total_shares_month_end,,,2016-04-29,csmar_a003101000,par_unknown,2026-07-27 13:56:42.179781+08:00
002270.SZ,2016-01-29,INSERT,no canonical row for this key,506159420,2016-01-29,wind_total_shares_month_end,,,,,,
002270.SZ,2018-06-29,INSERT,no canonical row for this key,759239130,2018-06-29,wind_total_shares_month_end,,,,,,
002270.SZ,2022-03-31,UPGRADE_PAR_UNKNOWN,empty par_unknown placeholder,896225431,2022-03-31,wind_total_shares_month_end,,,2022-04-30,csmar_a003101000,par_unknown,2026-07-27 13:56:42.179781+08:00
002323.SZ,2013-05-31,INSERT,no canonical row for this key,107588000,2013-05-31,wind_total_shares_month_end,,,,,,
002323.SZ,2015-07-31,INSERT,no canonical row for this key,248576552,2015-07-31,wind_total_shares_month_end,,,,,,
002323.SZ,2016-04-29,INSERT,no canonical row for this key,745729656,2016-04-29,wind_total_shares_month_end,,,,,,
002323.SZ,2022-01-28,INSERT,no canonical row for this key,2120855142,2022-01-28,wind_total_shares_month_end,,,,,,
002343.SZ,2013-05-31,INSERT,no canonical row for this key,198120000,2013-05-31,wind_total_shares_month_end,,,,,,
002343.SZ,2015-08-31,INSERT,no canonical row for this key,314510000,2015-08-31,wind_total_shares_month_end,,,,,,
002343.SZ,2017-12-29,INSERT,no canonical row for this key,339249776,2017-12-29,wind_total_shares_month_end,,,,,,
002343.SZ,2018-06-29,INSERT,no canonical row for this key,474949686,2018-06-29,wind_total_shares_month_end,,,,,,
002366.SZ,2013-05-31,INSERT,no canonical row for this key,133500000,2013-05-31,wind_total_shares_month_end,,,,,,
002366.SZ,2015-07-31,INSERT,no canonical row for this key,404001116,2015-07-31,wind_total_shares_month_end,,,,,,
002366.SZ,2015-08-31,INSERT,no canonical row for this key,433528675,2015-08-31,wind_total_shares_month_end,,,,,,
002366.SZ,2017-07-31,INSERT,no canonical row for this key,867057350,2017-07-31,wind_total_shares_month_end,,,,,,
002366.SZ,2022-12-30,INSERT,no canonical row for this key,2080937640,2022-12-30,wind_total_shares_month_end,,,,,,
002468.SZ,2013-05-31,INSERT,no canonical row for this key,276480000,2013-05-31,wind_total_shares_month_end,,,,,,
002468.SZ,2014-06-30,UPGRADE_PAR_UNKNOWN,empty par_unknown placeholder,331776000,2014-06-30,wind_total_shares_month_end,,,2014-08-31,csmar_a003101000,par_unknown,2026-07-27 13:56:42.179781+08:00
002468.SZ,2016-12-30,INSERT,no canonical row for this key,1530802166,2016-12-30,wind_total_shares_month_end,,,,,,
002517.SZ,2013-05-31,INSERT,no canonical row for this key,176800000,2013-05-31,wind_total_shares_month_end,,,,,,
002517.SZ,2015-12-31,UPGRADE_PAR_UNKNOWN,empty par_unknown placeholder,676799996,2015-12-31,wind_total_shares_month_end,,,2016-04-29,csmar_a003101000,par_unknown,2026-07-27 13:56:42.179781+08:00
002517.SZ,2016-11-30,INSERT,no canonical row for this key,717505878,2016-11-30,wind_total_shares_month_end,,,,,,
002517.SZ,2017-09-29,INSERT,no canonical row for this key,1435011756,2017-09-29,wind_total_shares_month_end,,,,,,
002517.SZ,2018-06-29,INSERT,no canonical row for this key,2152517634,2018-06-29,wind_total_shares_month_end,,,,,,
002558.SZ,2013-05-31,INSERT,no canonical row for this key,59500000,2013-05-31,wind_total_shares_month_end,,,,,,
002558.SZ,2014-07-31,INSERT,no canonical row for this key,65450000,2014-07-31,wind_total_shares_month_end,,,,,,
002558.SZ,2016-04-29,INSERT,no canonical row for this key,509136270,2016-04-29,wind_total_shares_month_end,,,,,,
002558.SZ,2016-05-31,INSERT,no canonical row for this key,562327759,2016-05-31,wind_total_shares_month_end,,,,,,
002558.SZ,2016-09-30,UPGRADE_PAR_UNKNOWN,empty par_unknown placeholder,1686983277,2016-09-30,wind_total_shares_month_end,,,2016-10-31,csmar_a003101000,par_unknown,2026-07-27 13:56:42.179781+08:00
002558.SZ,2017-06-30,UPGRADE_PAR_UNKNOWN,empty par_unknown placeholder,2024379932,2017-06-30,wind_total_shares_month_end,,,2017-08-31,csmar_a003101000,par_unknown,2026-07-27 13:56:42.179781+08:00
002558.SZ,2022-11-30,INSERT,no canonical row for this key,2004937008,2022-11-30,wind_total_shares_month_end,,,,,,
002558.SZ,2023-11-30,INSERT,no canonical row for this key,1973542406,2023-11-30,wind_total_shares_month_end,,,,,,
002581.SZ,2013-05-31,INSERT,no canonical row for this key,140764000,2013-05-31,wind_total_shares_month_end,,,,,,
002581.SZ,2015-07-31,INSERT,no canonical row for this key,281528000,2015-07-31,wind_total_shares_month_end,,,,,,
002581.SZ,2015-09-30,UPGRADE_PAR_UNKNOWN,empty par_unknown placeholder,659735586,2015-09-30,wind_total_shares_month_end,,,2015-10-31,csmar_a003101000,par_unknown,2026-07-27 13:56:42.179781+08:00
002600.SZ,2013-05-31,INSERT,no canonical row for this key,317800000,2013-05-31,wind_total_shares_month_end,,,,,,
002600.SZ,2015-04-30,INSERT,no canonical row for this key,635600000,2015-04-30,wind_total_shares_month_end,,,,,,
002600.SZ,2015-09-30,UPGRADE_PAR_UNKNOWN,empty par_unknown placeholder,879989668,2015-09-30,wind_total_shares_month_end,,,2015-10-31,csmar_a003101000,par_unknown,2026-07-27 13:56:42.179781+08:00
002600.SZ,2016-05-31,INSERT,no canonical row for this key,1046656332,2016-05-31,wind_total_shares_month_end,,,,,,
002600.SZ,2016-06-30,UPGRADE_PAR_UNKNOWN,empty par_unknown placeholder,1177211887,2016-06-30,wind_total_shares_month_end,,,2016-08-31,csmar_a003101000,par_unknown,2026-07-27 13:56:42.179781+08:00
002600.SZ,2017-07-31,INSERT,no canonical row for this key,2354423774,2017-07-31,wind_total_shares_month_end,,,,,,
002600.SZ,2018-01-31,INSERT,no canonical row for this key,6783910951,2018-01-31,wind_total_shares_month_end,,,,,,
002600.SZ,2018-10-31,INSERT,no canonical row for this key,6724976982,2018-10-31,wind_total_shares_month_end,,,,,,
002600.SZ,2018-12-28,INSERT,no canonical row for this key,6825258976,2018-12-28,wind_total_shares_month_end,,,,,,
002600.SZ,2019-07-31,INSERT,no canonical row for this key,6822713040,2019-07-31,wind_total_shares_month_end,,,,,,
002600.SZ,2019-09-30,UPGRADE_PAR_UNKNOWN,empty par_unknown placeholder,6847077440,2019-09-30,wind_total_shares_month_end,,,2019-10-31,csmar_a003101000,par_unknown,2026-07-27 13:56:42.179781+08:00
002600.SZ,2019-12-31,UPGRADE_PAR_UNKNOWN,empty par_unknown placeholder,6827077440,2019-12-31,wind_total_shares_month_end,,,2020-04-29,csmar_a003101000,par_unknown,2026-07-27 13:56:42.179781+08:00
002600.SZ,2020-05-29,INSERT,no canonical row for this key,6820865200,2020-05-29,wind_total_shares_month_end,,,,,,
002600.SZ,2020-06-30,INSERT,no canonical row for this key,7143099356,2020-06-30,wind_total_shares_month_end,,,,,,
002600.SZ,2020-08-31,INSERT,no canonical row for this key,7047872114,2020-08-31,wind_total_shares_month_end,,,,,,
002600.SZ,2020-09-30,UPGRADE_PAR_UNKNOWN,empty par_unknown placeholder,7042004019,2020-09-30,wind_total_shares_month_end,,,2020-10-31,csmar_a003101000,par_unknown,2026-07-27 13:56:42.179781+08:00
002600.SZ,2020-12-31,UPGRADE_PAR_UNKNOWN,empty par_unknown placeholder,7043698769,2020-12-31,wind_total_shares_month_end,,,2021-04-30,csmar_a003101000,par_unknown,2026-07-27 13:56:42.179781+08:00
002600.SZ,2021-02-26,INSERT,no canonical row for this key,7057954108,2021-02-26,wind_total_shares_month_end,,,,,,
002600.SZ,2021-06-30,UPGRADE_PAR_UNKNOWN,empty par_unknown placeholder,7056369258,2021-06-30,wind_total_shares_month_end,,,2021-08-31,csmar_a003101000,par_unknown,2026-07-27 13:56:42.179781+08:00
002600.SZ,2021-08-31,INSERT,no canonical row for this key,7065002243,2021-08-31,wind_total_shares_month_end,,,,,,
002600.SZ,2021-09-30,UPGRADE_PAR_UNKNOWN,empty par_unknown placeholder,7066491403,2021-09-30,wind_total_shares_month_end,,,2021-10-31,csmar_a003101000,par_unknown,2026-07-27 13:56:42.179781+08:00
002600.SZ,2021-12-31,UPGRADE_PAR_UNKNOWN,empty par_unknown placeholder,7071114003,2021-12-31,wind_total_shares_month_end,,,2022-04-30,csmar_a003101000,par_unknown,2026-07-27 13:56:42.179781+08:00
002600.SZ,2022-08-31,INSERT,no canonical row for this key,7038674975,2022-08-31,wind_total_shares_month_end,,,,,,
002600.SZ,2023-06-30,UPGRADE_PAR_UNKNOWN,empty par_unknown placeholder,7008177819,2023-06-30,wind_total_shares_month_end,,,2023-08-31,csmar_a003101000,par_unknown,2026-07-27 13:56:42.179781+08:00
002607.SZ,2013-05-31,INSERT,no canonical row for this key,176000000,2013-05-31,wind_total_shares_month_end,,,,,,
002607.SZ,2013-06-28,INSERT,no canonical row for this key,228800000,2013-06-28,wind_total_shares_month_end,,,,,,
002607.SZ,2014-06-30,UPGRADE_PAR_UNKNOWN,empty par_unknown placeholder,274560000,2014-06-30,wind_total_shares_month_end,,,2014-08-31,csmar_a003101000,par_unknown,2026-07-27 13:56:42.179781+08:00
002607.SZ,2015-05-29,INSERT,no canonical row for this key,356928000,2015-05-29,wind_total_shares_month_end,,,,,,
002607.SZ,2016-04-29,INSERT,no canonical row for this key,455742200,2016-04-29,wind_total_shares_month_end,,,,,,
002607.SZ,2017-06-30,UPGRADE_PAR_UNKNOWN,empty par_unknown placeholder,820335960,2017-06-30,wind_total_shares_month_end,,,2017-08-31,csmar_a003101000,par_unknown,2026-07-27 13:56:42.179781+08:00
002607.SZ,2019-01-31,INSERT,no canonical row for this key,6167399389,2019-01-31,wind_total_shares_month_end,,,,,,
002694.SZ,2013-05-31,INSERT,no canonical row for this key,172800000,2013-05-31,wind_total_shares_month_end,,,,,,
002694.SZ,2014-06-30,UPGRADE_PAR_UNKNOWN,empty par_unknown placeholder,345600000,2014-06-30,wind_total_shares_month_end,,,2014-08-31,csmar_a003101000,par_unknown,2026-07-27 13:56:42.179781+08:00
002694.SZ,2017-02-28,INSERT,no canonical row for this key,373248000,2017-02-28,wind_total_shares_month_end,,,,,,
002694.SZ,2017-05-31,INSERT,no canonical row for this key,597196800,2017-05-31,wind_total_shares_month_end,,,,,,
002694.SZ,2023-10-31,INSERT,no canonical row for this key,763084800,2023-10-31,wind_total_shares_month_end,,,,,,
300442.SZ,2015-10-30,INSERT,no canonical row for this key,100000000,2015-10-30,wind_total_shares_month_end,,,,,,
300442.SZ,2022-07-29,INSERT,no canonical row for this key,820420678,2022-07-29,wind_total_shares_month_end,,,,,,
300442.SZ,2023-02-28,INSERT,no canonical row for this key,953867583,2023-02-28,wind_total_shares_month_end,,,,,,
300442.SZ,2023-05-31,INSERT,no canonical row for this key,1716961649,2023-05-31,wind_total_shares_month_end,,,,,,
300442.SZ,2023-11-30,INSERT,no canonical row for this key,1720577649,2023-11-30,wind_total_shares_month_end,,,,,,
600097.SH,2013-05-31,INSERT,no canonical row for this key,202597901,2013-05-31,wind_total_shares_month_end,,,,,,
600097.SH,2017-12-29,INSERT,no canonical row for this key,240936559,2017-12-29,wind_total_shares_month_end,,,,,,
600179.SH,2013-05-31,INSERT,no canonical row for this key,390000000,2013-05-31,wind_total_shares_month_end,,,,,,
600179.SH,2016-07-29,INSERT,no canonical row for this key,965709779,2016-07-29,wind_total_shares_month_end,,,,,,
600179.SH,2016-09-30,UPGRADE_PAR_UNKNOWN,empty par_unknown placeholder,1062128511,2016-09-30,wind_total_shares_month_end,,,2016-10-31,csmar_a003101000,par_unknown,2026-07-27 13:56:42.179781+08:00
600179.SH,2018-05-31,INSERT,no canonical row for this key,1486979915,2018-05-31,wind_total_shares_month_end,,,,,,
600179.SH,2020-12-31,UPGRADE_PAR_UNKNOWN,empty par_unknown placeholder,4364286051,2020-12-31,wind_total_shares_month_end,,,2021-04-20,csmar_a003101000,par_unknown,2026-07-27 13:56:42.179781+08:00
600179.SH,2022-11-30,INSERT,no canonical row for this key,4231526979,2022-11-30,wind_total_shares_month_end,,,,,,
600217.SH,2013-05-31,INSERT,no canonical row for this key,660800000,2013-05-31,wind_total_shares_month_end,,,,,,
600217.SH,2015-05-29,INSERT,no canonical row for this key,1341587523,2015-05-29,wind_total_shares_month_end,,,,,,
600217.SH,2017-04-28,INSERT,no canonical row for this key,1411336529,2017-04-28,wind_total_shares_month_end,,,,,,
600217.SH,2017-12-29,INSERT,no canonical row for this key,1388659782,2017-12-29,wind_total_shares_month_end,,,,,,
600233.SH,2013-05-31,INSERT,no canonical row for this key,165000000,2013-05-31,wind_total_shares_month_end,,,,,,
600233.SH,2016-04-29,INSERT,no canonical row for this key,330000000,2016-04-29,wind_total_shares_month_end,,,,,,
600233.SH,2016-09-30,UPGRADE_PAR_UNKNOWN,empty par_unknown placeholder,2821229621,2016-09-30,wind_total_shares_month_end,,,2016-10-31,csmar_a003101000,par_unknown,2026-07-27 13:56:42.179781+08:00
600233.SH,2017-11-30,INSERT,no canonical row for this key,2825477587,2017-11-30,wind_total_shares_month_end,,,,,,
600233.SH,2018-05-31,INSERT,no canonical row for this key,2830771222,2018-05-31,wind_total_shares_month_end,,,,,,
600233.SH,2018-12-28,INSERT,no canonical row for this key,2828647251,2018-12-28,wind_total_shares_month_end,,,,,,
600233.SH,2019-01-31,INSERT,no canonical row for this key,2828454385,2019-01-31,wind_total_shares_month_end,,,,,,
600233.SH,2019-05-31,INSERT,no canonical row for this key,2828460341,2019-05-31,wind_total_shares_month_end,,,,,,
600233.SH,2019-07-31,INSERT,no canonical row for this key,2836270281,2019-07-31,wind_total_shares_month_end,,,,,,
600233.SH,2019-09-30,UPGRADE_PAR_UNKNOWN,empty par_unknown placeholder,2843151300,2019-09-30,wind_total_shares_month_end,,,2019-10-31,csmar_a003101000,par_unknown,2026-07-27 13:56:42.179781+08:00
600233.SH,2019-11-29,INSERT,no canonical row for this key,2842647090,2019-11-29,wind_total_shares_month_end,,,,,,
600233.SH,2019-12-31,UPGRADE_PAR_UNKNOWN,empty par_unknown placeholder,2842930394,2019-12-31,wind_total_shares_month_end,,,2020-04-29,csmar_a003101000,par_unknown,2026-07-27 13:56:42.179781+08:00
600233.SH,2020-01-23,INSERT,no canonical row for this key,2842571478,2020-01-23,wind_total_shares_month_end,,,,,,
600233.SH,2020-03-31,UPGRADE_PAR_UNKNOWN,empty par_unknown placeholder,3164456588,2020-03-31,wind_total_shares_month_end,,,2020-04-30,csmar_a003101000,par_unknown,2026-07-27 13:56:42.179781+08:00
600233.SH,2020-07-31,INSERT,no canonical row for this key,3159830675,2020-07-31,wind_total_shares_month_end,,,,,,
600233.SH,2021-09-30,UPGRADE_PAR_UNKNOWN,empty par_unknown placeholder,3159830686,2021-09-30,wind_total_shares_month_end,,,2021-10-31,csmar_a003101000,par_unknown,2026-07-27 13:56:42.179781+08:00
600233.SH,2021-12-31,UPGRADE_PAR_UNKNOWN,empty par_unknown placeholder,3435027509,2021-12-31,wind_total_shares_month_end,,,2022-04-30,csmar_a003101000,par_unknown,2026-07-27 13:56:42.179781+08:00
600233.SH,2022-03-31,UPGRADE_PAR_UNKNOWN,empty par_unknown placeholder,3435617454,2022-03-31,wind_total_shares_month_end,,,2022-04-30,csmar_a003101000,par_unknown,2026-07-27 13:56:42.179781+08:00
600233.SH,2022-05-31,INSERT,no canonical row for this key,3436099454,2022-05-31,wind_total_shares_month_end,,,,,,
600233.SH,2022-06-30,UPGRADE_PAR_UNKNOWN,empty par_unknown placeholder,3436146954,2022-06-30,wind_total_shares_month_end,,,2022-08-31,csmar_a003101000,par_unknown,2026-07-27 13:56:42.179781+08:00
600233.SH,2022-09-30,UPGRADE_PAR_UNKNOWN,empty par_unknown placeholder,3440652173,2022-09-30,wind_total_shares_month_end,,,2022-10-31,csmar_a003101000,par_unknown,2026-07-27 13:56:42.179781+08:00
600233.SH,2023-01-31,INSERT,no canonical row for this key,3441322995,2023-01-31,wind_total_shares_month_end,,,,,,
600233.SH,2023-03-31,UPGRADE_PAR_UNKNOWN,empty par_unknown placeholder,3441710237,2023-03-31,wind_total_shares_month_end,,,2023-04-30,csmar_a003101000,par_unknown,2026-07-27 13:56:42.179781+08:00
600233.SH,2023-05-31,INSERT,no canonical row for this key,3442225454,2023-05-31,wind_total_shares_month_end,,,,,,
600398.SH,2013-05-31,INSERT,no canonical row for this key,646604078,2013-05-31,wind_total_shares_month_end,,,,,,
600398.SH,2014-03-31,UPGRADE_PAR_UNKNOWN,empty par_unknown placeholder,4492757924,2014-03-31,wind_total_shares_month_end,,,2014-04-30,csmar_a003101000,par_unknown,2026-07-27 13:56:42.179781+08:00
600398.SH,2019-04-30,INSERT,no canonical row for this key,4492788868,2019-04-30,wind_total_shares_month_end,,,,,,
600398.SH,2019-05-31,INSERT,no canonical row for this key,4492796121,2019-05-31,wind_total_shares_month_end,,,,,,
600398.SH,2019-06-28,INSERT,no canonical row for this key,4420004914,2019-06-28,wind_total_shares_month_end,,,,,,
600398.SH,2019-07-31,INSERT,no canonical row for this key,4420006660,2019-07-31,wind_total_shares_month_end,,,,,,
600398.SH,2019-09-30,UPGRADE_PAR_UNKNOWN,empty par_unknown placeholder,4420010735,2019-09-30,wind_total_shares_month_end,,,2019-10-31,csmar_a003101000,par_unknown,2026-07-27 13:56:42.179781+08:00
600398.SH,2019-12-31,UPGRADE_PAR_UNKNOWN,empty par_unknown placeholder,4420012481,2019-12-31,wind_total_shares_month_end,,,2020-04-29,csmar_a003101000,par_unknown,2026-07-27 13:56:42.179781+08:00
600398.SH,2020-03-31,UPGRADE_PAR_UNKNOWN,empty par_unknown placeholder,4420015805,2020-03-31,wind_total_shares_month_end,,,2020-04-30,csmar_a003101000,par_unknown,2026-07-27 13:56:42.179781+08:00
600398.SH,2020-06-30,UPGRADE_PAR_UNKNOWN,empty par_unknown placeholder,4420016636,2020-06-30,wind_total_shares_month_end,,,2020-08-31,csmar_a003101000,par_unknown,2026-07-27 13:56:42.179781+08:00
600398.SH,2020-08-31,INSERT,no canonical row for this key,4319588960,2020-08-31,wind_total_shares_month_end,,,,,,
600398.SH,2020-09-30,UPGRADE_PAR_UNKNOWN,empty par_unknown placeholder,4319589640,2020-09-30,wind_total_shares_month_end,,,2020-10-31,csmar_a003101000,par_unknown,2026-07-27 13:56:42.179781+08:00
600398.SH,2020-12-31,UPGRADE_PAR_UNKNOWN,empty par_unknown placeholder,4319592192,2020-12-31,wind_total_shares_month_end,,,2021-04-28,csmar_a003101000,par_unknown,2026-07-27 13:56:42.179781+08:00
600398.SH,2021-03-31,UPGRADE_PAR_UNKNOWN,empty par_unknown placeholder,4319593128,2021-03-31,wind_total_shares_month_end,,,2021-04-30,csmar_a003101000,par_unknown,2026-07-27 13:56:42.179781+08:00
600398.SH,2021-06-30,UPGRADE_PAR_UNKNOWN,empty par_unknown placeholder,4319599916,2021-06-30,wind_total_shares_month_end,,,2021-08-31,csmar_a003101000,par_unknown,2026-07-27 13:56:42.179781+08:00
600398.SH,2021-09-30,UPGRADE_PAR_UNKNOWN,empty par_unknown placeholder,4319602472,2021-09-30,wind_total_shares_month_end,,,2021-10-31,csmar_a003101000,par_unknown,2026-07-27 13:56:42.179781+08:00
600398.SH,2021-12-31,UPGRADE_PAR_UNKNOWN,empty par_unknown placeholder,4319602756,2021-12-31,wind_total_shares_month_end,,,2022-04-30,csmar_a003101000,par_unknown,2026-07-27 13:56:42.179781+08:00
600398.SH,2022-03-31,UPGRADE_PAR_UNKNOWN,empty par_unknown placeholder,4319605170,2022-03-31,wind_total_shares_month_end,,,2022-04-30,csmar_a003101000,par_unknown,2026-07-27 13:56:42.179781+08:00
600398.SH,2022-06-30,UPGRADE_PAR_UNKNOWN,empty par_unknown placeholder,4319605902,2022-06-30,wind_total_shares_month_end,,,2022-08-31,csmar_a003101000,par_unknown,2026-07-27 13:56:42.179781+08:00
600398.SH,2022-09-30,INSERT,no canonical row for this key,4319607279,2022-09-30,wind_total_shares_month_end,,,,,,
600398.SH,2023-03-31,UPGRADE_PAR_UNKNOWN,empty par_unknown placeholder,4319607585,2023-03-31,wind_total_shares_month_end,,,2023-04-30,csmar_a003101000,par_unknown,2026-07-27 13:56:42.179781+08:00
600398.SH,2023-10-31,INSERT,no canonical row for this key,4319772008,2023-10-31,wind_total_shares_month_end,,,,,,
600483.SH,2013-05-31,INSERT,no canonical row for this key,288483712,2013-05-31,wind_total_shares_month_end,,,,,,
600483.SH,2014-07-31,INSERT,no canonical row for this key,1258347323,2014-07-31,wind_total_shares_month_end,,,,,,
600483.SH,2016-01-29,INSERT,no canonical row for this key,1551825574,2016-01-29,wind_total_shares_month_end,,,,,,
600483.SH,2019-07-31,INSERT,no canonical row for this key,1551831096,2019-07-31,wind_total_shares_month_end,,,,,,
600483.SH,2019-09-30,UPGRADE_PAR_UNKNOWN,empty par_unknown placeholder,1551832157,2019-09-30,wind_total_shares_month_end,,,2019-10-31,csmar_a003101000,par_unknown,2026-07-27 13:56:42.179781+08:00
600483.SH,2019-12-31,UPGRADE_PAR_UNKNOWN,empty par_unknown placeholder,1551833806,2019-12-31,wind_total_shares_month_end,,,2020-04-29,csmar_a003101000,par_unknown,2026-07-27 13:56:42.179781+08:00
600483.SH,2020-03-31,UPGRADE_PAR_UNKNOWN,empty par_unknown placeholder,1551834745,2020-03-31,wind_total_shares_month_end,,,2020-04-30,csmar_a003101000,par_unknown,2026-07-27 13:56:42.179781+08:00
600483.SH,2020-06-30,UPGRADE_PAR_UNKNOWN,empty par_unknown placeholder,1760375824,2020-06-30,wind_total_shares_month_end,,,2020-08-31,csmar_a003101000,par_unknown,2026-07-27 13:56:42.179781+08:00
600483.SH,2020-09-30,UPGRADE_PAR_UNKNOWN,empty par_unknown placeholder,1760376808,2020-09-30,wind_total_shares_month_end,,,2020-10-31,csmar_a003101000,par_unknown,2026-07-27 13:56:42.179781+08:00
600483.SH,2021-03-31,UPGRADE_PAR_UNKNOWN,empty par_unknown placeholder,1785226528,2021-03-31,wind_total_shares_month_end,,,2021-04-30,csmar_a003101000,par_unknown,2026-07-27 13:56:42.179781+08:00
600483.SH,2021-06-30,UPGRADE_PAR_UNKNOWN,empty par_unknown placeholder,1868775093,2021-06-30,wind_total_shares_month_end,,,2021-08-31,csmar_a003101000,par_unknown,2026-07-27 13:56:42.179781+08:00
600483.SH,2021-07-30,INSERT,no canonical row for this key,1868904151,2021-07-30,wind_total_shares_month_end,,,,,,
600483.SH,2021-09-30,UPGRADE_PAR_UNKNOWN,empty par_unknown placeholder,1908392357,2021-09-30,wind_total_shares_month_end,,,2021-10-31,csmar_a003101000,par_unknown,2026-07-27 13:56:42.179781+08:00
600483.SH,2021-10-29,INSERT,no canonical row for this key,1917473110,2021-10-29,wind_total_shares_month_end,,,,,,
600483.SH,2021-12-31,UPGRADE_PAR_UNKNOWN,empty par_unknown placeholder,1954540075,2021-12-31,wind_total_shares_month_end,,,2022-04-30,csmar_a003101000,par_unknown,2026-07-27 13:56:42.179781+08:00
600483.SH,2022-03-31,UPGRADE_PAR_UNKNOWN,empty par_unknown placeholder,1954546692,2022-03-31,wind_total_shares_month_end,,,2022-04-30,csmar_a003101000,par_unknown,2026-07-27 13:56:42.179781+08:00
600483.SH,2022-06-30,UPGRADE_PAR_UNKNOWN,empty par_unknown placeholder,1954565789,2022-06-30,wind_total_shares_month_end,,,2022-08-31,csmar_a003101000,par_unknown,2026-07-27 13:56:42.179781+08:00
600483.SH,2022-09-30,UPGRADE_PAR_UNKNOWN,empty par_unknown placeholder,1954566310,2022-09-30,wind_total_shares_month_end,,,2022-10-31,csmar_a003101000,par_unknown,2026-07-27 13:56:42.179781+08:00
600483.SH,2023-01-31,INSERT,no canonical row for this key,1954569056,2023-01-31,wind_total_shares_month_end,,,,,,
600483.SH,2023-03-31,UPGRADE_PAR_UNKNOWN,empty par_unknown placeholder,1954569186,2023-03-31,wind_total_shares_month_end,,,2023-04-30,csmar_a003101000,par_unknown,2026-07-27 13:56:42.179781+08:00
600483.SH,2023-05-31,INSERT,no canonical row for this key,1954571408,2023-05-31,wind_total_shares_month_end,,,,,,
600483.SH,2023-07-31,INSERT,no canonical row for this key,2540942830,2023-07-31,wind_total_shares_month_end,,,,,,
600483.SH,2023-10-31,INSERT,no canonical row for this key,2540943727,2023-10-31,wind_total_shares_month_end,,,,,,
600566.SH,2013-05-31,INSERT,no canonical row for this key,138200400,2013-05-31,wind_total_shares_month_end,,,,,,
600566.SH,2013-12-31,UPGRADE_PAR_UNKNOWN,empty par_unknown placeholder,749024701,2013-12-31,wind_total_shares_month_end,,,2014-04-30,csmar_a003101000,par_unknown,2026-07-27 13:56:42.179781+08:00
600566.SH,2014-02-28,INSERT,no canonical row for this key,781454701,2014-02-28,wind_total_shares_month_end,,,,,,
600566.SH,2016-05-31,INSERT,no canonical row for this key,809623999,2016-05-31,wind_total_shares_month_end,,,,,,
600566.SH,2018-05-31,INSERT,no canonical row for this key,809734489,2018-05-31,wind_total_shares_month_end,,,,,,
600566.SH,2018-07-31,INSERT,no canonical row for this key,814335561,2018-07-31,wind_total_shares_month_end,,,,,,
600566.SH,2018-10-31,INSERT,no canonical row for this key,814817208,2018-10-31,wind_total_shares_month_end,,,,,,
600566.SH,2019-01-31,INSERT,no canonical row for this key,814817354,2019-01-31,wind_total_shares_month_end,,,,,,
600566.SH,2019-04-30,INSERT,no canonical row for this key,814909009,2019-04-30,wind_total_shares_month_end,,,,,,
600566.SH,2019-05-31,INSERT,no canonical row for this key,814921742,2019-05-31,wind_total_shares_month_end,,,,,,
600566.SH,2019-07-31,INSERT,no canonical row for this key,814921767,2019-07-31,wind_total_shares_month_end,,,,,,
600566.SH,2019-09-30,UPGRADE_PAR_UNKNOWN,empty par_unknown placeholder,814922124,2019-09-30,wind_total_shares_month_end,,,2019-10-31,csmar_a003101000,par_unknown,2026-07-27 13:56:42.179781+08:00
600566.SH,2019-12-31,UPGRADE_PAR_UNKNOWN,empty par_unknown placeholder,814922174,2019-12-31,wind_total_shares_month_end,,,2020-04-29,csmar_a003101000,par_unknown,2026-07-27 13:56:42.179781+08:00
600566.SH,2020-03-31,UPGRADE_PAR_UNKNOWN,empty par_unknown placeholder,814925805,2020-03-31,wind_total_shares_month_end,,,2020-04-30,csmar_a003101000,par_unknown,2026-07-27 13:56:42.179781+08:00
600566.SH,2020-04-30,INSERT,no canonical row for this key,814925844,2020-04-30,wind_total_shares_month_end,,,,,,
600566.SH,2020-09-30,UPGRADE_PAR_UNKNOWN,empty par_unknown placeholder,814927365,2020-09-30,wind_total_shares_month_end,,,2020-10-31,csmar_a003101000,par_unknown,2026-07-27 13:56:42.179781+08:00
600566.SH,2020-10-30,INSERT,no canonical row for this key,888257259,2020-10-30,wind_total_shares_month_end,,,,,,
600566.SH,2021-04-30,INSERT,no canonical row for this key,888257887,2021-04-30,wind_total_shares_month_end,,,,,,
600566.SH,2021-05-31,INSERT,no canonical row for this key,888257969,2021-05-31,wind_total_shares_month_end,,,,,,
600566.SH,2021-06-30,UPGRADE_PAR_UNKNOWN,empty par_unknown placeholder,888258011,2021-06-30,wind_total_shares_month_end,,,2021-08-31,csmar_a003101000,par_unknown,2026-07-27 13:56:42.179781+08:00
600566.SH,2021-09-30,UPGRADE_PAR_UNKNOWN,empty par_unknown placeholder,888259075,2021-09-30,wind_total_shares_month_end,,,2021-10-31,csmar_a003101000,par_unknown,2026-07-27 13:56:42.179781+08:00
600566.SH,2021-12-31,UPGRADE_PAR_UNKNOWN,empty par_unknown placeholder,888273021,2021-12-31,wind_total_shares_month_end,,,2022-04-30,csmar_a003101000,par_unknown,2026-07-27 13:56:42.179781+08:00
600566.SH,2022-03-31,UPGRADE_PAR_UNKNOWN,empty par_unknown placeholder,888276131,2022-03-31,wind_total_shares_month_end,,,2022-04-30,csmar_a003101000,par_unknown,2026-07-27 13:56:42.179781+08:00
600566.SH,2022-05-31,INSERT,no canonical row for this key,888279075,2022-05-31,wind_total_shares_month_end,,,,,,
600566.SH,2022-06-30,UPGRADE_PAR_UNKNOWN,empty par_unknown placeholder,888281891,2022-06-30,wind_total_shares_month_end,,,2022-08-31,csmar_a003101000,par_unknown,2026-07-27 13:56:42.179781+08:00
600566.SH,2022-09-30,UPGRADE_PAR_UNKNOWN,empty par_unknown placeholder,894361479,2022-09-30,wind_total_shares_month_end,,,2022-10-31,csmar_a003101000,par_unknown,2026-07-27 13:56:42.179781+08:00
600566.SH,2022-10-31,INSERT,no canonical row for this key,902794486,2022-10-31,wind_total_shares_month_end,,,,,,
600566.SH,2022-11-30,INSERT,no canonical row for this key,921822160,2022-11-30,wind_total_shares_month_end,,,,,,
600566.SH,2023-06-30,UPGRADE_PAR_UNKNOWN,empty par_unknown placeholder,922418160,2023-06-30,wind_total_shares_month_end,,,2023-08-31,csmar_a003101000,par_unknown,2026-07-27 13:56:42.179781+08:00
600566.SH,2023-07-31,INSERT,no canonical row for this key,921716660,2023-07-31,wind_total_shares_month_end,,,,,,
600566.SH,2023-08-31,INSERT,no canonical row for this key,921996660,2023-08-31,wind_total_shares_month_end,,,,,,
600566.SH,2023-11-30,INSERT,no canonical row for this key,921806660,2023-11-30,wind_total_shares_month_end,,,,,,
600567.SH,2013-05-31,INSERT,no canonical row for this key,1586016989,2013-05-31,wind_total_shares_month_end,,,,,,
600567.SH,2013-08-30,INSERT,no canonical row for this key,3176733412,2013-08-30,wind_total_shares_month_end,,,,,,
600567.SH,2013-11-29,INSERT,no canonical row for this key,3766939612,2013-11-29,wind_total_shares_month_end,,,,,,
600567.SH,2016-07-29,INSERT,no canonical row for this key,4551253337,2016-07-29,wind_total_shares_month_end,,,,,,
600567.SH,2018-01-31,INSERT,no canonical row for this key,4570313337,2018-01-31,wind_total_shares_month_end,,,,,,
600567.SH,2018-08-31,INSERT,no canonical row for this key,4570655837,2018-08-31,wind_total_shares_month_end,,,,,,
600567.SH,2019-01-31,INSERT,no canonical row for this key,4584584837,2019-01-31,wind_total_shares_month_end,,,,,,
600567.SH,2019-07-31,INSERT,no canonical row for this key,4584706679,2019-07-31,wind_total_shares_month_end,,,,,,
600567.SH,2019-09-30,UPGRADE_PAR_UNKNOWN,empty par_unknown placeholder,4584711167,2019-09-30,wind_total_shares_month_end,,,2019-10-31,csmar_a003101000,par_unknown,2026-07-27 13:56:42.179781+08:00
600567.SH,2019-12-31,UPGRADE_PAR_UNKNOWN,empty par_unknown placeholder,4584723439,2019-12-31,wind_total_shares_month_end,,,2020-04-29,csmar_a003101000,par_unknown,2026-07-27 13:56:42.179781+08:00
600567.SH,2020-03-31,UPGRADE_PAR_UNKNOWN,empty par_unknown placeholder,4595524644,2020-03-31,wind_total_shares_month_end,,,2020-04-30,csmar_a003101000,par_unknown,2026-07-27 13:56:42.179781+08:00
600567.SH,2020-06-30,UPGRADE_PAR_UNKNOWN,empty par_unknown placeholder,4595545854,2020-06-30,wind_total_shares_month_end,,,2020-08-31,csmar_a003101000,par_unknown,2026-07-27 13:56:42.179781+08:00
600567.SH,2020-09-30,UPGRADE_PAR_UNKNOWN,empty par_unknown placeholder,4595590029,2020-09-30,wind_total_shares_month_end,,,2020-10-31,csmar_a003101000,par_unknown,2026-07-27 13:56:42.179781+08:00
600567.SH,2020-12-31,UPGRADE_PAR_UNKNOWN,empty par_unknown placeholder,4595602408,2020-12-31,wind_total_shares_month_end,,,2021-04-30,csmar_a003101000,par_unknown,2026-07-27 13:56:42.179781+08:00
600567.SH,2021-03-31,UPGRADE_PAR_UNKNOWN,empty par_unknown placeholder,4615900635,2021-03-31,wind_total_shares_month_end,,,2021-04-30,csmar_a003101000,par_unknown,2026-07-27 13:56:42.179781+08:00
600567.SH,2021-06-30,UPGRADE_PAR_UNKNOWN,empty par_unknown placeholder,4615929240,2021-06-30,wind_total_shares_month_end,,,2021-08-31,csmar_a003101000,par_unknown,2026-07-27 13:56:42.179781+08:00
600567.SH,2021-09-30,UPGRADE_PAR_UNKNOWN,empty par_unknown placeholder,4616156375,2021-09-30,wind_total_shares_month_end,,,2021-10-31,csmar_a003101000,par_unknown,2026-07-27 13:56:42.179781+08:00
600567.SH,2021-11-30,INSERT,no canonical row for this key,4616164274,2021-11-30,wind_total_shares_month_end,,,,,,
600567.SH,2021-12-31,UPGRADE_PAR_UNKNOWN,empty par_unknown placeholder,4616166707,2021-12-31,wind_total_shares_month_end,,,2022-04-30,csmar_a003101000,par_unknown,2026-07-27 13:56:42.179781+08:00
600567.SH,2022-03-31,UPGRADE_PAR_UNKNOWN,empty par_unknown placeholder,4616175806,2022-03-31,wind_total_shares_month_end,,,2022-04-30,csmar_a003101000,par_unknown,2026-07-27 13:56:42.179781+08:00
600567.SH,2022-05-31,INSERT,no canonical row for this key,4616176112,2022-05-31,wind_total_shares_month_end,,,,,,
600567.SH,2022-06-30,UPGRADE_PAR_UNKNOWN,empty par_unknown placeholder,4616177365,2022-06-30,wind_total_shares_month_end,,,2022-08-31,csmar_a003101000,par_unknown,2026-07-27 13:56:42.179781+08:00
600567.SH,2022-07-29,INSERT,no canonical row for this key,4616178633,2022-07-29,wind_total_shares_month_end,,,,,,
600567.SH,2022-09-30,UPGRADE_PAR_UNKNOWN,empty par_unknown placeholder,4616178950,2022-09-30,wind_total_shares_month_end,,,2022-10-31,csmar_a003101000,par_unknown,2026-07-27 13:56:42.179781+08:00
600567.SH,2023-03-31,UPGRADE_PAR_UNKNOWN,empty par_unknown placeholder,4616194779,2023-03-31,wind_total_shares_month_end,,,2023-04-30,csmar_a003101000,par_unknown,2026-07-27 13:56:42.179781+08:00
600567.SH,2023-05-31,INSERT,no canonical row for this key,4470565176,2023-05-31,wind_total_shares_month_end,,,,,,
600567.SH,2023-06-30,UPGRADE_PAR_UNKNOWN,empty par_unknown placeholder,4470566008,2023-06-30,wind_total_shares_month_end,,,2023-08-31,csmar_a003101000,par_unknown,2026-07-27 13:56:42.179781+08:00
600567.SH,2023-10-31,INSERT,no canonical row for this key,4470566851,2023-10-31,wind_total_shares_month_end,,,,,,
600603.SH,2013-05-31,INSERT,no canonical row for this key,194641920,2013-05-31,wind_total_shares_month_end,,,,,,
600603.SH,2016-12-30,INSERT,no canonical row for this key,523755844,2016-12-30,wind_total_shares_month_end,,,,,,
600603.SH,2017-04-28,INSERT,no canonical row for this key,627767731,2017-04-28,wind_total_shares_month_end,,,,,,
600603.SH,2017-09-29,INSERT,no canonical row for this key,878874823,2017-09-29,wind_total_shares_month_end,,,,,,
600603.SH,2018-05-31,INSERT,no canonical row for this key,1230424752,2018-05-31,wind_total_shares_month_end,,,,,,
600603.SH,2018-07-31,INSERT,no canonical row for this key,1253524752,2018-07-31,wind_total_shares_month_end,,,,,,
600603.SH,2018-12-28,INSERT,no canonical row for this key,1252704752,2018-12-28,wind_total_shares_month_end,,,,,,
600603.SH,2019-05-31,INSERT,no canonical row for this key,1255826752,2019-05-31,wind_total_shares_month_end,,,,,,
600603.SH,2019-07-31,INSERT,no canonical row for this key,1254766752,2019-07-31,wind_total_shares_month_end,,,,,,
600603.SH,2020-03-31,UPGRADE_PAR_UNKNOWN,empty par_unknown placeholder,1259896247,2020-03-31,wind_total_shares_month_end,,,2020-04-30,csmar_a003101000,par_unknown,2026-07-27 13:56:42.179781+08:00
600603.SH,2020-09-30,UPGRADE_PAR_UNKNOWN,empty par_unknown placeholder,1257026847,2020-09-30,wind_total_shares_month_end,,,2020-10-31,csmar_a003101000,par_unknown,2026-07-27 13:56:42.179781+08:00
600603.SH,2021-12-31,UPGRADE_PAR_UNKNOWN,empty par_unknown placeholder,1256952847,2021-12-31,wind_total_shares_month_end,,,2022-04-30,csmar_a003101000,par_unknown,2026-07-27 13:56:42.179781+08:00
600603.SH,2022-04-29,INSERT,no canonical row for this key,1253034847,2022-04-29,wind_total_shares_month_end,,,,,,
600603.SH,2022-06-30,UPGRADE_PAR_UNKNOWN,empty par_unknown placeholder,1254820847,2022-06-30,wind_total_shares_month_end,,,2022-08-31,csmar_a003101000,par_unknown,2026-07-27 13:56:42.179781+08:00
600603.SH,2023-05-31,INSERT,no canonical row for this key,1230550151,2023-05-31,wind_total_shares_month_end,,,,,,
600629.SH,2013-05-31,INSERT,no canonical row for this key,347999813,2013-05-31,wind_total_shares_month_end,,,,,,
600629.SH,2015-09-30,UPGRADE_PAR_UNKNOWN,empty par_unknown placeholder,359060190,2015-09-30,wind_total_shares_month_end,,,2015-10-31,csmar_a003101000,par_unknown,2026-07-27 13:56:42.179781+08:00
600629.SH,2017-03-31,UPGRADE_PAR_UNKNOWN,empty par_unknown placeholder,432208132,2017-03-31,wind_total_shares_month_end,,,2017-04-30,csmar_a003101000,par_unknown,2026-07-27 13:56:42.179781+08:00
600629.SH,2019-03-29,INSERT,no canonical row for this key,445127532,2019-03-29,wind_total_shares_month_end,,,,,,
600629.SH,2019-06-28,INSERT,no canonical row for this key,534153038,2019-06-28,wind_total_shares_month_end,,,,,,
600629.SH,2020-10-30,INSERT,no canonical row for this key,533901758,2020-10-30,wind_total_shares_month_end,,,,,,
600629.SH,2021-03-31,INSERT,no canonical row for this key,533834556,2021-03-31,wind_total_shares_month_end,,,,,,
600629.SH,2021-06-30,INSERT,no canonical row for this key,528523891,2021-06-30,wind_total_shares_month_end,,,,,,
600629.SH,2021-07-30,INSERT,no canonical row for this key,634228669,2021-07-30,wind_total_shares_month_end,,,,,,
600629.SH,2021-11-30,INSERT,no canonical row for this key,634209612,2021-11-30,wind_total_shares_month_end,,,,,,
600629.SH,2022-03-31,INSERT,no canonical row for this key,655941412,2022-03-31,wind_total_shares_month_end,,,,,,
600629.SH,2022-04-29,INSERT,no canonical row for this key,809179745,2022-04-29,wind_total_shares_month_end,,,,,,
600629.SH,2022-06-30,INSERT,no canonical row for this key,809149263,2022-06-30,wind_total_shares_month_end,,,,,,
600629.SH,2022-07-29,INSERT,no canonical row for this key,970979116,2022-07-29,wind_total_shares_month_end,,,,,,
600629.SH,2022-12-30,INSERT,no canonical row for this key,970942828,2022-12-30,wind_total_shares_month_end,,,,,,
600629.SH,2023-06-30,INSERT,no canonical row for this key,970737119,2023-06-30,wind_total_shares_month_end,,,,,,
600629.SH,2023-07-31,INSERT,no canonical row for this key,970556038,2023-07-31,wind_total_shares_month_end,,,,,,
600666.SH,2013-05-31,INSERT,no canonical row for this key,290146298,2013-05-31,wind_total_shares_month_end,,,,,,
600666.SH,2015-05-29,INSERT,no canonical row for this key,740668644,2015-05-29,wind_total_shares_month_end,,,,,,
600666.SH,2015-06-30,UPGRADE_PAR_UNKNOWN,empty par_unknown placeholder,767078900,2015-06-30,wind_total_shares_month_end,,,2015-08-31,csmar_a003101000,par_unknown,2026-07-27 13:56:42.179781+08:00
600666.SH,2017-05-31,INSERT,no canonical row for this key,1227326240,2017-05-31,wind_total_shares_month_end,,,,,,
600666.SH,2023-02-28,INSERT,no canonical row for this key,2763512843,2023-02-28,wind_total_shares_month_end,,,,,,
600681.SH,2013-05-31,INSERT,no canonical row for this key,251477550,2013-05-31,wind_total_shares_month_end,,,,,,
600681.SH,2016-03-31,UPGRADE_PAR_UNKNOWN,empty par_unknown placeholder,964157472,2016-03-31,wind_total_shares_month_end,,,2016-04-30,csmar_a003101000,par_unknown,2026-07-27 13:56:42.179781+08:00
600681.SH,2017-11-30,INSERT,no canonical row for this key,1031513793,2017-11-30,wind_total_shares_month_end,,,,,,
600681.SH,2019-04-30,INSERT,no canonical row for this key,1442740310,2019-04-30,wind_total_shares_month_end,,,,,,
600681.SH,2021-05-31,INSERT,no canonical row for this key,1363010801,2021-05-31,wind_total_shares_month_end,,,,,,
600681.SH,2023-05-31,INSERT,no canonical row for this key,1340854810,2023-05-31,wind_total_shares_month_end,,,,,,
600862.SH,2013-05-31,INSERT,no canonical row for this key,637928488,2013-05-31,wind_total_shares_month_end,,,,,,
600862.SH,2015-12-31,UPGRADE_PAR_UNKNOWN,empty par_unknown placeholder,1393049107,2015-12-31,wind_total_shares_month_end,,,2016-04-29,csmar_a003101000,par_unknown,2026-07-27 13:56:42.179781+08:00
600938.SH,2022-10-31,INSERT,no canonical row for this key,47592626984,2022-10-31,wind_total_shares_month_end,,,,,,
600938.SH,2022-11-30,INSERT,no canonical row for this key,47566763984,2022-11-30,wind_total_shares_month_end,,,,,,
600941.SH,2022-07-29,INSERT,no canonical row for this key,21362826764,2022-07-29,wind_total_shares_month_end,,,,,,
600941.SH,2023-01-31,INSERT,no canonical row for this key,21363162764,2023-01-31,wind_total_shares_month_end,,,,,,
600941.SH,2023-02-28,INSERT,no canonical row for this key,21363899424,2023-02-28,wind_total_shares_month_end,,,,,,
600941.SH,2023-03-31,UPGRADE_PAR_UNKNOWN,empty par_unknown placeholder,21367767064,2023-03-31,wind_total_shares_month_end,,,2023-04-30,csmar_a003101000,par_unknown,2026-07-27 13:56:42.179781+08:00
600941.SH,2023-05-31,INSERT,no canonical row for this key,21372891480,2023-05-31,wind_total_shares_month_end,,,,,,
600941.SH,2023-06-30,UPGRADE_PAR_UNKNOWN,empty par_unknown placeholder,21374420790,2023-06-30,wind_total_shares_month_end,,,2023-08-31,csmar_a003101000,par_unknown,2026-07-27 13:56:42.179781+08:00
600941.SH,2023-07-31,INSERT,no canonical row for this key,21376885911,2023-07-31,wind_total_shares_month_end,,,,,,
600941.SH,2023-08-31,INSERT,no canonical row for this key,21383633148,2023-08-31,wind_total_shares_month_end,,,,,,
600941.SH,2023-10-31,INSERT,no canonical row for this key,21388552312,2023-10-31,wind_total_shares_month_end,,,,,,
600941.SH,2023-11-30,INSERT,no canonical row for this key,21389195242,2023-11-30,wind_total_shares_month_end,,,,,,
601360.SH,2013-05-31,INSERT,no canonical row for this key,416340000,2013-05-31,wind_total_shares_month_end,,,,,,
601360.SH,2014-02-28,INSERT,no canonical row for this key,400456571,2014-02-28,wind_total_shares_month_end,,,,,,
601360.SH,2015-07-31,INSERT,no canonical row for this key,400406571,2015-07-31,wind_total_shares_month_end,,,,,,
601360.SH,2016-01-29,INSERT,no canonical row for this key,397187443,2016-01-29,wind_total_shares_month_end,,,,,,
601360.SH,2016-04-29,INSERT,no canonical row for this key,397182443,2016-04-29,wind_total_shares_month_end,,,,,,
601865.SH,2019-08-30,INSERT,no canonical row for this key,1950000000,2019-08-30,wind_total_shares_month_end,,,,,,
601865.SH,2020-08-31,INSERT,no canonical row for this key,1954600000,2020-08-31,wind_total_shares_month_end,,,,,,
601865.SH,2020-12-31,UPGRADE_PAR_UNKNOWN,empty par_unknown placeholder,2041248788,2020-12-31,wind_total_shares_month_end,,,2021-04-30,csmar_a003101000,par_unknown,2026-07-27 13:56:42.179781+08:00
601865.SH,2021-01-29,INSERT,no canonical row for this key,2146193254,2021-01-29,wind_total_shares_month_end,,,,,,
601865.SH,2021-07-30,INSERT,no canonical row for this key,2146893254,2021-07-30,wind_total_shares_month_end,,,,,,
601865.SH,2022-11-30,INSERT,no canonical row for this key,2146893587,2022-11-30,wind_total_shares_month_end,,,,,,
601865.SH,2023-01-31,INSERT,no canonical row for this key,2146894078,2023-01-31,wind_total_shares_month_end,,,,,,
601865.SH,2023-02-28,INSERT,no canonical row for this key,2146894145,2023-02-28,wind_total_shares_month_end,,,,,,
601865.SH,2023-03-31,UPGRADE_PAR_UNKNOWN,empty par_unknown placeholder,2146894167,2023-03-31,wind_total_shares_month_end,,,2023-04-30,csmar_a003101000,par_unknown,2026-07-27 13:56:42.179781+08:00
601865.SH,2023-04-28,INSERT,no canonical row for this key,2146894189,2023-04-28,wind_total_shares_month_end,,,,,,
601865.SH,2023-05-31,INSERT,no canonical row for this key,2146894439,2023-05-31,wind_total_shares_month_end,,,,,,
601865.SH,2023-06-30,UPGRADE_PAR_UNKNOWN,empty par_unknown placeholder,2146894461,2023-06-30,wind_total_shares_month_end,,,2023-08-31,csmar_a003101000,par_unknown,2026-07-27 13:56:42.179781+08:00
601865.SH,2023-08-31,INSERT,no canonical row for this key,2351323762,2023-08-31,wind_total_shares_month_end,,,,,,
603507.SH,2018-05-31,INSERT,no canonical row for this key,125631400,2018-05-31,wind_total_shares_month_end,,,,,,
603507.SH,2018-07-31,INSERT,no canonical row for this key,128081400,2018-07-31,wind_total_shares_month_end,,,,,,
603507.SH,2019-11-29,INSERT,no canonical row for this key,128071400,2019-11-29,wind_total_shares_month_end,,,,,,
603507.SH,2020-11-30,INSERT,no canonical row for this key,126836400,2020-11-30,wind_total_shares_month_end,,,,,,
603507.SH,2021-08-31,INSERT,no canonical row for this key,125631400,2021-08-31,wind_total_shares_month_end,,,,,,
603507.SH,2022-08-31,INSERT,no canonical row for this key,125581400,2022-08-31,wind_total_shares_month_end,,,,,,
603507.SH,2022-09-30,UPGRADE_PAR_UNKNOWN,empty par_unknown placeholder,142625500,2022-09-30,wind_total_shares_month_end,,,2022-10-31,csmar_a003101000,par_unknown,2026-07-27 13:56:42.179781+08:00
603507.SH,2023-07-31,INSERT,no canonical row for this key,142030934,2023-07-31,wind_total_shares_month_end,,,,,,
603535.SH,2018-02-28,INSERT,no canonical row for this key,150400000,2018-02-28,wind_total_shares_month_end,,,,,,
603535.SH,2021-09-30,UPGRADE_PAR_UNKNOWN,empty par_unknown placeholder,160860576,2021-09-30,wind_total_shares_month_end,,,2021-10-31,csmar_a003101000,par_unknown,2026-07-27 13:56:42.179781+08:00
603535.SH,2022-07-29,INSERT,no canonical row for this key,233247835,2022-07-29,wind_total_shares_month_end,,,,,,
603535.SH,2023-03-31,UPGRADE_PAR_UNKNOWN,empty par_unknown placeholder,233248267,2023-03-31,wind_total_shares_month_end,,,2023-04-30,csmar_a003101000,par_unknown,2026-07-27 13:56:42.179781+08:00
603535.SH,2023-06-30,UPGRADE_PAR_UNKNOWN,empty par_unknown placeholder,233248396,2023-06-30,wind_total_shares_month_end,,,2023-08-31,csmar_a003101000,par_unknown,2026-07-27 13:56:42.179781+08:00
603993.SH,2013-05-31,INSERT,no canonical row for this key,5076170525,2013-05-31,wind_total_shares_month_end,,,,,,
603993.SH,2015-06-30,UPGRADE_PAR_UNKNOWN,empty par_unknown placeholder,5144727717,2015-06-30,wind_total_shares_month_end,,,2015-08-31,csmar_a003101000,par_unknown,2026-07-27 13:56:42.179781+08:00
603993.SH,2015-07-31,INSERT,no canonical row for this key,5629066233,2015-07-31,wind_total_shares_month_end,,,,,,
603993.SH,2015-11-30,INSERT,no canonical row for this key,16887198699,2015-11-30,wind_total_shares_month_end,,,,,,
603993.SH,2017-07-31,INSERT,no canonical row for this key,21599240583,2017-07-31,wind_total_shares_month_end,,,,,,
688235.SH,2022-06-30,UPGRADE_PAR_UNKNOWN,empty par_unknown placeholder,1350248086,2022-06-30,wind_total_shares_month_end,,,2022-08-31,csmar_a003101000,par_unknown,2026-07-27 13:56:42.179781+08:00
688235.SH,2022-07-29,INSERT,no canonical row for this key,1350260839,2022-07-29,wind_total_shares_month_end,,,,,,
688235.SH,2022-08-31,INSERT,no canonical row for this key,1350903442,2022-08-31,wind_total_shares_month_end,,,,,,
688235.SH,2022-09-30,UPGRADE_PAR_UNKNOWN,empty par_unknown placeholder,1352641646,2022-09-30,wind_total_shares_month_end,,,2022-10-31,csmar_a003101000,par_unknown,2026-07-27 13:56:42.179781+08:00
688235.SH,2022-10-31,INSERT,no canonical row for this key,1349640180,2022-10-31,wind_total_shares_month_end,,,,,,
688235.SH,2022-11-30,INSERT,no canonical row for this key,1350993623,2022-11-30,wind_total_shares_month_end,,,,,,
688235.SH,2023-01-31,INSERT,no canonical row for this key,1354551710,2023-01-31,wind_total_shares_month_end,,,,,,
688235.SH,2023-02-28,INSERT,no canonical row for this key,1357628329,2023-02-28,wind_total_shares_month_end,,,,,,
688235.SH,2023-03-31,UPGRADE_PAR_UNKNOWN,empty par_unknown placeholder,1360450421,2023-03-31,wind_total_shares_month_end,,,2023-04-30,csmar_a003101000,par_unknown,2026-07-27 13:56:42.179781+08:00
688235.SH,2023-04-28,INSERT,no canonical row for this key,1362652101,2023-04-28,wind_total_shares_month_end,,,,,,
688235.SH,2023-05-31,INSERT,no canonical row for this key,1364717749,2023-05-31,wind_total_shares_month_end,,,,,,
688235.SH,2023-06-30,UPGRADE_PAR_UNKNOWN,empty par_unknown placeholder,1376031220,2023-06-30,wind_total_shares_month_end,,,2023-08-31,csmar_a003101000,par_unknown,2026-07-27 13:56:42.179781+08:00
688235.SH,2023-07-31,INSERT,no canonical row for this key,1376270056,2023-07-31,wind_total_shares_month_end,,,,,,
688235.SH,2023-09-28,INSERT,no canonical row for this key,1377064200,2023-09-28,wind_total_shares_month_end,,,,,,
688235.SH,2023-10-31,INSERT,no canonical row for this key,1382770732,2023-10-31,wind_total_shares_month_end,,,,,,
688235.SH,2023-11-30,INSERT,no canonical row for this key,1359497624,2023-11-30,wind_total_shares_month_end,,,,,,
688396.SH,2020-08-31,INSERT,no canonical row for this key,1215925195,2020-08-31,wind_total_shares_month_end,,,,,,
688396.SH,2021-04-30,INSERT,no canonical row for this key,1320091861,2021-04-30,wind_total_shares_month_end,,,,,,
688428.SH,2023-03-31,INSERT,no canonical row for this key,1764321452,2023-03-31,wind_total_shares_month_end,,,,,,
688428.SH,2023-11-30,INSERT,no canonical row for this key,1763310452,2023-11-30,wind_total_shares_month_end,,,,,,
688428.SH,2023-12-29,INSERT,no canonical row for this key,1763130452,2023-12-29,wind_total_shares_month_end,,,,,,
688525.SH,2023-06-30,INSERT,no canonical row for this key,430329136,2023-06-30,wind_total_shares_month_end,,,,,,
688728.SH,2022-02-28,INSERT,no canonical row for this key,2498887173,2022-02-28,wind_total_shares_month_end,,,,,,
688728.SH,2023-07-31,INSERT,no canonical row for this key,2598791667,2023-07-31,wind_total_shares_month_end,,,,,,
688728.SH,2023-11-30,INSERT,no canonical row for this key,2600586667,2023-11-30,wind_total_shares_month_end,,,,,,
688981.SH,2021-01-29,INSERT,no canonical row for this key,7895190473,2021-01-29,wind_total_shares_month_end,,,,,,
688981.SH,2021-02-26,INSERT,no canonical row for this key,7896350532,2021-02-26,wind_total_shares_month_end,,,,,,
688981.SH,2021-03-31,UPGRADE_PAR_UNKNOWN,empty par_unknown placeholder,7899199076,2021-03-31,wind_total_shares_month_end,,,2021-04-30,csmar_a003101000,par_unknown,2026-07-27 13:56:42.179781+08:00
688981.SH,2021-04-30,INSERT,no canonical row for this key,7900011638,2021-04-30,wind_total_shares_month_end,,,,,,
688981.SH,2021-05-31,INSERT,no canonical row for this key,7900578250,2021-05-31,wind_total_shares_month_end,,,,,,
688981.SH,2021-06-30,UPGRADE_PAR_UNKNOWN,empty par_unknown placeholder,7901110626,2021-06-30,wind_total_shares_month_end,,,2021-08-31,csmar_a003101000,par_unknown,2026-07-27 13:56:42.179781+08:00
688981.SH,2021-07-30,INSERT,no canonical row for this key,7901707937,2021-07-30,wind_total_shares_month_end,,,,,,
688981.SH,2021-08-31,INSERT,no canonical row for this key,7902869220,2021-08-31,wind_total_shares_month_end,,,,,,
688981.SH,2021-09-30,UPGRADE_PAR_UNKNOWN,empty par_unknown placeholder,7903435792,2021-09-30,wind_total_shares_month_end,,,2021-10-31,csmar_a003101000,par_unknown,2026-07-27 13:56:42.179781+08:00
688981.SH,2021-10-29,INSERT,no canonical row for this key,7903528104,2021-10-29,wind_total_shares_month_end,,,,,,
688981.SH,2021-11-30,INSERT,no canonical row for this key,7903730355,2021-11-30,wind_total_shares_month_end,,,,,,
688981.SH,2021-12-31,UPGRADE_PAR_UNKNOWN,empty par_unknown placeholder,7903856555,2021-12-31,wind_total_shares_month_end,,,2022-04-30,csmar_a003101000,par_unknown,2026-07-27 13:56:42.179781+08:00
688981.SH,2022-01-28,INSERT,no canonical row for this key,7903927811,2022-01-28,wind_total_shares_month_end,,,,,,
688981.SH,2022-02-28,INSERT,no canonical row for this key,7904051314,2022-02-28,wind_total_shares_month_end,,,,,,
688981.SH,2022-03-31,UPGRADE_PAR_UNKNOWN,empty par_unknown placeholder,7906564118,2022-03-31,wind_total_shares_month_end,,,2022-04-30,csmar_a003101000,par_unknown,2026-07-27 13:56:42.179781+08:00
688981.SH,2022-04-29,INSERT,no canonical row for this key,7908404286,2022-04-29,wind_total_shares_month_end,,,,,,
688981.SH,2022-05-31,INSERT,no canonical row for this key,7910002828,2022-05-31,wind_total_shares_month_end,,,,,,
688981.SH,2022-06-30,UPGRADE_PAR_UNKNOWN,empty par_unknown placeholder,7901936207,2022-06-30,wind_total_shares_month_end,,,2022-08-31,csmar_a003101000,par_unknown,2026-07-27 13:56:42.179781+08:00
688981.SH,2022-07-29,INSERT,no canonical row for this key,7901999727,2022-07-29,wind_total_shares_month_end,,,,,,
688981.SH,2022-08-31,INSERT,no canonical row for this key,7902058677,2022-08-31,wind_total_shares_month_end,,,,,,
688981.SH,2022-09-30,UPGRADE_PAR_UNKNOWN,empty par_unknown placeholder,7921398667,2022-09-30,wind_total_shares_month_end,,,2022-10-31,csmar_a003101000,par_unknown,2026-07-27 13:56:42.179781+08:00
688981.SH,2022-10-31,INSERT,no canonical row for this key,7911130327,2022-10-31,wind_total_shares_month_end,,,,,,
688981.SH,2022-11-30,INSERT,no canonical row for this key,7912544864,2022-11-30,wind_total_shares_month_end,,,,,,
688981.SH,2022-12-30,INSERT,no canonical row for this key,7912664696,2022-12-30,wind_total_shares_month_end,,,,,,
688981.SH,2023-01-31,INSERT,no canonical row for this key,7912874006,2023-01-31,wind_total_shares_month_end,,,,,,
688981.SH,2023-02-28,INSERT,no canonical row for this key,7913210823,2023-02-28,wind_total_shares_month_end,,,,,,
688981.SH,2023-03-31,UPGRADE_PAR_UNKNOWN,empty par_unknown placeholder,7918297542,2023-03-31,wind_total_shares_month_end,,,2023-04-30,csmar_a003101000,par_unknown,2026-07-27 13:56:42.179781+08:00
688981.SH,2023-04-28,INSERT,no canonical row for this key,7923861324,2023-04-28,wind_total_shares_month_end,,,,,,
688981.SH,2023-05-31,INSERT,no canonical row for this key,7925101274,2023-05-31,wind_total_shares_month_end,,,,,,
688981.SH,2023-06-30,UPGRADE_PAR_UNKNOWN,empty par_unknown placeholder,7925936550,2023-06-30,wind_total_shares_month_end,,,2023-08-31,csmar_a003101000,par_unknown,2026-07-27 13:56:42.179781+08:00
688981.SH,2023-07-31,INSERT,no canonical row for this key,7926079000,2023-07-31,wind_total_shares_month_end,,,,,,
688981.SH,2023-08-31,INSERT,no canonical row for this key,7943157943,2023-08-31,wind_total_shares_month_end,,,,,,
688981.SH,2023-09-28,INSERT,no canonical row for this key,7945498567,2023-09-28,wind_total_shares_month_end,,,,,,
688981.SH,2023-10-31,INSERT,no canonical row for this key,7945885729,2023-10-31,wind_total_shares_month_end,,,,,,
688981.SH,2023-11-30,INSERT,no canonical row for this key,7946542350,2023-11-30,wind_total_shares_month_end,,,,,,
688981.SH,2023-12-29,INSERT,no canonical row for this key,7946555760,2023-12-29,wind_total_shares_month_end,,,,,,
689009.SH,2021-04-30,INSERT,no canonical row for this key,704091670,2021-04-30,wind_total_shares_month_end,,,,,,
689009.SH,2021-07-30,INSERT,no canonical row for this key,704688420,2021-07-30,wind_total_shares_month_end,,,,,,
689009.SH,2021-12-31,UPGRADE_PAR_UNKNOWN,empty par_unknown placeholder,707887210,2021-12-31,wind_total_shares_month_end,,,2022-04-30,csmar_a003101000,par_unknown,2026-07-27 13:56:42.179781+08:00
689009.SH,2022-05-31,INSERT,no canonical row for this key,711504310,2022-05-31,wind_total_shares_month_end,,,,,,
689009.SH,2022-09-30,UPGRADE_PAR_UNKNOWN,empty par_unknown placeholder,712983140,2022-09-30,wind_total_shares_month_end,,,2022-10-31,csmar_a003101000,par_unknown,2026-07-27 13:56:42.179781+08:00
689009.SH,2023-01-31,INSERT,no canonical row for this key,714443650,2023-01-31,wind_total_shares_month_end,,,,,,
689009.SH,2023-05-31,INSERT,no canonical row for this key,716448580,2023-05-31,wind_total_shares_month_end,,,,,,
689009.SH,2023-09-28,INSERT,no canonical row for this key,717379043,2023-09-28,wind_total_shares_month_end,,,,,,
689009.SH,2023-10-31,INSERT,no canonical row for this key,720704881,2023-10-31,wind_total_shares_month_end,,,,,,
689009.SH,2023-12-29,INSERT,no canonical row for this key,720985381,2023-12-29,wind_total_shares_month_end,,,,,,
