ts_code,effective_date,total_shares,par_value,available_date,source,quality_flag
000035.SZ,2013-05-31,188953707,,2013-05-31,wind_total_shares_month_end,
000035.SZ,2014-05-30,567104959,,2014-05-30,wind_total_shares_month_end,
000035.SZ,2014-09-30,619278871,,2014-09-30,wind_total_shares_month_end,
000035.SZ,2016-05-31,1238557742,,2016-05-31,wind_total_shares_month_end,
000035.SZ,2017-07-31,1351521423,,2017-07-31,wind_total_shares_month_end,
000035.SZ,2019-01-31,2438736365,,2019-01-31,wind_total_shares_month_end,
000035.SZ,2019-10-31,2523777297,,2019-10-31,wind_total_shares_month_end,
000156.SZ,2013-05-31,1097025730,,2013-05-31,wind_total_shares_month_end,
000156.SZ,2013-12-31,1146680902,,2013-12-31,wind_total_shares_month_end,
000156.SZ,2015-05-29,1433351902,,2015-05-29,wind_total_shares_month_end,
000156.SZ,2020-12-31,1852932442,,2020-12-31,wind_total_shares_month_end,
000301.SZ,2013-05-31,1218236445,,2013-05-31,wind_total_shares_month_end,
000301.SZ,2018-08-31,4029053222,,2018-08-31,wind_total_shares_month_end,
000301.SZ,2020-07-31,4834863866,,2020-07-31,wind_total_shares_month_end,
000301.SZ,2021-09-30,4834903257,,2021-09-30,wind_total_shares_month_end,
000301.SZ,2021-12-31,4834960195,,2021-12-31,wind_total_shares_month_end,
000301.SZ,2022-01-28,5946491119,,2022-01-28,wind_total_shares_month_end,
000301.SZ,2022-02-28,5946495968,,2022-02-28,wind_total_shares_month_end,
000301.SZ,2022-03-31,5946506551,,2022-03-31,wind_total_shares_month_end,
000301.SZ,2022-04-29,5946508904,,2022-04-29,wind_total_shares_month_end,
000301.SZ,2022-05-31,5946515062,,2022-05-31,wind_total_shares_month_end,
000301.SZ,2022-06-30,5946522007,,2022-06-30,wind_total_shares_month_end,
000301.SZ,2022-07-29,6213237010,,2022-07-29,wind_total_shares_month_end,
000301.SZ,2022-09-30,6213245319,,2022-09-30,wind_total_shares_month_end,
000301.SZ,2022-12-30,6611187669,,2022-12-30,wind_total_shares_month_end,
000301.SZ,2023-01-31,6611189232,,2023-01-31,wind_total_shares_month_end,
000301.SZ,2023-03-31,6611212402,,2023-03-31,wind_total_shares_month_end,
000301.SZ,2023-06-30,6611212627,,2023-06-30,wind_total_shares_month_end,
000301.SZ,2023-09-28,6611213077,,2023-09-28,wind_total_shares_month_end,
000301.SZ,2023-12-29,6611213678,,2023-12-29,wind_total_shares_month_end,
000498.SZ,2013-05-31,1120139063,,2013-05-31,wind_total_shares_month_end,
000498.SZ,2020-09-30,1350773637,,2020-09-30,wind_total_shares_month_end,
000498.SZ,2020-11-30,1556959203,,2020-11-30,wind_total_shares_month_end,
000498.SZ,2021-04-30,1557016203,,2021-04-30,wind_total_shares_month_end,
000498.SZ,2021-10-29,1558028003,,2021-10-29,wind_total_shares_month_end,
000498.SZ,2021-12-31,1558068503,,2021-12-31,wind_total_shares_month_end,
000498.SZ,2022-03-31,1558689503,,2022-03-31,wind_total_shares_month_end,
000498.SZ,2022-04-29,1560031803,,2022-04-29,wind_total_shares_month_end,
000498.SZ,2022-06-30,1560566803,,2022-06-30,wind_total_shares_month_end,
000498.SZ,2022-09-30,1560629303,,2022-09-30,wind_total_shares_month_end,
000498.SZ,2023-01-31,1560629304,,2023-01-31,wind_total_shares_month_end,
000498.SZ,2023-02-28,1560987803,,2023-02-28,wind_total_shares_month_end,
000498.SZ,2023-12-29,1560993456,,2023-12-29,wind_total_shares_month_end,
000547.SZ,2013-05-31,834878240,,2013-05-31,wind_total_shares_month_end,
000547.SZ,2014-06-30,948585586,,2014-06-30,wind_total_shares_month_end,
000547.SZ,2015-07-31,1429628897,,2015-07-31,wind_total_shares_month_end,
000547.SZ,2018-12-28,1565247615,,2018-12-28,wind_total_shares_month_end,
000547.SZ,2019-01-31,1605678881,,2019-01-31,wind_total_shares_month_end,
000547.SZ,2020-08-31,1605421646,,2020-08-31,wind_total_shares_month_end,
000547.SZ,2021-08-31,1603685112,,2021-08-31,wind_total_shares_month_end,
000547.SZ,2023-03-31,1598468269,,2023-03-31,wind_total_shares_month_end,
000603.SZ,2013-05-31,504988667,,2013-05-31,wind_total_shares_month_end,
000603.SZ,2016-07-29,722625223,,2016-07-29,wind_total_shares_month_end,
000603.SZ,2018-01-31,689969346,,2018-01-31,wind_total_shares_month_end,
000620.SZ,2013-05-31,1597970649,,2013-05-31,wind_total_shares_month_end,
000620.SZ,2015-04-30,1896690420,,2015-04-30,wind_total_shares_month_end,
000620.SZ,2023-12-29,5871815040,,2023-12-29,wind_total_shares_month_end,
000670.SZ,2013-05-31,272209120,,2013-05-31,wind_total_shares_month_end,
000670.SZ,2014-07-31,816627360,,2014-07-31,wind_total_shares_month_end,
000670.SZ,2023-12-29,849287360,,2023-12-29,wind_total_shares_month_end,
000681.SZ,2013-05-31,198750000,,2013-05-31,wind_total_shares_month_end,
000681.SZ,2014-04-30,669986736,,2014-04-30,wind_total_shares_month_end,
000681.SZ,2015-07-31,700577436,,2015-07-31,wind_total_shares_month_end,
000813.SZ,2013-05-31,363456000,,2013-05-31,wind_total_shares_month_end,
000813.SZ,2013-11-29,467495367,,2013-11-29,wind_total_shares_month_end,
000813.SZ,2016-10-31,1342664265,,2016-10-31,wind_total_shares_month_end,
000813.SZ,2016-12-30,1494321200,,2016-12-30,wind_total_shares_month_end,
000813.SZ,2017-05-31,2241481800,,2017-05-31,wind_total_shares_month_end,
000813.SZ,2022-01-28,2234788132,,2022-01-28,wind_total_shares_month_end,
000813.SZ,2022-02-28,2232788132,,2022-02-28,wind_total_shares_month_end,
000813.SZ,2022-11-30,2226394464,,2022-11-30,wind_total_shares_month_end,
000813.SZ,2023-06-30,2173480882,,2023-06-30,wind_total_shares_month_end,
000813.SZ,2023-09-28,2164955990,,2023-09-28,wind_total_shares_month_end,
000820.SZ,2013-05-31,287834760,,2013-05-31,wind_total_shares_month_end,
000820.SZ,2016-10-31,637245222,,2016-10-31,wind_total_shares_month_end,
000863.SZ,2013-05-31,738690925,,2013-05-31,wind_total_shares_month_end,
000863.SZ,2014-11-28,928481910,,2014-11-28,wind_total_shares_month_end,
000863.SZ,2015-06-30,956481910,,2015-06-30,wind_total_shares_month_end,
000863.SZ,2016-06-30,1388789602,,2016-06-30,wind_total_shares_month_end,
000863.SZ,2016-08-31,1382986746,,2016-08-31,wind_total_shares_month_end,
000863.SZ,2017-08-31,1381752594,,2017-08-31,wind_total_shares_month_end,
000863.SZ,2018-07-31,1371271098,,2018-07-31,wind_total_shares_month_end,
000863.SZ,2020-07-31,1225208160,,2020-07-31,wind_total_shares_month_end,
000863.SZ,2022-05-31,1204370460,,2022-05-31,wind_total_shares_month_end,
000863.SZ,2023-05-31,1180699560,,2023-05-31,wind_total_shares_month_end,
000908.SZ,2013-05-31,280000000,,2013-05-31,wind_total_shares_month_end,
000908.SZ,2014-12-31,738509772,,2014-12-31,wind_total_shares_month_end,
000908.SZ,2015-03-31,799794865,,2015-03-31,wind_total_shares_month_end,
000908.SZ,2016-06-30,879774351,,2016-06-30,wind_total_shares_month_end,
001267.SZ,2022-05-31,700000000,,2022-05-31,wind_total_shares_month_end,
001267.SZ,2022-09-30,775446428,,2022-09-30,wind_total_shares_month_end,
001267.SZ,2023-05-31,779671428,,2023-05-31,wind_total_shares_month_end,
002019.SZ,2013-05-31,220420000,,2013-05-31,wind_total_shares_month_end,
002019.SZ,2014-09-30,440319243,,2014-09-30,wind_total_shares_month_end,
002019.SZ,2016-05-31,1100798107,,2016-05-31,wind_total_shares_month_end,
002019.SZ,2017-08-31,1206974577,,2017-08-31,wind_total_shares_month_end,
002019.SZ,2019-06-28,1230904577,,2019-06-28,wind_total_shares_month_end,
002019.SZ,2019-12-31,1236904577,,2019-12-31,wind_total_shares_month_end,
002019.SZ,2020-06-30,1234677077,,2020-06-30,wind_total_shares_month_end,
002019.SZ,2021-06-30,1234106077,,2021-06-30,wind_total_shares_month_end,
002019.SZ,2022-07-29,1226024827,,2022-07-29,wind_total_shares_month_end,
002027.SZ,2013-05-31,302335116,,2013-05-31,wind_total_shares_month_end,
002027.SZ,2015-12-31,4115891498,,2015-12-31,wind_total_shares_month_end,
002027.SZ,2016-04-29,4368416750,,2016-04-29,wind_total_shares_month_end,
002027.SZ,2016-06-30,8736833500,,2016-06-30,wind_total_shares_month_end,
002027.SZ,2017-07-31,12231566900,,2017-07-31,wind_total_shares_month_end,
002027.SZ,2018-06-29,14677880280,,2018-06-29,wind_total_shares_month_end,
002027.SZ,2021-09-30,14442199726,,2021-09-30,wind_total_shares_month_end,
002127.SZ,2013-05-31,446458902,,2013-05-31,wind_total_shares_month_end,
002127.SZ,2016-01-29,769129766,,2016-01-29,wind_total_shares_month_end,
002127.SZ,2016-05-31,1538259532,,2016-05-31,wind_total_shares_month_end,
002127.SZ,2017-10-31,1636580269,,2017-10-31,wind_total_shares_month_end,
002127.SZ,2018-05-31,2454870403,,2018-05-31,wind_total_shares_month_end,
002270.SZ,2013-05-31,189150000,,2013-05-31,wind_total_shares_month_end,
002270.SZ,2015-12-31,469927537,,2015-12-31,wind_total_shares_month_end,
002270.SZ,2016-01-29,506159420,,2016-01-29,wind_total_shares_month_end,
002270.SZ,2018-06-29,759239130,,2018-06-29,wind_total_shares_month_end,
002270.SZ,2022-03-31,896225431,,2022-03-31,wind_total_shares_month_end,
002323.SZ,2013-05-31,107588000,,2013-05-31,wind_total_shares_month_end,
002323.SZ,2015-07-31,248576552,,2015-07-31,wind_total_shares_month_end,
002323.SZ,2016-04-29,745729656,,2016-04-29,wind_total_shares_month_end,
002323.SZ,2022-01-28,2120855142,,2022-01-28,wind_total_shares_month_end,
002343.SZ,2013-05-31,198120000,,2013-05-31,wind_total_shares_month_end,
002343.SZ,2015-08-31,314510000,,2015-08-31,wind_total_shares_month_end,
002343.SZ,2017-12-29,339249776,,2017-12-29,wind_total_shares_month_end,
002343.SZ,2018-06-29,474949686,,2018-06-29,wind_total_shares_month_end,
002366.SZ,2013-05-31,133500000,,2013-05-31,wind_total_shares_month_end,
002366.SZ,2015-07-31,404001116,,2015-07-31,wind_total_shares_month_end,
002366.SZ,2015-08-31,433528675,,2015-08-31,wind_total_shares_month_end,
002366.SZ,2017-07-31,867057350,,2017-07-31,wind_total_shares_month_end,
002366.SZ,2022-12-30,2080937640,,2022-12-30,wind_total_shares_month_end,
002468.SZ,2013-05-31,276480000,,2013-05-31,wind_total_shares_month_end,
002468.SZ,2014-06-30,331776000,,2014-06-30,wind_total_shares_month_end,
002468.SZ,2016-12-30,1530802166,,2016-12-30,wind_total_shares_month_end,
002517.SZ,2013-05-31,176800000,,2013-05-31,wind_total_shares_month_end,
002517.SZ,2015-12-31,676799996,,2015-12-31,wind_total_shares_month_end,
002517.SZ,2016-11-30,717505878,,2016-11-30,wind_total_shares_month_end,
002517.SZ,2017-09-29,1435011756,,2017-09-29,wind_total_shares_month_end,
002517.SZ,2018-06-29,2152517634,,2018-06-29,wind_total_shares_month_end,
002558.SZ,2013-05-31,59500000,,2013-05-31,wind_total_shares_month_end,
002558.SZ,2014-07-31,65450000,,2014-07-31,wind_total_shares_month_end,
002558.SZ,2016-04-29,509136270,,2016-04-29,wind_total_shares_month_end,
002558.SZ,2016-05-31,562327759,,2016-05-31,wind_total_shares_month_end,
002558.SZ,2016-09-30,1686983277,,2016-09-30,wind_total_shares_month_end,
002558.SZ,2017-06-30,2024379932,,2017-06-30,wind_total_shares_month_end,
002558.SZ,2022-11-30,2004937008,,2022-11-30,wind_total_shares_month_end,
002558.SZ,2023-11-30,1973542406,,2023-11-30,wind_total_shares_month_end,
002581.SZ,2013-05-31,140764000,,2013-05-31,wind_total_shares_month_end,
002581.SZ,2015-07-31,281528000,,2015-07-31,wind_total_shares_month_end,
002581.SZ,2015-09-30,659735586,,2015-09-30,wind_total_shares_month_end,
002600.SZ,2013-05-31,317800000,,2013-05-31,wind_total_shares_month_end,
002600.SZ,2015-04-30,635600000,,2015-04-30,wind_total_shares_month_end,
002600.SZ,2015-09-30,879989668,,2015-09-30,wind_total_shares_month_end,
002600.SZ,2016-05-31,1046656332,,2016-05-31,wind_total_shares_month_end,
002600.SZ,2016-06-30,1177211887,,2016-06-30,wind_total_shares_month_end,
002600.SZ,2017-07-31,2354423774,,2017-07-31,wind_total_shares_month_end,
002600.SZ,2018-01-31,6783910951,,2018-01-31,wind_total_shares_month_end,
002600.SZ,2018-10-31,6724976982,,2018-10-31,wind_total_shares_month_end,
002600.SZ,2018-12-28,6825258976,,2018-12-28,wind_total_shares_month_end,
002600.SZ,2019-07-31,6822713040,,2019-07-31,wind_total_shares_month_end,
002600.SZ,2019-09-30,6847077440,,2019-09-30,wind_total_shares_month_end,
002600.SZ,2019-12-31,6827077440,,2019-12-31,wind_total_shares_month_end,
002600.SZ,2020-05-29,6820865200,,2020-05-29,wind_total_shares_month_end,
002600.SZ,2020-06-30,7143099356,,2020-06-30,wind_total_shares_month_end,
002600.SZ,2020-08-31,7047872114,,2020-08-31,wind_total_shares_month_end,
002600.SZ,2020-09-30,7042004019,,2020-09-30,wind_total_shares_month_end,
002600.SZ,2020-12-31,7043698769,,2020-12-31,wind_total_shares_month_end,
002600.SZ,2021-02-26,7057954108,,2021-02-26,wind_total_shares_month_end,
002600.SZ,2021-06-30,7056369258,,2021-06-30,wind_total_shares_month_end,
002600.SZ,2021-08-31,7065002243,,2021-08-31,wind_total_shares_month_end,
002600.SZ,2021-09-30,7066491403,,2021-09-30,wind_total_shares_month_end,
002600.SZ,2021-12-31,7071114003,,2021-12-31,wind_total_shares_month_end,
002600.SZ,2022-08-31,7038674975,,2022-08-31,wind_total_shares_month_end,
002600.SZ,2023-06-30,7008177819,,2023-06-30,wind_total_shares_month_end,
002607.SZ,2013-05-31,176000000,,2013-05-31,wind_total_shares_month_end,
002607.SZ,2013-06-28,228800000,,2013-06-28,wind_total_shares_month_end,
002607.SZ,2014-06-30,274560000,,2014-06-30,wind_total_shares_month_end,
002607.SZ,2015-05-29,356928000,,2015-05-29,wind_total_shares_month_end,
002607.SZ,2016-04-29,455742200,,2016-04-29,wind_total_shares_month_end,
002607.SZ,2017-06-30,820335960,,2017-06-30,wind_total_shares_month_end,
002607.SZ,2019-01-31,6167399389,,2019-01-31,wind_total_shares_month_end,
002694.SZ,2013-05-31,172800000,,2013-05-31,wind_total_shares_month_end,
002694.SZ,2014-06-30,345600000,,2014-06-30,wind_total_shares_month_end,
002694.SZ,2017-02-28,373248000,,2017-02-28,wind_total_shares_month_end,
002694.SZ,2017-05-31,597196800,,2017-05-31,wind_total_shares_month_end,
002694.SZ,2023-10-31,763084800,,2023-10-31,wind_total_shares_month_end,
300442.SZ,2015-10-30,100000000,,2015-10-30,wind_total_shares_month_end,
300442.SZ,2022-07-29,820420678,,2022-07-29,wind_total_shares_month_end,
300442.SZ,2023-02-28,953867583,,2023-02-28,wind_total_shares_month_end,
300442.SZ,2023-05-31,1716961649,,2023-05-31,wind_total_shares_month_end,
300442.SZ,2023-11-30,1720577649,,2023-11-30,wind_total_shares_month_end,
600097.SH,2013-05-31,202597901,,2013-05-31,wind_total_shares_month_end,
600097.SH,2017-12-29,240936559,,2017-12-29,wind_total_shares_month_end,
600179.SH,2013-05-31,390000000,,2013-05-31,wind_total_shares_month_end,
600179.SH,2016-07-29,965709779,,2016-07-29,wind_total_shares_month_end,
600179.SH,2016-09-30,1062128511,,2016-09-30,wind_total_shares_month_end,
600179.SH,2018-05-31,1486979915,,2018-05-31,wind_total_shares_month_end,
600179.SH,2020-12-31,4364286051,,2020-12-31,wind_total_shares_month_end,
600179.SH,2022-11-30,4231526979,,2022-11-30,wind_total_shares_month_end,
600217.SH,2013-05-31,660800000,,2013-05-31,wind_total_shares_month_end,
600217.SH,2015-05-29,1341587523,,2015-05-29,wind_total_shares_month_end,
600217.SH,2017-04-28,1411336529,,2017-04-28,wind_total_shares_month_end,
600217.SH,2017-12-29,1388659782,,2017-12-29,wind_total_shares_month_end,
600233.SH,2013-05-31,165000000,,2013-05-31,wind_total_shares_month_end,
600233.SH,2016-04-29,330000000,,2016-04-29,wind_total_shares_month_end,
600233.SH,2016-09-30,2821229621,,2016-09-30,wind_total_shares_month_end,
600233.SH,2017-11-30,2825477587,,2017-11-30,wind_total_shares_month_end,
600233.SH,2018-05-31,2830771222,,2018-05-31,wind_total_shares_month_end,
600233.SH,2018-12-28,2828647251,,2018-12-28,wind_total_shares_month_end,
600233.SH,2019-01-31,2828454385,,2019-01-31,wind_total_shares_month_end,
600233.SH,2019-05-31,2828460341,,2019-05-31,wind_total_shares_month_end,
600233.SH,2019-07-31,2836270281,,2019-07-31,wind_total_shares_month_end,
600233.SH,2019-09-30,2843151300,,2019-09-30,wind_total_shares_month_end,
600233.SH,2019-11-29,2842647090,,2019-11-29,wind_total_shares_month_end,
600233.SH,2019-12-31,2842930394,,2019-12-31,wind_total_shares_month_end,
600233.SH,2020-01-23,2842571478,,2020-01-23,wind_total_shares_month_end,
600233.SH,2020-03-31,3164456588,,2020-03-31,wind_total_shares_month_end,
600233.SH,2020-07-31,3159830675,,2020-07-31,wind_total_shares_month_end,
600233.SH,2021-09-30,3159830686,,2021-09-30,wind_total_shares_month_end,
600233.SH,2021-12-31,3435027509,,2021-12-31,wind_total_shares_month_end,
600233.SH,2022-03-31,3435617454,,2022-03-31,wind_total_shares_month_end,
600233.SH,2022-05-31,3436099454,,2022-05-31,wind_total_shares_month_end,
600233.SH,2022-06-30,3436146954,,2022-06-30,wind_total_shares_month_end,
600233.SH,2022-09-30,3440652173,,2022-09-30,wind_total_shares_month_end,
600233.SH,2023-01-31,3441322995,,2023-01-31,wind_total_shares_month_end,
600233.SH,2023-03-31,3441710237,,2023-03-31,wind_total_shares_month_end,
600233.SH,2023-05-31,3442225454,,2023-05-31,wind_total_shares_month_end,
600398.SH,2013-05-31,646604078,,2013-05-31,wind_total_shares_month_end,
600398.SH,2014-03-31,4492757924,,2014-03-31,wind_total_shares_month_end,
600398.SH,2019-04-30,4492788868,,2019-04-30,wind_total_shares_month_end,
600398.SH,2019-05-31,4492796121,,2019-05-31,wind_total_shares_month_end,
600398.SH,2019-06-28,4420004914,,2019-06-28,wind_total_shares_month_end,
600398.SH,2019-07-31,4420006660,,2019-07-31,wind_total_shares_month_end,
600398.SH,2019-09-30,4420010735,,2019-09-30,wind_total_shares_month_end,
600398.SH,2019-12-31,4420012481,,2019-12-31,wind_total_shares_month_end,
600398.SH,2020-03-31,4420015805,,2020-03-31,wind_total_shares_month_end,
600398.SH,2020-06-30,4420016636,,2020-06-30,wind_total_shares_month_end,
600398.SH,2020-08-31,4319588960,,2020-08-31,wind_total_shares_month_end,
600398.SH,2020-09-30,4319589640,,2020-09-30,wind_total_shares_month_end,
600398.SH,2020-12-31,4319592192,,2020-12-31,wind_total_shares_month_end,
600398.SH,2021-03-31,4319593128,,2021-03-31,wind_total_shares_month_end,
600398.SH,2021-06-30,4319599916,,2021-06-30,wind_total_shares_month_end,
600398.SH,2021-09-30,4319602472,,2021-09-30,wind_total_shares_month_end,
600398.SH,2021-12-31,4319602756,,2021-12-31,wind_total_shares_month_end,
600398.SH,2022-03-31,4319605170,,2022-03-31,wind_total_shares_month_end,
600398.SH,2022-06-30,4319605902,,2022-06-30,wind_total_shares_month_end,
600398.SH,2022-09-30,4319607279,,2022-09-30,wind_total_shares_month_end,
600398.SH,2023-03-31,4319607585,,2023-03-31,wind_total_shares_month_end,
600398.SH,2023-10-31,4319772008,,2023-10-31,wind_total_shares_month_end,
600483.SH,2013-05-31,288483712,,2013-05-31,wind_total_shares_month_end,
600483.SH,2014-07-31,1258347323,,2014-07-31,wind_total_shares_month_end,
600483.SH,2016-01-29,1551825574,,2016-01-29,wind_total_shares_month_end,
600483.SH,2019-07-31,1551831096,,2019-07-31,wind_total_shares_month_end,
600483.SH,2019-09-30,1551832157,,2019-09-30,wind_total_shares_month_end,
600483.SH,2019-12-31,1551833806,,2019-12-31,wind_total_shares_month_end,
600483.SH,2020-03-31,1551834745,,2020-03-31,wind_total_shares_month_end,
600483.SH,2020-06-30,1760375824,,2020-06-30,wind_total_shares_month_end,
600483.SH,2020-09-30,1760376808,,2020-09-30,wind_total_shares_month_end,
600483.SH,2021-03-31,1785226528,,2021-03-31,wind_total_shares_month_end,
600483.SH,2021-06-30,1868775093,,2021-06-30,wind_total_shares_month_end,
600483.SH,2021-07-30,1868904151,,2021-07-30,wind_total_shares_month_end,
600483.SH,2021-09-30,1908392357,,2021-09-30,wind_total_shares_month_end,
600483.SH,2021-10-29,1917473110,,2021-10-29,wind_total_shares_month_end,
600483.SH,2021-12-31,1954540075,,2021-12-31,wind_total_shares_month_end,
600483.SH,2022-03-31,1954546692,,2022-03-31,wind_total_shares_month_end,
600483.SH,2022-06-30,1954565789,,2022-06-30,wind_total_shares_month_end,
600483.SH,2022-09-30,1954566310,,2022-09-30,wind_total_shares_month_end,
600483.SH,2023-01-31,1954569056,,2023-01-31,wind_total_shares_month_end,
600483.SH,2023-03-31,1954569186,,2023-03-31,wind_total_shares_month_end,
600483.SH,2023-05-31,1954571408,,2023-05-31,wind_total_shares_month_end,
600483.SH,2023-07-31,2540942830,,2023-07-31,wind_total_shares_month_end,
600483.SH,2023-10-31,2540943727,,2023-10-31,wind_total_shares_month_end,
600566.SH,2013-05-31,138200400,,2013-05-31,wind_total_shares_month_end,
600566.SH,2013-12-31,749024701,,2013-12-31,wind_total_shares_month_end,
600566.SH,2014-02-28,781454701,,2014-02-28,wind_total_shares_month_end,
600566.SH,2016-05-31,809623999,,2016-05-31,wind_total_shares_month_end,
600566.SH,2018-05-31,809734489,,2018-05-31,wind_total_shares_month_end,
600566.SH,2018-07-31,814335561,,2018-07-31,wind_total_shares_month_end,
600566.SH,2018-10-31,814817208,,2018-10-31,wind_total_shares_month_end,
600566.SH,2019-01-31,814817354,,2019-01-31,wind_total_shares_month_end,
600566.SH,2019-04-30,814909009,,2019-04-30,wind_total_shares_month_end,
600566.SH,2019-05-31,814921742,,2019-05-31,wind_total_shares_month_end,
600566.SH,2019-07-31,814921767,,2019-07-31,wind_total_shares_month_end,
600566.SH,2019-09-30,814922124,,2019-09-30,wind_total_shares_month_end,
600566.SH,2019-12-31,814922174,,2019-12-31,wind_total_shares_month_end,
600566.SH,2020-03-31,814925805,,2020-03-31,wind_total_shares_month_end,
600566.SH,2020-04-30,814925844,,2020-04-30,wind_total_shares_month_end,
600566.SH,2020-09-30,814927365,,2020-09-30,wind_total_shares_month_end,
600566.SH,2020-10-30,888257259,,2020-10-30,wind_total_shares_month_end,
600566.SH,2021-04-30,888257887,,2021-04-30,wind_total_shares_month_end,
600566.SH,2021-05-31,888257969,,2021-05-31,wind_total_shares_month_end,
600566.SH,2021-06-30,888258011,,2021-06-30,wind_total_shares_month_end,
600566.SH,2021-09-30,888259075,,2021-09-30,wind_total_shares_month_end,
600566.SH,2021-12-31,888273021,,2021-12-31,wind_total_shares_month_end,
600566.SH,2022-03-31,888276131,,2022-03-31,wind_total_shares_month_end,
600566.SH,2022-05-31,888279075,,2022-05-31,wind_total_shares_month_end,
600566.SH,2022-06-30,888281891,,2022-06-30,wind_total_shares_month_end,
600566.SH,2022-09-30,894361479,,2022-09-30,wind_total_shares_month_end,
600566.SH,2022-10-31,902794486,,2022-10-31,wind_total_shares_month_end,
600566.SH,2022-11-30,921822160,,2022-11-30,wind_total_shares_month_end,
600566.SH,2023-06-30,922418160,,2023-06-30,wind_total_shares_month_end,
600566.SH,2023-07-31,921716660,,2023-07-31,wind_total_shares_month_end,
600566.SH,2023-08-31,921996660,,2023-08-31,wind_total_shares_month_end,
600566.SH,2023-11-30,921806660,,2023-11-30,wind_total_shares_month_end,
600567.SH,2013-05-31,1586016989,,2013-05-31,wind_total_shares_month_end,
600567.SH,2013-08-30,3176733412,,2013-08-30,wind_total_shares_month_end,
600567.SH,2013-11-29,3766939612,,2013-11-29,wind_total_shares_month_end,
600567.SH,2016-07-29,4551253337,,2016-07-29,wind_total_shares_month_end,
600567.SH,2018-01-31,4570313337,,2018-01-31,wind_total_shares_month_end,
600567.SH,2018-08-31,4570655837,,2018-08-31,wind_total_shares_month_end,
600567.SH,2019-01-31,4584584837,,2019-01-31,wind_total_shares_month_end,
600567.SH,2019-07-31,4584706679,,2019-07-31,wind_total_shares_month_end,
600567.SH,2019-09-30,4584711167,,2019-09-30,wind_total_shares_month_end,
600567.SH,2019-12-31,4584723439,,2019-12-31,wind_total_shares_month_end,
600567.SH,2020-03-31,4595524644,,2020-03-31,wind_total_shares_month_end,
600567.SH,2020-06-30,4595545854,,2020-06-30,wind_total_shares_month_end,
600567.SH,2020-09-30,4595590029,,2020-09-30,wind_total_shares_month_end,
600567.SH,2020-12-31,4595602408,,2020-12-31,wind_total_shares_month_end,
600567.SH,2021-03-31,4615900635,,2021-03-31,wind_total_shares_month_end,
600567.SH,2021-06-30,4615929240,,2021-06-30,wind_total_shares_month_end,
600567.SH,2021-09-30,4616156375,,2021-09-30,wind_total_shares_month_end,
600567.SH,2021-11-30,4616164274,,2021-11-30,wind_total_shares_month_end,
600567.SH,2021-12-31,4616166707,,2021-12-31,wind_total_shares_month_end,
600567.SH,2022-03-31,4616175806,,2022-03-31,wind_total_shares_month_end,
600567.SH,2022-05-31,4616176112,,2022-05-31,wind_total_shares_month_end,
600567.SH,2022-06-30,4616177365,,2022-06-30,wind_total_shares_month_end,
600567.SH,2022-07-29,4616178633,,2022-07-29,wind_total_shares_month_end,
600567.SH,2022-09-30,4616178950,,2022-09-30,wind_total_shares_month_end,
600567.SH,2023-03-31,4616194779,,2023-03-31,wind_total_shares_month_end,
600567.SH,2023-05-31,4470565176,,2023-05-31,wind_total_shares_month_end,
600567.SH,2023-06-30,4470566008,,2023-06-30,wind_total_shares_month_end,
600567.SH,2023-10-31,4470566851,,2023-10-31,wind_total_shares_month_end,
600603.SH,2013-05-31,194641920,,2013-05-31,wind_total_shares_month_end,
600603.SH,2016-12-30,523755844,,2016-12-30,wind_total_shares_month_end,
600603.SH,2017-04-28,627767731,,2017-04-28,wind_total_shares_month_end,
600603.SH,2017-09-29,878874823,,2017-09-29,wind_total_shares_month_end,
600603.SH,2018-05-31,1230424752,,2018-05-31,wind_total_shares_month_end,
600603.SH,2018-07-31,1253524752,,2018-07-31,wind_total_shares_month_end,
600603.SH,2018-12-28,1252704752,,2018-12-28,wind_total_shares_month_end,
600603.SH,2019-05-31,1255826752,,2019-05-31,wind_total_shares_month_end,
600603.SH,2019-07-31,1254766752,,2019-07-31,wind_total_shares_month_end,
600603.SH,2020-03-31,1259896247,,2020-03-31,wind_total_shares_month_end,
600603.SH,2020-09-30,1257026847,,2020-09-30,wind_total_shares_month_end,
600603.SH,2021-12-31,1256952847,,2021-12-31,wind_total_shares_month_end,
600603.SH,2022-04-29,1253034847,,2022-04-29,wind_total_shares_month_end,
600603.SH,2022-06-30,1254820847,,2022-06-30,wind_total_shares_month_end,
600603.SH,2023-05-31,1230550151,,2023-05-31,wind_total_shares_month_end,
600629.SH,2013-05-31,347999813,,2013-05-31,wind_total_shares_month_end,
600629.SH,2015-09-30,359060190,,2015-09-30,wind_total_shares_month_end,
600629.SH,2017-03-31,432208132,,2017-03-31,wind_total_shares_month_end,
600629.SH,2019-03-29,445127532,,2019-03-29,wind_total_shares_month_end,
600629.SH,2019-06-28,534153038,,2019-06-28,wind_total_shares_month_end,
600629.SH,2020-10-30,533901758,,2020-10-30,wind_total_shares_month_end,
600629.SH,2021-03-31,533834556,,2021-03-31,wind_total_shares_month_end,
600629.SH,2021-06-30,528523891,,2021-06-30,wind_total_shares_month_end,
600629.SH,2021-07-30,634228669,,2021-07-30,wind_total_shares_month_end,
600629.SH,2021-11-30,634209612,,2021-11-30,wind_total_shares_month_end,
600629.SH,2022-03-31,655941412,,2022-03-31,wind_total_shares_month_end,
600629.SH,2022-04-29,809179745,,2022-04-29,wind_total_shares_month_end,
600629.SH,2022-06-30,809149263,,2022-06-30,wind_total_shares_month_end,
600629.SH,2022-07-29,970979116,,2022-07-29,wind_total_shares_month_end,
600629.SH,2022-12-30,970942828,,2022-12-30,wind_total_shares_month_end,
600629.SH,2023-06-30,970737119,,2023-06-30,wind_total_shares_month_end,
600629.SH,2023-07-31,970556038,,2023-07-31,wind_total_shares_month_end,
600666.SH,2013-05-31,290146298,,2013-05-31,wind_total_shares_month_end,
600666.SH,2015-05-29,740668644,,2015-05-29,wind_total_shares_month_end,
600666.SH,2015-06-30,767078900,,2015-06-30,wind_total_shares_month_end,
600666.SH,2017-05-31,1227326240,,2017-05-31,wind_total_shares_month_end,
600666.SH,2023-02-28,2763512843,,2023-02-28,wind_total_shares_month_end,
600681.SH,2013-05-31,251477550,,2013-05-31,wind_total_shares_month_end,
600681.SH,2016-03-31,964157472,,2016-03-31,wind_total_shares_month_end,
600681.SH,2017-11-30,1031513793,,2017-11-30,wind_total_shares_month_end,
600681.SH,2019-04-30,1442740310,,2019-04-30,wind_total_shares_month_end,
600681.SH,2021-05-31,1363010801,,2021-05-31,wind_total_shares_month_end,
600681.SH,2023-05-31,1340854810,,2023-05-31,wind_total_shares_month_end,
600862.SH,2013-05-31,637928488,,2013-05-31,wind_total_shares_month_end,
600862.SH,2015-12-31,1393049107,,2015-12-31,wind_total_shares_month_end,
600938.SH,2022-10-31,47592626984,,2022-10-31,wind_total_shares_month_end,
600938.SH,2022-11-30,47566763984,,2022-11-30,wind_total_shares_month_end,
600941.SH,2022-07-29,21362826764,,2022-07-29,wind_total_shares_month_end,
600941.SH,2023-01-31,21363162764,,2023-01-31,wind_total_shares_month_end,
600941.SH,2023-02-28,21363899424,,2023-02-28,wind_total_shares_month_end,
600941.SH,2023-03-31,21367767064,,2023-03-31,wind_total_shares_month_end,
600941.SH,2023-05-31,21372891480,,2023-05-31,wind_total_shares_month_end,
600941.SH,2023-06-30,21374420790,,2023-06-30,wind_total_shares_month_end,
600941.SH,2023-07-31,21376885911,,2023-07-31,wind_total_shares_month_end,
600941.SH,2023-08-31,21383633148,,2023-08-31,wind_total_shares_month_end,
600941.SH,2023-10-31,21388552312,,2023-10-31,wind_total_shares_month_end,
600941.SH,2023-11-30,21389195242,,2023-11-30,wind_total_shares_month_end,
601360.SH,2013-05-31,416340000,,2013-05-31,wind_total_shares_month_end,
601360.SH,2014-02-28,400456571,,2014-02-28,wind_total_shares_month_end,
601360.SH,2015-07-31,400406571,,2015-07-31,wind_total_shares_month_end,
601360.SH,2016-01-29,397187443,,2016-01-29,wind_total_shares_month_end,
601360.SH,2016-04-29,397182443,,2016-04-29,wind_total_shares_month_end,
601865.SH,2019-08-30,1950000000,,2019-08-30,wind_total_shares_month_end,
601865.SH,2020-08-31,1954600000,,2020-08-31,wind_total_shares_month_end,
601865.SH,2020-12-31,2041248788,,2020-12-31,wind_total_shares_month_end,
601865.SH,2021-01-29,2146193254,,2021-01-29,wind_total_shares_month_end,
601865.SH,2021-07-30,2146893254,,2021-07-30,wind_total_shares_month_end,
601865.SH,2022-11-30,2146893587,,2022-11-30,wind_total_shares_month_end,
601865.SH,2023-01-31,2146894078,,2023-01-31,wind_total_shares_month_end,
601865.SH,2023-02-28,2146894145,,2023-02-28,wind_total_shares_month_end,
601865.SH,2023-03-31,2146894167,,2023-03-31,wind_total_shares_month_end,
601865.SH,2023-04-28,2146894189,,2023-04-28,wind_total_shares_month_end,
601865.SH,2023-05-31,2146894439,,2023-05-31,wind_total_shares_month_end,
601865.SH,2023-06-30,2146894461,,2023-06-30,wind_total_shares_month_end,
601865.SH,2023-08-31,2351323762,,2023-08-31,wind_total_shares_month_end,
603507.SH,2018-05-31,125631400,,2018-05-31,wind_total_shares_month_end,
603507.SH,2018-07-31,128081400,,2018-07-31,wind_total_shares_month_end,
603507.SH,2019-11-29,128071400,,2019-11-29,wind_total_shares_month_end,
603507.SH,2020-11-30,126836400,,2020-11-30,wind_total_shares_month_end,
603507.SH,2021-08-31,125631400,,2021-08-31,wind_total_shares_month_end,
603507.SH,2022-08-31,125581400,,2022-08-31,wind_total_shares_month_end,
603507.SH,2022-09-30,142625500,,2022-09-30,wind_total_shares_month_end,
603507.SH,2023-07-31,142030934,,2023-07-31,wind_total_shares_month_end,
603535.SH,2018-02-28,150400000,,2018-02-28,wind_total_shares_month_end,
603535.SH,2021-09-30,160860576,,2021-09-30,wind_total_shares_month_end,
603535.SH,2022-07-29,233247835,,2022-07-29,wind_total_shares_month_end,
603535.SH,2023-03-31,233248267,,2023-03-31,wind_total_shares_month_end,
603535.SH,2023-06-30,233248396,,2023-06-30,wind_total_shares_month_end,
603993.SH,2013-05-31,5076170525,,2013-05-31,wind_total_shares_month_end,
603993.SH,2015-06-30,5144727717,,2015-06-30,wind_total_shares_month_end,
603993.SH,2015-07-31,5629066233,,2015-07-31,wind_total_shares_month_end,
603993.SH,2015-11-30,16887198699,,2015-11-30,wind_total_shares_month_end,
603993.SH,2017-07-31,21599240583,,2017-07-31,wind_total_shares_month_end,
688235.SH,2022-06-30,1350248086,,2022-06-30,wind_total_shares_month_end,
688235.SH,2022-07-29,1350260839,,2022-07-29,wind_total_shares_month_end,
688235.SH,2022-08-31,1350903442,,2022-08-31,wind_total_shares_month_end,
688235.SH,2022-09-30,1352641646,,2022-09-30,wind_total_shares_month_end,
688235.SH,2022-10-31,1349640180,,2022-10-31,wind_total_shares_month_end,
688235.SH,2022-11-30,1350993623,,2022-11-30,wind_total_shares_month_end,
688235.SH,2023-01-31,1354551710,,2023-01-31,wind_total_shares_month_end,
688235.SH,2023-02-28,1357628329,,2023-02-28,wind_total_shares_month_end,
688235.SH,2023-03-31,1360450421,,2023-03-31,wind_total_shares_month_end,
688235.SH,2023-04-28,1362652101,,2023-04-28,wind_total_shares_month_end,
688235.SH,2023-05-31,1364717749,,2023-05-31,wind_total_shares_month_end,
688235.SH,2023-06-30,1376031220,,2023-06-30,wind_total_shares_month_end,
688235.SH,2023-07-31,1376270056,,2023-07-31,wind_total_shares_month_end,
688235.SH,2023-09-28,1377064200,,2023-09-28,wind_total_shares_month_end,
688235.SH,2023-10-31,1382770732,,2023-10-31,wind_total_shares_month_end,
688235.SH,2023-11-30,1359497624,,2023-11-30,wind_total_shares_month_end,
688396.SH,2020-08-31,1215925195,,2020-08-31,wind_total_shares_month_end,
688396.SH,2021-04-30,1320091861,,2021-04-30,wind_total_shares_month_end,
688428.SH,2023-03-31,1764321452,,2023-03-31,wind_total_shares_month_end,
688428.SH,2023-11-30,1763310452,,2023-11-30,wind_total_shares_month_end,
688428.SH,2023-12-29,1763130452,,2023-12-29,wind_total_shares_month_end,
688525.SH,2023-06-30,430329136,,2023-06-30,wind_total_shares_month_end,
688728.SH,2022-02-28,2498887173,,2022-02-28,wind_total_shares_month_end,
688728.SH,2023-07-31,2598791667,,2023-07-31,wind_total_shares_month_end,
688728.SH,2023-11-30,2600586667,,2023-11-30,wind_total_shares_month_end,
688981.SH,2021-01-29,7895190473,,2021-01-29,wind_total_shares_month_end,
688981.SH,2021-02-26,7896350532,,2021-02-26,wind_total_shares_month_end,
688981.SH,2021-03-31,7899199076,,2021-03-31,wind_total_shares_month_end,
688981.SH,2021-04-30,7900011638,,2021-04-30,wind_total_shares_month_end,
688981.SH,2021-05-31,7900578250,,2021-05-31,wind_total_shares_month_end,
688981.SH,2021-06-30,7901110626,,2021-06-30,wind_total_shares_month_end,
688981.SH,2021-07-30,7901707937,,2021-07-30,wind_total_shares_month_end,
688981.SH,2021-08-31,7902869220,,2021-08-31,wind_total_shares_month_end,
688981.SH,2021-09-30,7903435792,,2021-09-30,wind_total_shares_month_end,
688981.SH,2021-10-29,7903528104,,2021-10-29,wind_total_shares_month_end,
688981.SH,2021-11-30,7903730355,,2021-11-30,wind_total_shares_month_end,
688981.SH,2021-12-31,7903856555,,2021-12-31,wind_total_shares_month_end,
688981.SH,2022-01-28,7903927811,,2022-01-28,wind_total_shares_month_end,
688981.SH,2022-02-28,7904051314,,2022-02-28,wind_total_shares_month_end,
688981.SH,2022-03-31,7906564118,,2022-03-31,wind_total_shares_month_end,
688981.SH,2022-04-29,7908404286,,2022-04-29,wind_total_shares_month_end,
688981.SH,2022-05-31,7910002828,,2022-05-31,wind_total_shares_month_end,
688981.SH,2022-06-30,7901936207,,2022-06-30,wind_total_shares_month_end,
688981.SH,2022-07-29,7901999727,,2022-07-29,wind_total_shares_month_end,
688981.SH,2022-08-31,7902058677,,2022-08-31,wind_total_shares_month_end,
688981.SH,2022-09-30,7921398667,,2022-09-30,wind_total_shares_month_end,
688981.SH,2022-10-31,7911130327,,2022-10-31,wind_total_shares_month_end,
688981.SH,2022-11-30,7912544864,,2022-11-30,wind_total_shares_month_end,
688981.SH,2022-12-30,7912664696,,2022-12-30,wind_total_shares_month_end,
688981.SH,2023-01-31,7912874006,,2023-01-31,wind_total_shares_month_end,
688981.SH,2023-02-28,7913210823,,2023-02-28,wind_total_shares_month_end,
688981.SH,2023-03-31,7918297542,,2023-03-31,wind_total_shares_month_end,
688981.SH,2023-04-28,7923861324,,2023-04-28,wind_total_shares_month_end,
688981.SH,2023-05-31,7925101274,,2023-05-31,wind_total_shares_month_end,
688981.SH,2023-06-30,7925936550,,2023-06-30,wind_total_shares_month_end,
688981.SH,2023-07-31,7926079000,,2023-07-31,wind_total_shares_month_end,
688981.SH,2023-08-31,7943157943,,2023-08-31,wind_total_shares_month_end,
688981.SH,2023-09-28,7945498567,,2023-09-28,wind_total_shares_month_end,
688981.SH,2023-10-31,7945885729,,2023-10-31,wind_total_shares_month_end,
688981.SH,2023-11-30,7946542350,,2023-11-30,wind_total_shares_month_end,
688981.SH,2023-12-29,7946555760,,2023-12-29,wind_total_shares_month_end,
689009.SH,2021-04-30,704091670,,2021-04-30,wind_total_shares_month_end,
689009.SH,2021-07-30,704688420,,2021-07-30,wind_total_shares_month_end,
689009.SH,2021-12-31,707887210,,2021-12-31,wind_total_shares_month_end,
689009.SH,2022-05-31,711504310,,2022-05-31,wind_total_shares_month_end,
689009.SH,2022-09-30,712983140,,2022-09-30,wind_total_shares_month_end,
689009.SH,2023-01-31,714443650,,2023-01-31,wind_total_shares_month_end,
689009.SH,2023-05-31,716448580,,2023-05-31,wind_total_shares_month_end,
689009.SH,2023-09-28,717379043,,2023-09-28,wind_total_shares_month_end,
689009.SH,2023-10-31,720704881,,2023-10-31,wind_total_shares_month_end,
689009.SH,2023-12-29,720985381,,2023-12-29,wind_total_shares_month_end,
