date,factor_value,factor_value_position,factor_value_raw,factor_value_raw_position
2014-01-02,0.0,1,0.0,1
2014-01-03,0.0,0,0.0,0
2014-01-06,0.0,1,0.0,1
2014-01-07,0.0,0,0.0,0
2014-01-08,0.0,1,0.0,1
2014-01-09,0.0,0,0.0,0
2014-01-10,0.0,1,0.0,1
2014-01-13,0.0,0,0.0,0
2014-01-14,0.0,1,0.0,1
2014-01-15,0.0,0,0.0,0
2014-01-16,0.0,1,0.0,1
2014-01-17,0.0,0,0.0,0
2014-01-20,0.0,1,0.0,1
2014-01-21,0.0,0,0.0,0
2014-01-22,0.0,1,0.0,1
2014-01-23,0.0,0,0.0,0
2014-01-24,0.0,1,0.0,1
2014-01-27,0.0,0,0.0,0
2014-01-28,0.0,1,0.0,1
2014-01-29,0.0,0,0.0,0
2014-01-30,0.0,1,0.0,1
2014-02-07,0.0,0,0.0,0
2014-02-10,0.0,1,0.0,1
2014-02-11,0.0,0,0.0,0
2014-02-12,0.0,1,0.0,1
2014-02-13,0.0,0,0.0,0
2014-02-14,0.0,1,0.0,1
2014-02-17,0.0,0,0.0,0
2014-02-18,0.0,1,0.0,1
2014-02-19,0.0,0,0.0,0
2014-02-20,0.0,1,0.0,1
2014-02-21,0.0,0,0.0,0
2014-02-24,0.0,1,0.0,1
2014-02-25,0.0,0,0.0,0
2014-02-26,0.0,1,0.0,1
2014-02-27,0.0,0,0.0,0
2014-02-28,0.0,1,0.0,1
2014-03-03,0.0,0,0.0,0
2014-03-04,0.0,1,0.0,1
2014-03-05,-0.1104,0,-0.5522,-1
2014-03-06,-0.2366,1,-0.631,-1
2014-03-07,-0.3547,-1,-0.5902,-1
2014-03-10,-0.4649,-1,-0.5512,-1
2014-03-11,-0.5341,-1,-0.3459,1
2014-03-12,-0.4817,-1,-0.2902,-1
2014-03-13,-0.3577,-1,-0.0108,1
2014-03-14,-0.2503,1,-0.0533,0
2014-03-17,-0.1611,0,-0.1051,1
2014-03-18,-0.1176,1,-0.1286,0
2014-03-19,-0.1026,0,-0.2153,1
2014-03-20,-0.1512,1,-0.2537,-1
2014-03-21,-0.2339,-1,-0.4669,-1
2014-03-24,-0.3427,1,-0.6488,-1
2014-03-25,-0.4301,-1,-0.566,-1
2014-03-26,-0.4808,-1,-0.4688,-1
2014-03-27,-0.483,-1,-0.2646,1
2014-03-28,-0.4841,-1,-0.4721,-1
2014-03-31,-0.438,-1,-0.4187,-1
2014-04-01,-0.3813,-1,-0.2826,1
2014-04-02,-0.3693,-1,-0.4084,-1
2014-04-03,-0.3583,-1,-0.2098,1
2014-04-04,-0.3198,1,-0.2797,-1
2014-04-08,-0.2978,-1,-0.3086,1
2014-04-09,-0.3031,1,-0.3092,-1
2014-04-10,-0.3155,-1,-0.47,-1
2014-04-11,-0.3762,-1,-0.5136,-1
2014-04-14,-0.4183,-1,-0.4899,-1
2014-04-15,-0.4377,-1,-0.406,-1
2014-04-16,-0.4563,-1,-0.4018,-1
2014-04-17,-0.3853,-1,-0.1154,1
2014-04-18,-0.2636,1,0.0952,0
2014-04-21,-0.1011,0,0.3226,1
2014-04-22,0.072,1,0.4593,1
2014-04-23,0.2493,1,0.4847,1
2014-04-24,0.3404,1,0.3401,1
2014-04-25,0.3949,1,0.368,1
2014-04-28,0.4156,1,0.4257,1
2014-04-29,0.3984,1,0.3734,1
2014-04-30,0.3701,1,0.3431,1
2014-05-05,0.4014,1,0.4969,1
2014-05-06,0.419,1,0.4557,1
2014-05-07,0.3975,1,0.3183,1
2014-05-08,0.3661,1,0.2164,1
2014-05-09,0.3146,1,0.0857,0
2014-05-12,0.2591,1,0.2194,1
2014-05-13,0.2035,1,0.1775,1
2014-05-14,0.1563,1,0.0824,0
2014-05-15,0.11,1,-0.0152,1
2014-05-16,0.0828,0,-0.0501,0
2014-05-19,0.0128,1,-0.1306,1
2014-05-20,-0.0533,0,-0.1529,0
2014-05-21,-0.1014,1,-0.1584,1
2014-05-22,-0.0956,0,0.0141,0
2014-05-23,-0.0645,1,0.1054,1
2014-05-26,0.0143,0,0.2633,1
2014-05-27,0.1096,1,0.3233,1
2014-05-28,0.2299,1,0.4432,1
2014-05-29,0.3031,1,0.3804,1
2014-05-30,0.3399,1,0.289,1
2014-06-03,0.3316,1,0.2218,1
2014-06-04,0.3007,1,0.1689,1
2014-06-05,0.2753,1,0.3166,1
2014-06-06,0.2699,1,0.3532,1
2014-06-09,0.2728,1,0.3037,1
2014-06-10,0.3055,1,0.385,1
2014-06-11,0.3544,1,0.4136,1
2014-06-12,0.3817,1,0.4528,1
2014-06-13,0.3983,1,0.4362,1
2014-06-16,0.4326,1,0.4755,1
2014-06-17,0.4567,1,0.5054,1
2014-06-18,0.4819,1,0.5397,1
2014-06-19,0.4749,1,0.4177,1
2014-06-20,0.4698,1,0.4108,1
2014-06-23,0.4748,1,0.5004,1
2014-06-24,0.4482,1,0.3721,1
2014-06-25,0.4126,1,0.3619,1
2014-06-26,0.3962,1,0.3357,1
2014-06-27,0.3688,1,0.2739,1
2014-06-30,0.3272,1,0.2924,1
2014-07-01,0.3157,1,0.3144,1
2014-07-02,0.2826,1,0.1966,1
2014-07-03,0.2413,1,0.1293,1
2014-07-04,0.2086,1,0.1103,1
2014-07-07,0.1782,1,0.1401,1
2014-07-08,0.1347,1,0.0969,0
2014-07-09,0.0804,0,-0.0748,1
2014-07-10,0.0003,1,-0.2708,-1
2014-07-11,-0.0791,0,-0.2871,1
2014-07-14,-0.1591,1,-0.2598,-1
2014-07-15,-0.2351,-1,-0.2832,1
2014-07-16,-0.3156,1,-0.4769,-1
2014-07-17,-0.3497,-1,-0.4416,-1
2014-07-18,-0.3932,-1,-0.5046,-1
2014-07-21,-0.4503,-1,-0.5454,-1
2014-07-22,-0.5034,-1,-0.5484,-1
2014-07-23,-0.5416,-1,-0.6682,-1
2014-07-24,-0.6037,-1,-0.7521,-1
2014-07-25,-0.6508,-1,-0.74,-1
2014-07-28,-0.6888,-1,-0.7352,-1
2014-07-29,-0.7118,-1,-0.6637,-1
2014-07-30,-0.6843,-1,-0.5306,-1
2014-07-31,-0.6419,-1,-0.54,-1
2014-08-01,-0.5883,-1,-0.4719,-1
2014-08-04,-0.5352,-1,-0.4697,-1
2014-08-05,-0.4837,-1,-0.4066,-1
2014-08-06,-0.4392,-1,-0.3081,1
2014-08-07,-0.3622,-1,-0.1548,0
2014-08-08,-0.2682,1,-0.0019,1
2014-08-11,-0.1823,0,-0.04,0
2014-08-12,-0.0902,1,0.0536,1
2014-08-13,-0.0022,0,0.1322,1
2014-08-14,0.0667,1,0.1897,1
2014-08-15,0.1,0,0.1646,1
2014-08-18,0.1418,1,0.1691,1
2014-08-19,0.1761,1,0.2248,1
2014-08-20,0.2335,1,0.4192,1
2014-08-21,0.3276,1,0.6605,1
2014-08-22,0.4264,1,0.6583,1
2014-08-25,0.5204,1,0.6394,1
2014-08-26,0.5793,1,0.519,1
2014-08-27,0.5842,1,0.4439,1
2014-08-28,0.5422,1,0.4501,1
2014-08-29,0.4893,1,0.3939,1
2014-09-01,0.4698,1,0.5419,1
2014-09-02,0.4587,1,0.4639,1
2014-09-03,0.4616,1,0.4584,1
2014-09-04,0.4411,1,0.3475,1
2014-09-05,0.4005,1,0.1908,1
2014-09-09,0.327,1,0.1743,1
2014-09-10,0.2693,1,0.1755,1
2014-09-11,0.2381,1,0.3025,1
2014-09-12,0.2078,1,0.196,1
2014-09-15,0.2062,1,0.1826,1
2014-09-16,0.1528,1,-0.0926,0
2014-09-17,0.0839,0,-0.1688,1
2014-09-18,0.0173,1,-0.0306,0
2014-09-19,-0.0563,0,-0.1723,1
2014-09-22,-0.1124,1,-0.0975,0
2014-09-23,-0.1061,0,-0.0612,1
2014-09-24,-0.1087,1,-0.1819,0
2014-09-25,-0.1541,0,-0.2576,1
2014-09-26,-0.1726,1,-0.2649,-1
2014-09-29,-0.2149,-1,-0.309,1
2014-09-30,-0.2726,1,-0.3497,-1
2014-10-08,-0.2609,-1,-0.1234,1
2014-10-09,-0.2683,1,-0.2944,-1
2014-10-10,-0.2637,-1,-0.2423,1
2014-10-13,-0.2553,1,-0.2669,-1
2014-10-14,-0.2334,-1,-0.2401,1
2014-10-15,-0.2791,1,-0.3517,-1
2014-10-16,-0.3219,-1,-0.5086,-1
2014-10-17,-0.3228,1,-0.2466,1
2014-10-20,-0.307,-1,-0.1883,0
2014-10-21,-0.2393,1,0.0984,1
2014-10-22,-0.1647,0,0.0215,0
2014-10-23,-0.0866,1,-0.1182,1
2014-10-24,-0.0518,0,-0.0723,0
2014-10-27,-0.0262,1,-0.0607,1
2014-10-28,-0.1045,0,-0.2926,-1
2014-10-29,-0.1802,1,-0.3571,-1
2014-10-30,-0.2486,-1,-0.4603,-1
2014-10-31,-0.3441,1,-0.5495,-1
2014-11-03,-0.4468,-1,-0.5743,-1
2014-11-04,-0.5273,-1,-0.6951,-1
2014-11-05,-0.6021,-1,-0.7312,-1
2014-11-06,-0.6448,-1,-0.6739,-1
2014-11-07,-0.6606,-1,-0.6285,-1
2014-11-10,-0.6822,-1,-0.6824,-1
2014-11-11,-0.6742,-1,-0.6552,-1
2014-11-12,-0.6644,-1,-0.6822,-1
2014-11-13,-0.674,-1,-0.7219,-1
2014-11-14,-0.6903,-1,-0.7099,-1
2014-11-17,-0.6802,-1,-0.6315,-1
2014-11-18,-0.6678,-1,-0.5937,-1
2014-11-19,-0.6316,-1,-0.5008,-1
2014-11-20,-0.5998,-1,-0.563,-1
2014-11-21,-0.5832,-1,-0.6271,-1
2014-11-24,-0.6012,-1,-0.7213,-1
2014-11-25,-0.6035,-1,-0.6052,-1
2014-11-26,-0.6026,-1,-0.4964,-1
2014-11-27,-0.5633,-1,-0.3665,-1
2014-11-28,-0.4922,-1,-0.2715,1
2014-12-01,-0.3887,-1,-0.2039,-1
2014-12-02,-0.2945,1,-0.1343,1
2014-12-03,-0.2103,-1,-0.0752,0
2014-12-04,-0.1845,1,-0.2375,1
2014-12-05,-0.1866,0,-0.2823,-1
2014-12-08,-0.2305,1,-0.423,-1
2014-12-09,-0.2873,-1,-0.4183,-1
2014-12-10,-0.336,1,-0.3188,1
2014-12-11,-0.3378,-1,-0.2469,-1
2014-12-12,-0.3296,1,-0.2412,1
2014-12-15,-0.2891,-1,-0.2205,-1
2014-12-16,-0.2939,1,-0.4422,-1
2014-12-17,-0.352,-1,-0.6094,-1
2014-12-18,-0.4166,-1,-0.5695,-1
2014-12-19,-0.5166,-1,-0.7415,-1
2014-12-22,-0.6219,-1,-0.7468,-1
2014-12-23,-0.6616,-1,-0.6407,-1
2014-12-24,-0.6124,-1,-0.3634,-1
2014-12-25,-0.6076,-1,-0.5455,-1
2014-12-26,-0.5789,-1,-0.5982,-1
2014-12-29,-0.5694,-1,-0.6992,-1
2014-12-30,-0.5713,-1,-0.6503,-1
2014-12-31,-0.6348,-1,-0.6809,-1
2015-01-05,-0.6645,-1,-0.6941,-1
2015-01-06,-0.6277,-1,-0.4138,-1
2015-01-07,-0.5112,-1,-0.1172,1
2015-01-08,-0.3659,-1,0.0764,0
2015-01-09,-0.2053,1,0.1219,1
2015-01-12,0.0017,0,0.341,1
2015-01-13,0.1651,1,0.4035,1
2015-01-14,0.2595,1,0.3549,1
2015-01-15,0.3084,1,0.3205,1
2015-01-16,0.3811,1,0.4856,1
2015-01-19,0.465,1,0.7606,1
2015-01-20,0.5591,1,0.874,1
2015-01-21,0.6568,1,0.8432,1
2015-01-22,0.7491,1,0.7824,1
2015-01-23,0.7746,1,0.6127,1
2015-01-26,0.7603,1,0.689,1
2015-01-27,0.7308,1,0.7266,1
2015-01-28,0.7126,1,0.7522,1
2015-01-29,0.6999,1,0.7192,1
2015-01-30,0.722,1,0.7231,1
2015-02-02,0.7442,1,0.7999,1
2015-02-03,0.7427,1,0.719,1
2015-02-04,0.7343,1,0.7105,1
2015-02-05,0.7228,1,0.6614,1
2015-02-06,0.7053,1,0.6355,1
2015-02-09,0.6461,1,0.504,1
2015-02-10,0.5916,1,0.4466,1
2015-02-11,0.5396,1,0.4504,1
2015-02-12,0.51,1,0.5138,1
2015-02-13,0.4775,1,0.4729,1
2015-02-16,0.4393,1,0.3129,1
2015-02-17,0.3908,1,0.204,1
2015-02-25,0.3507,1,0.2497,1
2015-02-26,0.2747,1,0.134,1
2015-02-27,0.222,1,0.2094,1
2015-03-02,0.2055,1,0.2304,1
2015-03-03,0.2077,1,0.215,1
2015-03-04,0.2086,1,0.2539,1
2015-03-05,0.2404,1,0.2932,1
2015-03-06,0.2292,1,0.1536,1
2015-03-09,0.1833,1,0.0008,0
2015-03-10,0.1544,1,0.0704,1
2015-03-11,0.1103,1,0.0333,0
2015-03-12,0.02,0,-0.1579,1
2015-03-13,-0.0545,1,-0.2192,-1
2015-03-16,-0.0835,0,-0.144,1
2015-03-17,-0.1606,1,-0.3152,-1
2015-03-18,-0.2619,-1,-0.4732,-1
2015-03-19,-0.3385,1,-0.5407,-1
2015-03-20,-0.4038,-1,-0.5461,-1
2015-03-23,-0.492,-1,-0.5846,-1
2015-03-24,-0.5184,-1,-0.4473,-1
2015-03-25,-0.4817,-1,-0.2897,1
2015-03-26,-0.4507,-1,-0.3858,-1
2015-03-27,-0.4225,-1,-0.4051,-1
2015-03-30,-0.4306,-1,-0.625,-1
2015-03-31,-0.431,-1,-0.4496,-1
2015-04-01,-0.4641,-1,-0.4549,-1
2015-04-02,-0.4724,-1,-0.4274,-1
2015-04-03,-0.4359,-1,-0.2229,1
2015-04-07,-0.3735,-1,-0.3129,-1
2015-04-08,-0.3932,-1,-0.5481,-1
2015-04-09,-0.3957,-1,-0.4672,-1
2015-04-10,-0.3638,-1,-0.2676,1
2015-04-13,-0.4009,-1,-0.4085,-1
2015-04-14,-0.4485,-1,-0.551,-1
2015-04-15,-0.4538,-1,-0.5745,-1
2015-04-16,-0.4664,-1,-0.5305,-1
2015-04-17,-0.5419,-1,-0.6448,-1
2015-04-20,-0.6138,-1,-0.7683,-1
2015-04-21,-0.6426,-1,-0.6947,-1
2015-04-22,-0.6703,-1,-0.7134,-1
2015-04-23,-0.7133,-1,-0.7454,-1
2015-04-24,-0.6953,-1,-0.5547,-1
2015-04-27,-0.6807,-1,-0.6955,-1
2015-04-28,-0.6597,-1,-0.5898,-1
2015-04-29,-0.6457,-1,-0.643,-1
2015-04-30,-0.6169,-1,-0.6016,-1
2015-05-04,-0.6441,-1,-0.6907,-1
2015-05-05,-0.6222,-1,-0.5859,-1
2015-05-06,-0.5592,-1,-0.2749,1
2015-05-07,-0.4081,-1,0.1128,1
2015-05-08,-0.2435,1,0.2211,1
2015-05-11,-0.0575,0,0.2396,1
2015-05-12,0.1335,1,0.3688,1
2015-05-13,0.294,1,0.5279,1
2015-05-14,0.399,1,0.6377,1
2015-05-15,0.5006,1,0.7291,1
2015-05-18,0.6259,1,0.8662,1
2015-05-19,0.7214,1,0.846,1
2015-05-20,0.77,1,0.7712,1
2015-05-21,0.7963,1,0.7689,1
2015-05-22,0.7866,1,0.6809,1
2015-05-25,0.7245,1,0.5555,1
2015-05-26,0.6827,1,0.637,1
2015-05-27,0.6494,1,0.6047,1
2015-05-28,0.6107,1,0.5754,1
2015-05-29,0.5902,1,0.5783,1
2015-06-01,0.5955,1,0.582,1
2015-06-02,0.5703,1,0.5114,1
2015-06-03,0.5195,1,0.3504,1
2015-06-04,0.4334,1,0.1448,1
2015-06-05,0.3089,1,-0.0441,0
2015-06-08,0.1331,1,-0.2969,1
2015-06-09,-0.0333,0,-0.3207,-1
2015-06-10,-0.1491,1,-0.2288,1
2015-06-11,-0.2134,-1,-0.1766,0
2015-06-12,-0.2571,1,-0.2626,1
2015-06-15,-0.2879,-1,-0.4509,-1
2015-06-16,-0.3036,1,-0.3992,-1
2015-06-17,-0.3444,-1,-0.4325,-1
2015-06-18,-0.4159,-1,-0.5342,-1
2015-06-19,-0.4475,-1,-0.4209,-1
2015-06-23,-0.421,-1,-0.3182,1
2015-06-24,-0.4307,-1,-0.4475,-1
2015-06-25,-0.4327,-1,-0.4428,-1
2015-06-26,-0.4205,-1,-0.4731,-1
2015-06-29,-0.4528,-1,-0.5821,-1
2015-06-30,-0.498,-1,-0.5443,-1
2015-07-01,-0.5068,-1,-0.4918,-1
2015-07-02,-0.5036,-1,-0.4269,-1
2015-07-03,-0.4545,-1,-0.2272,1
2015-07-06,-0.3818,-1,-0.2188,-1
2015-07-07,-0.2915,1,-0.0931,1
2015-07-08,-0.1863,0,0.0345,0
2015-07-09,-0.13,1,-0.1455,1
2015-07-10,-0.1343,0,-0.2486,-1
2015-07-13,-0.1431,1,-0.2626,1
2015-07-14,-0.1339,0,-0.0472,0
2015-07-15,-0.1433,1,-0.0125,1
2015-07-16,-0.1183,0,-0.0206,0
2015-07-17,-0.05,1,0.0931,1
2015-07-20,0.0142,0,0.0585,0
2015-07-21,0.0321,1,0.0419,1
2015-07-22,0.07,0,0.177,1
2015-07-23,0.1155,1,0.2068,1
2015-07-24,0.1404,1,0.2176,1
2015-07-27,0.207,1,0.3916,1
2015-07-28,0.2837,1,0.4255,1
2015-07-29,0.3074,1,0.2957,1
2015-07-30,0.3007,1,0.173,1
2015-07-31,0.2541,1,-0.0155,0
2015-08-03,0.1811,1,0.0266,1
2015-08-04,0.1195,1,0.1178,1
2015-08-05,0.0557,0,-0.0235,0
2015-08-06,0.0375,1,0.0821,1
2015-08-07,0.0821,0,0.2077,1
2015-08-10,0.1247,1,0.2396,1
2015-08-11,0.1141,1,0.0649,0
2015-08-12,0.1159,1,-0.0147,1
2015-08-13,0.0928,0,-0.0333,0
2015-08-14,0.0334,1,-0.0893,1
2015-08-17,-0.0534,0,-0.1944,0
2015-08-18,-0.093,1,-0.1335,1
2015-08-19,-0.119,0,-0.1446,0
2015-08-20,-0.1393,1,-0.1346,1
2015-08-21,-0.1518,0,-0.1518,0
2015-08-24,-0.1508,1,-0.1892,1
2015-08-25,-0.1544,0,-0.1516,0
2015-08-26,-0.151,1,-0.1276,1
2015-08-27,-0.1546,0,-0.1528,0
2015-08-28,-0.1682,1,-0.2196,1
2015-08-31,-0.1706,0,-0.2016,-1
2015-09-01,-0.1999,1,-0.2978,1
2015-09-02,-0.2314,-1,-0.285,-1
2015-09-07,-0.2405,1,-0.1985,1
2015-09-08,-0.2336,-1,-0.1853,0
2015-09-09,-0.224,1,-0.1535,1
2015-09-10,-0.1848,0,-0.1019,0
2015-09-11,-0.1381,1,-0.0512,1
2015-09-14,-0.1072,0,-0.0444,0
2015-09-15,-0.0743,1,-0.0204,1
2015-09-16,-0.0259,0,0.0885,0
2015-09-17,0.0064,1,0.0597,1
2015-09-18,0.033,0,0.0814,0
2015-09-21,0.0745,1,0.1634,1
2015-09-22,0.1153,1,0.1837,1
2015-09-23,0.1463,1,0.2433,1
2015-09-24,0.1691,1,0.1735,1
2015-09-25,0.183,1,0.1511,1
2015-09-28,0.2257,1,0.3771,1
2015-09-29,0.2814,1,0.4618,1
2015-09-30,0.3356,1,0.5147,1
2015-10-08,0.4201,1,0.5959,1
2015-10-09,0.5104,1,0.6027,1
2015-10-12,0.5401,1,0.5254,1
2015-10-13,0.5482,1,0.5026,1
2015-10-14,0.5406,1,0.4764,1
2015-10-15,0.5179,1,0.4826,1
2015-10-16,0.4884,1,0.4553,1
2015-10-19,0.4713,1,0.4399,1
2015-10-20,0.4595,1,0.4432,1
2015-10-21,0.447,1,0.4141,1
2015-10-22,0.4358,1,0.4267,1
2015-10-23,0.4285,1,0.4186,1
2015-10-26,0.4052,1,0.3234,1
2015-10-27,0.3855,1,0.3449,1
2015-10-28,0.3266,1,0.1196,1
2015-10-29,0.2559,1,0.073,0
2015-10-30,0.2047,1,0.1626,1
2015-11-02,0.1352,1,-0.0242,0
2015-11-03,0.0464,0,-0.099,1
2015-11-04,0.0227,1,0.0013,0
2015-11-05,-0.016,0,-0.1208,1
2015-11-06,-0.0444,1,0.0208,0
2015-11-09,-0.022,0,0.0876,1
2015-11-10,0.021,1,0.1161,1
2015-11-11,0.0714,0,0.2531,1
2015-11-12,0.1467,1,0.256,1
2015-11-13,0.1792,1,0.1833,1
2015-11-16,0.2348,1,0.3655,1
2015-11-17,0.2394,1,0.139,1
2015-11-18,0.1959,1,0.0359,0
2015-11-19,0.164,1,0.0965,1
2015-11-20,0.1402,1,0.0644,0
2015-11-23,0.0515,0,-0.0783,1
2015-11-24,0.0228,1,-0.0046,0
2015-11-25,0.0761,0,0.3025,1
2015-11-26,0.0931,1,0.1813,1
2015-11-27,0.0742,0,-0.0299,0
2015-11-30,0.0832,1,-0.0334,1
2015-12-01,0.031,0,-0.2656,-1
2015-12-02,-0.1627,1,-0.6661,-1
2015-12-03,-0.2861,-1,-0.4357,-1
2015-12-04,-0.3844,-1,-0.5214,-1
2015-12-07,-0.4719,-1,-0.4709,-1
2015-12-08,-0.5175,-1,-0.4934,-1
2015-12-09,-0.5199,-1,-0.6782,-1
2015-12-10,-0.554,-1,-0.6062,-1
2015-12-11,-0.55,-1,-0.5013,-1
2015-12-14,-0.587,-1,-0.6561,-1
2015-12-15,-0.5642,-1,-0.3789,-1
2015-12-16,-0.4504,-1,-0.1094,1
2015-12-17,-0.3942,-1,-0.3254,-1
2015-12-18,-0.3713,-1,-0.3867,-1
2015-12-21,-0.309,1,-0.3448,1
2015-12-22,-0.3195,-1,-0.4311,-1
2015-12-23,-0.4257,-1,-0.6407,-1
2015-12-24,-0.4586,-1,-0.49,-1
2015-12-25,-0.4733,-1,-0.4603,-1
2015-12-28,-0.4754,-1,-0.3552,-1
2015-12-29,-0.4234,-1,-0.1708,1
2015-12-30,-0.237,1,0.2911,1
2015-12-31,-0.1272,0,0.0592,0
2016-01-04,-0.075,1,-0.1992,1
2016-01-05,-0.1041,0,-0.5011,-1
2016-01-06,-0.1914,1,-0.6073,-1
2016-01-07,-0.371,-1,-0.6067,-1
2016-01-08,-0.531,-1,-0.7409,-1
2016-01-11,-0.6318,-1,-0.703,-1
2016-01-12,-0.6498,-1,-0.5913,-1
2016-01-13,-0.6629,-1,-0.6728,-1
2016-01-14,-0.6595,-1,-0.5894,-1
2016-01-15,-0.6091,-1,-0.4891,-1
2016-01-18,-0.5368,-1,-0.3415,1
2016-01-19,-0.4657,-1,-0.2357,-1
2016-01-20,-0.3816,-1,-0.252,1
2016-01-21,-0.3023,1,-0.1932,0
2016-01-22,-0.2487,-1,-0.2209,1
2016-01-25,-0.2197,1,-0.1966,0
2016-01-26,-0.2184,-1,-0.2292,1
2016-01-27,-0.2069,1,-0.1948,0
2016-01-28,-0.2241,-1,-0.279,1
2016-01-29,-0.2037,1,-0.1189,0
2016-02-01,-0.1493,0,0.0756,1
2016-02-02,-0.0294,1,0.3701,1
2016-02-03,0.1072,1,0.4884,1
2016-02-04,0.2873,1,0.6212,1
2016-02-05,0.4418,1,0.6537,1
2016-02-15,0.5705,1,0.7189,1
2016-02-16,0.6325,1,0.68,1
2016-02-17,0.6779,1,0.7155,1
2016-02-18,0.6648,1,0.5559,1
2016-02-19,0.6371,1,0.5149,1
2016-02-22,0.5605,1,0.3362,1
2016-02-23,0.4835,1,0.2949,1
2016-02-24,0.3687,1,0.1417,1
2016-02-25,0.2902,1,0.1635,1
2016-02-26,0.1814,1,-0.0293,0
2016-02-29,0.0745,0,-0.1982,1
2016-03-01,-0.014,1,-0.1476,0
2016-03-02,-0.0781,0,-0.179,1
2016-03-03,-0.1412,1,-0.152,0
2016-03-04,-0.2085,-1,-0.3654,-1
2016-03-07,-0.2455,1,-0.3836,-1
2016-03-08,-0.2978,-1,-0.4088,-1
2016-03-09,-0.3428,1,-0.4043,-1
2016-03-10,-0.3964,-1,-0.4197,-1
2016-03-11,-0.4012,-1,-0.3894,-1
2016-03-14,-0.3911,-1,-0.3331,1
2016-03-15,-0.3891,-1,-0.3991,-1
2016-03-16,-0.3964,-1,-0.4407,-1
2016-03-17,-0.3598,-1,-0.2366,1
2016-03-18,-0.3191,1,-0.1863,0
2016-03-21,-0.2585,-1,-0.0299,1
2016-03-22,-0.1748,1,0.0193,0
2016-03-23,-0.0441,0,0.2132,1
2016-03-24,0.0472,1,0.2197,1
2016-03-25,0.1425,1,0.2902,1
2016-03-28,0.2322,1,0.4186,1
2016-03-29,0.302,1,0.3685,1
2016-03-30,0.3534,1,0.4698,1
2016-03-31,0.4066,1,0.486,1
2016-04-01,0.4606,1,0.5602,1
2016-04-05,0.496,1,0.5956,1
2016-04-06,0.5379,1,0.578,1
2016-04-07,0.5395,1,0.4779,1
2016-04-08,0.5319,1,0.4479,1
2016-04-11,0.5171,1,0.4859,1
2016-04-12,0.4657,1,0.3387,1
2016-04-13,0.417,1,0.3346,1
2016-04-14,0.4068,1,0.4266,1
2016-04-15,0.362,1,0.2241,1
2016-04-18,0.2716,1,0.0337,0
2016-04-19,0.1883,1,-0.0777,1
2016-04-20,0.0804,0,-0.2051,-1
2016-04-21,-0.0782,1,-0.3663,-1
2016-04-22,-0.1797,0,-0.2831,1
2016-04-25,-0.2385,1,-0.2605,-1
2016-04-26,-0.262,-1,-0.1951,1
2016-04-27,-0.2539,1,-0.1647,0
2016-04-28,-0.2276,-1,-0.2345,1
2016-04-29,-0.2184,1,-0.2373,-1
2016-05-03,-0.1797,0,-0.0671,1
2016-05-04,-0.1763,1,-0.1779,0
2016-05-05,-0.1916,0,-0.2414,1
2016-05-06,-0.1986,1,-0.2695,-1
2016-05-09,-0.2066,-1,-0.2772,1
2016-05-10,-0.266,1,-0.3642,-1
2016-05-11,-0.3172,-1,-0.4338,-1
2016-05-12,-0.3517,-1,-0.4138,-1
2016-05-13,-0.3919,-1,-0.4705,-1
2016-05-16,-0.4173,-1,-0.4042,-1
2016-05-17,-0.3981,-1,-0.2682,1
2016-05-18,-0.3834,-1,-0.3602,-1
2016-05-19,-0.3328,1,-0.1607,1
2016-05-20,-0.2271,-1,0.058,0
2016-05-23,-0.1399,1,0.0315,1
2016-05-24,-0.0671,0,0.0962,0
2016-05-25,0.0051,1,0.0005,1
2016-05-26,0.0416,0,0.022,0
2016-05-27,0.0237,1,-0.0316,1
2016-05-30,0.0169,0,-0.0025,0
2016-05-31,0.0189,1,0.1061,1
2016-06-01,0.0538,0,0.1748,1
2016-06-02,0.0973,1,0.2399,1
2016-06-03,0.1776,1,0.3699,1
2016-06-06,0.2586,1,0.4023,1
2016-06-07,0.3348,1,0.4872,1
2016-06-08,0.4344,1,0.6727,1
2016-06-13,0.4643,1,0.3893,1
2016-06-14,0.4736,1,0.4167,1
2016-06-15,0.4996,1,0.5323,1
2016-06-16,0.4751,1,0.3645,1
2016-06-17,0.43,1,0.447,1
2016-06-20,0.4292,1,0.3854,1
2016-06-21,0.3964,1,0.2526,1
2016-06-22,0.3575,1,0.3382,1
2016-06-23,0.3546,1,0.3496,1
2016-06-24,0.3407,1,0.3779,1
2016-06-27,0.3672,1,0.5179,1
2016-06-28,0.4469,1,0.6508,1
2016-06-29,0.5015,1,0.6114,1
2016-06-30,0.5141,1,0.4123,1
2016-07-01,0.4855,1,0.235,1
2016-07-04,0.4037,1,0.109,1
2016-07-05,0.2654,1,-0.0408,0
2016-07-06,0.1308,1,-0.0616,1
2016-07-07,0.044,0,-0.0216,0
2016-07-08,0.0091,1,0.0603,1
2016-07-11,0.0285,0,0.2062,1
2016-07-12,0.0614,1,0.124,1
2016-07-13,0.0781,0,0.0215,0
2016-07-14,0.1075,1,0.1254,1
2016-07-15,0.085,0,-0.0521,0
2016-07-18,-0.0048,1,-0.2427,1
2016-07-19,-0.0158,0,0.0687,0
2016-07-20,-0.0383,1,-0.0908,1
2016-07-21,-0.0953,0,-0.1593,0
2016-07-22,-0.1095,1,-0.1231,1
2016-07-25,-0.1439,0,-0.4149,-1
2016-07-26,-0.2645,1,-0.5346,-1
2016-07-27,-0.3885,-1,-0.7106,-1
2016-07-28,-0.5149,-1,-0.7917,-1
2016-07-29,-0.641,-1,-0.7535,-1
2016-08-01,-0.7087,-1,-0.7534,-1
2016-08-02,-0.7412,-1,-0.697,-1
2016-08-03,-0.7272,-1,-0.6405,-1
2016-08-04,-0.6847,-1,-0.5792,-1
2016-08-05,-0.6687,-1,-0.6735,-1
2016-08-08,-0.6334,-1,-0.5769,-1
2016-08-09,-0.5882,-1,-0.4706,-1
2016-08-10,-0.5789,-1,-0.5942,-1
2016-08-11,-0.5933,-1,-0.6512,-1
2016-08-12,-0.5796,-1,-0.6052,-1
2016-08-15,-0.5598,-1,-0.4779,-1
2016-08-16,-0.5683,-1,-0.513,-1
2016-08-17,-0.5468,-1,-0.4869,-1
2016-08-18,-0.5138,-1,-0.4858,-1
2016-08-19,-0.4844,-1,-0.4584,-1
2016-08-22,-0.4792,-1,-0.4521,-1
2016-08-23,-0.4528,-1,-0.381,-1
2016-08-24,-0.3559,-1,-0.0023,1
2016-08-25,-0.2162,1,0.2129,1
2016-08-26,-0.066,0,0.2928,1
2016-08-29,0.0929,1,0.3421,1
2016-08-30,0.2397,1,0.3533,1
2016-08-31,0.3094,1,0.3458,1
2016-09-01,0.3157,1,0.2448,1
2016-09-02,0.3168,1,0.2978,1
2016-09-05,0.3167,1,0.3418,1
2016-09-06,0.3203,1,0.3715,1
2016-09-07,0.3238,1,0.363,1
2016-09-08,0.358,1,0.416,1
2016-09-09,0.3987,1,0.5013,1
2016-09-12,0.3952,1,0.3241,1
2016-09-13,0.3748,1,0.2698,1
2016-09-14,0.3542,1,0.2597,1
2016-09-19,0.3383,1,0.3365,1
2016-09-20,0.2943,1,0.2813,1
2016-09-21,0.3087,1,0.3961,1
2016-09-22,0.3096,1,0.2741,1
2016-09-23,0.2898,1,0.1609,1
2016-09-26,0.2327,1,0.0512,0
2016-09-27,0.1795,1,0.0151,1
2016-09-28,0.1044,1,0.0204,0
2016-09-29,0.0499,0,0.0017,1
2016-09-30,0.0331,1,0.0768,0
2016-10-10,0.0672,0,0.2219,1
2016-10-11,0.1129,1,0.2437,1
2016-10-12,0.1568,1,0.2397,1
2016-10-13,0.1831,1,0.1336,1
2016-10-14,0.1902,1,0.1121,1
2016-10-17,0.1545,1,0.0436,0
2016-10-18,0.1097,1,0.0194,1
2016-10-19,0.0688,0,0.0352,0
2016-10-20,0.0499,1,0.0393,1
2016-10-21,-0.0169,0,-0.2221,-1
2016-10-24,-0.0803,1,-0.2731,1
2016-10-25,-0.1497,0,-0.3277,-1
2016-10-26,-0.227,1,-0.3515,-1
2016-10-27,-0.2694,-1,-0.1725,1
2016-10-28,-0.2585,1,-0.1678,0
2016-10-31,-0.2228,-1,-0.0946,1
2016-11-01,-0.1764,1,-0.0956,0
2016-11-02,-0.1164,0,-0.0514,1
2016-11-03,-0.1107,1,-0.1442,0
2016-11-04,-0.1199,0,-0.2137,1
2016-11-07,-0.2004,1,-0.4969,-1
2016-11-08,-0.2723,-1,-0.4552,-1
2016-11-09,-0.3628,-1,-0.5038,-1
2016-11-10,-0.4456,-1,-0.5582,-1
2016-11-11,-0.4846,-1,-0.4088,-1
2016-11-14,-0.4544,-1,-0.3459,1
2016-11-15,-0.4084,-1,-0.225,-1
2016-11-16,-0.3235,1,-0.0796,1
2016-11-17,-0.2767,-1,-0.324,-1
2016-11-18,-0.2285,1,-0.1679,1
2016-11-21,-0.2223,-1,-0.3148,-1
2016-11-22,-0.2221,1,-0.2241,1
2016-11-23,-0.2808,-1,-0.3731,-1
2016-11-24,-0.3346,1,-0.5929,-1
2016-11-25,-0.4216,-1,-0.6032,-1
2016-11-28,-0.4995,-1,-0.7041,-1
2016-11-29,-0.5903,-1,-0.6781,-1
2016-11-30,-0.6067,-1,-0.4553,-1
2016-12-01,-0.5906,-1,-0.5122,-1
2016-12-02,-0.577,-1,-0.5355,-1
2016-12-05,-0.4829,-1,-0.2335,1
2016-12-06,-0.3988,-1,-0.2576,-1
2016-12-07,-0.3518,-1,-0.2201,1
2016-12-08,-0.2784,1,-0.1451,0
2016-12-09,-0.2078,-1,-0.1827,1
2016-12-12,-0.2451,1,-0.42,-1
2016-12-13,-0.3039,-1,-0.5514,-1
2016-12-14,-0.3874,-1,-0.6379,-1
2016-12-15,-0.428,-1,-0.3479,1
2016-12-16,-0.4443,-1,-0.2641,-1
2016-12-19,-0.4164,-1,-0.2808,1
2016-12-20,-0.3375,1,-0.1567,0
2016-12-21,-0.2393,-1,-0.1469,1
2016-12-22,-0.1756,1,-0.0293,0
2016-12-23,-0.1199,0,0.0143,1
2016-12-26,-0.0145,1,0.246,1
2016-12-27,0.061,0,0.2208,1
2016-12-28,0.0726,1,-0.0888,0
2016-12-29,0.1078,1,0.1466,1
2016-12-30,0.1577,1,0.2638,1
2017-01-03,0.0838,0,-0.1236,0
2017-01-04,0.0319,1,-0.0383,1
2017-01-05,0.0215,0,-0.1411,0
2017-01-06,-0.0594,1,-0.2579,1
2017-01-09,-0.1354,0,-0.1161,0
2017-01-10,-0.0767,1,0.1699,1
2017-01-11,-0.0196,0,0.2473,1
2017-01-12,0.0865,1,0.3892,1
2017-01-13,0.156,1,0.0897,0
2017-01-16,0.089,0,-0.451,-1
2017-01-17,0.0245,1,-0.1529,1
2017-01-18,-0.1246,0,-0.4979,-1
2017-01-19,-0.2744,1,-0.3598,-1
2017-01-20,-0.3078,-1,-0.0774,1
2017-01-23,-0.2428,1,-0.126,0
2017-01-24,-0.2774,-1,-0.326,1
2017-01-25,-0.2307,1,-0.2643,-1
2017-01-26,-0.1913,0,-0.1629,1
2017-02-03,-0.1865,1,-0.0534,0
2017-02-06,-0.1679,0,-0.0328,1
2017-02-07,-0.089,1,0.0684,0
2017-02-08,-0.0176,0,0.0926,1
2017-02-09,0.0541,1,0.1956,1
2017-02-10,0.0732,0,0.0423,0
2017-02-13,0.0976,1,0.0892,1
2017-02-14,0.0863,0,0.0116,0
2017-02-15,0.047,1,-0.1039,1
2017-02-16,-0.0323,0,-0.2005,-1
2017-02-17,-0.0235,1,0.086,1
2017-02-20,0.0184,0,0.2986,1
2017-02-21,0.076,1,0.2996,1
2017-02-22,0.1838,1,0.4353,1
2017-02-23,0.3377,1,0.5691,1
2017-02-24,0.4348,1,0.5715,1
2017-02-27,0.5011,1,0.6299,1
2017-02-28,0.5853,1,0.7206,1
2017-03-01,0.6319,1,0.6683,1
2017-03-02,0.6426,1,0.6229,1
2017-03-03,0.6476,1,0.5964,1
2017-03-06,0.6558,1,0.6706,1
2017-03-07,0.659,1,0.7367,1
2017-03-08,0.6456,1,0.6014,1
2017-03-09,0.6486,1,0.638,1
2017-03-10,0.6804,1,0.7554,1
2017-03-13,0.6964,1,0.7507,1
2017-03-14,0.695,1,0.7296,1
2017-03-15,0.7199,1,0.7256,1
2017-03-16,0.739,1,0.7337,1
2017-03-17,0.7185,1,0.6529,1
2017-03-20,0.709,1,0.7031,1
2017-03-21,0.6846,1,0.6075,1
2017-03-22,0.6686,1,0.646,1
2017-03-23,0.6294,1,0.5374,1
2017-03-24,0.5802,1,0.4069,1
2017-03-27,0.4967,1,0.2858,1
2017-03-28,0.4362,1,0.3052,1
2017-03-29,0.3406,1,0.1679,1
2017-03-30,0.2323,1,-0.0042,0
2017-03-31,0.1319,1,-0.0949,1
2017-04-05,0.0203,0,-0.2724,-1
2017-04-06,-0.131,1,-0.4517,-1
2017-04-07,-0.2422,-1,-0.388,-1
2017-04-10,-0.3553,-1,-0.5698,-1
2017-04-11,-0.4556,-1,-0.5963,-1
2017-04-12,-0.531,-1,-0.6494,-1
2017-04-13,-0.5591,-1,-0.5921,-1
2017-04-14,-0.5909,-1,-0.547,-1
2017-04-17,-0.5995,-1,-0.6126,-1
2017-04-18,-0.6046,-1,-0.6221,-1
2017-04-19,-0.5766,-1,-0.5094,-1
2017-04-20,-0.5521,-1,-0.4692,-1
2017-04-21,-0.5507,-1,-0.54,-1
2017-04-24,-0.5171,-1,-0.4449,-1
2017-04-25,-0.4814,-1,-0.4432,-1
2017-04-26,-0.4518,-1,-0.3615,-1
2017-04-27,-0.4219,-1,-0.3197,1
2017-04-28,-0.3456,1,-0.1585,0
2017-05-02,-0.2679,-1,-0.0568,1
2017-05-03,-0.186,1,-0.0336,0
2017-05-04,-0.131,0,-0.0864,1
2017-05-05,-0.0726,1,-0.0279,0
2017-05-08,-0.044,0,-0.0154,1
2017-05-09,0.0001,1,0.164,1
2017-05-10,0.0599,0,0.265,1
2017-05-11,0.121,1,0.2192,1
2017-05-12,0.1604,1,0.1694,1
2017-05-15,0.2004,1,0.1842,1
2017-05-16,0.2283,1,0.3034,1
2017-05-17,0.2542,1,0.3946,1
2017-05-18,0.274,1,0.3183,1
2017-05-19,0.2915,1,0.257,1
2017-05-22,0.3127,1,0.2901,1
2017-05-23,0.2609,1,0.0443,0
2017-05-24,0.2113,1,0.1466,1
2017-05-25,0.1527,1,0.0256,0
2017-05-26,0.0849,0,-0.0821,1
2017-05-31,0.0022,1,-0.1236,0
2017-06-01,-0.037,0,-0.1515,1
2017-06-02,-0.0938,1,-0.1376,0
2017-06-05,-0.0855,0,0.0671,1
2017-06-06,-0.0477,1,0.107,1
2017-06-07,0.0002,0,0.1162,1
2017-06-08,0.0441,1,0.0678,0
2017-06-09,0.0664,0,-0.0261,1
2017-06-12,0.0331,1,-0.0996,0
2017-06-13,0.0194,0,0.0388,1
2017-06-14,0.0047,1,0.0428,0
2017-06-15,0.0215,0,0.1515,1
2017-06-16,0.0592,1,0.1626,1
2017-06-19,0.1058,1,0.1332,1
2017-06-20,0.1317,1,0.1685,1
2017-06-21,0.1542,1,0.155,1
2017-06-22,0.1576,1,0.1685,1
2017-06-23,0.1449,1,0.0993,0
2017-06-26,0.1498,1,0.1579,1
2017-06-27,0.1594,1,0.2163,1
2017-06-28,0.1661,1,0.1882,1
2017-06-29,0.1897,1,0.2868,1
2017-06-30,0.2199,1,0.2505,1
2017-07-03,0.2053,1,0.0844,0
2017-07-04,0.1846,1,0.1132,1
2017-07-05,0.1662,1,0.0958,0
2017-07-06,0.133,1,0.1209,1
2017-07-07,0.1124,1,0.1476,1
2017-07-10,0.1194,1,0.1194,1
2017-07-11,0.0738,0,-0.1145,0
2017-07-12,0.0333,1,-0.1068,1
2017-07-13,-0.0934,0,-0.5126,-1
2017-07-14,-0.2477,1,-0.6242,-1
2017-07-17,-0.428,-1,-0.7819,-1
2017-07-18,-0.5656,-1,-0.8028,-1
2017-07-19,-0.6939,-1,-0.7478,-1
2017-07-20,-0.7211,-1,-0.6489,-1
2017-07-21,-0.7197,-1,-0.617,-1
2017-07-24,-0.6783,-1,-0.5752,-1
2017-07-25,-0.6305,-1,-0.5635,-1
2017-07-26,-0.5759,-1,-0.4752,-1
2017-07-27,-0.4855,-1,-0.1967,1
2017-07-28,-0.4169,-1,-0.2739,-1
2017-07-31,-0.3851,-1,-0.416,-1
2017-08-01,-0.3609,-1,-0.4427,-1
2017-08-02,-0.3535,-1,-0.4381,-1
2017-08-03,-0.3992,-1,-0.4252,-1
2017-08-04,-0.4392,-1,-0.4738,-1
2017-08-07,-0.4275,-1,-0.3577,-1
2017-08-08,-0.3648,-1,-0.129,1
2017-08-09,-0.3101,1,-0.1648,0
2017-08-10,-0.2172,-1,0.0392,1
2017-08-11,-0.0558,1,0.3332,1
2017-08-14,0.1492,1,0.6672,1
2017-08-15,0.3154,1,0.7022,1
2017-08-16,0.5015,1,0.7657,1
2017-08-17,0.6361,1,0.7122,1
2017-08-18,0.6985,1,0.6451,1
2017-08-21,0.6922,1,0.6358,1
2017-08-22,0.6734,1,0.608,1
2017-08-23,0.647,1,0.6337,1
2017-08-24,0.5909,1,0.4321,1
2017-08-25,0.5394,1,0.3872,1
2017-08-28,0.508,1,0.4791,1
2017-08-29,0.474,1,0.4379,1
2017-08-30,0.4314,1,0.4205,1
2017-08-31,0.4438,1,0.4942,1
2017-09-01,0.4778,1,0.5571,1
2017-09-04,0.505,1,0.6153,1
2017-09-05,0.5327,1,0.5763,1
2017-09-06,0.5576,1,0.545,1
2017-09-07,0.5595,1,0.5038,1
2017-09-08,0.5271,1,0.3952,1
2017-09-11,0.4563,1,0.2613,1
2017-09-12,0.3718,1,0.1538,1
2017-09-13,0.2731,1,0.0513,0
2017-09-14,0.1832,1,0.0545,1
2017-09-15,0.1354,1,0.1563,1
2017-09-18,0.1261,1,0.2145,1
2017-09-19,0.1354,1,0.2005,1
2017-09-20,0.1558,1,0.1534,1
2017-09-21,0.1643,1,0.097,0
2017-09-22,0.1647,1,0.1581,1
2017-09-25,0.1369,1,0.0755,0
2017-09-26,0.1092,1,0.0619,1
2017-09-27,0.1114,1,0.1647,1
2017-09-28,0.1104,1,0.0917,0
2017-09-29,0.0988,0,0.1002,1
2017-10-09,0.0791,1,-0.0232,0
2017-10-10,0.0685,0,0.0088,1
2017-10-11,0.0118,1,-0.1187,0
2017-10-12,-0.0334,0,-0.1342,1
2017-10-13,-0.0652,1,-0.0585,0
2017-10-16,-0.1123,0,-0.2588,1
2017-10-17,-0.1358,1,-0.1088,0
2017-10-18,-0.1477,0,-0.1783,1
2017-10-19,-0.1485,1,-0.1383,0
2017-10-20,-0.1817,0,-0.2242,1
2017-10-23,-0.1796,1,-0.2483,-1
2017-10-24,-0.2185,-1,-0.3033,1
2017-10-25,-0.2329,1,-0.2502,-1
2017-10-26,-0.2365,-1,-0.1563,1
2017-10-27,-0.2262,1,-0.1731,0
2017-10-30,-0.2289,-1,-0.2615,1
2017-10-31,-0.1804,1,-0.0609,0
2017-11-01,-0.162,0,-0.1584,1
2017-11-02,-0.177,1,-0.2311,-1
2017-11-03,-0.1854,0,-0.215,1
2017-11-06,-0.1586,1,-0.1274,0
2017-11-07,-0.2054,-1,-0.2952,1
2017-11-08,-0.2131,1,-0.1969,0
2017-11-09,-0.2044,-1,-0.1874,1
2017-11-10,-0.1866,1,-0.1259,0
2017-11-13,-0.1605,0,0.0028,1
2017-11-14,-0.1315,1,-0.1501,0
2017-11-15,-0.1531,0,-0.3048,1
2017-11-16,-0.1458,1,-0.1508,0
2017-11-17,-0.2142,-1,-0.4678,-1
2017-11-20,-0.2787,1,-0.3201,1
2017-11-21,-0.3135,-1,-0.3242,-1
2017-11-22,-0.3383,1,-0.4285,-1
2017-11-23,-0.4058,-1,-0.4882,-1
2017-11-24,-0.4088,-1,-0.4829,-1
2017-11-27,-0.4367,-1,-0.4598,-1
2017-11-28,-0.4587,-1,-0.4342,-1
2017-11-29,-0.4745,-1,-0.5072,-1
2017-11-30,-0.4766,-1,-0.4991,-1
2017-12-01,-0.4612,-1,-0.4057,-1
2017-12-04,-0.4599,-1,-0.4534,-1
2017-12-05,-0.4732,-1,-0.5005,-1
2017-12-06,-0.4648,-1,-0.4652,-1
2017-12-07,-0.4445,-1,-0.3977,-1
2017-12-08,-0.4412,-1,-0.3893,-1
2017-12-11,-0.41,-1,-0.2972,1
2017-12-12,-0.339,1,-0.1453,0
2017-12-13,-0.2475,-1,-0.0078,1
2017-12-14,-0.1904,1,-0.1124,0
2017-12-15,-0.0871,0,0.1273,1
2017-12-18,-0.05,1,-0.1117,0
2017-12-19,-0.0417,0,-0.1037,1
2017-12-20,-0.0569,1,-0.0841,0
2017-12-21,-0.0257,0,0.0438,1
2017-12-22,-0.0322,1,0.0948,0
2017-12-25,0.0067,0,0.0828,1
2017-12-26,-0.0001,1,-0.1376,0
2017-12-27,0.0116,0,-0.0257,1
2017-12-28,0.0047,1,0.0092,0
2017-12-29,-0.0464,0,-0.1608,1
2018-01-02,-0.1236,1,-0.3028,-1
2018-01-03,-0.0889,0,0.0356,1
2018-01-04,-0.0942,1,-0.0523,0
2018-01-05,-0.1328,0,-0.1837,1
2018-01-08,-0.1702,1,-0.348,-1
2018-01-09,-0.1869,0,-0.386,-1
2018-01-10,-0.2987,1,-0.5238,-1
2018-01-11,-0.3742,-1,-0.4295,-1
2018-01-12,-0.4273,-1,-0.4492,-1
2018-01-15,-0.4841,-1,-0.6322,-1
2018-01-16,-0.5324,-1,-0.6273,-1
2018-01-17,-0.5473,-1,-0.5985,-1
2018-01-18,-0.593,-1,-0.658,-1
2018-01-19,-0.629,-1,-0.629,-1
2018-01-22,-0.6063,-1,-0.5187,-1
2018-01-23,-0.5794,-1,-0.4927,-1
2018-01-24,-0.5203,-1,-0.3033,1
2018-01-25,-0.4465,-1,-0.2889,-1
2018-01-26,-0.3928,-1,-0.3606,-1
2018-01-29,-0.3795,-1,-0.4522,-1
2018-01-30,-0.3223,1,-0.2063,1
2018-01-31,-0.3538,-1,-0.4608,-1
2018-02-01,-0.3929,-1,-0.4844,-1
2018-02-02,-0.4118,-1,-0.4556,-1
2018-02-05,-0.4218,-1,-0.502,-1
2018-02-06,-0.4697,-1,-0.4456,-1
2018-02-07,-0.4263,-1,-0.2442,1
2018-02-08,-0.3572,-1,-0.1385,0
2018-02-09,-0.2363,1,0.1487,1
2018-02-12,-0.0413,0,0.473,1
2018-02-13,0.138,1,0.4508,1
2018-02-14,0.2737,1,0.4342,1
2018-02-22,0.3979,1,0.4828,1
2018-02-23,0.4546,1,0.4319,1
2018-02-26,0.4543,1,0.4719,1
2018-02-27,0.4887,1,0.6227,1
2018-02-28,0.5205,1,0.5931,1
2018-03-01,0.5624,1,0.6922,1
2018-03-02,0.615,1,0.6949,1
2018-03-05,0.6749,1,0.7713,1
2018-03-06,0.6857,1,0.6771,1
2018-03-07,0.707,1,0.6995,1
2018-03-08,0.7126,1,0.7204,1
2018-03-09,0.7276,1,0.7698,1
2018-03-12,0.7378,1,0.8224,1
2018-03-13,0.7605,1,0.7904,1
2018-03-14,0.76,1,0.6969,1
2018-03-15,0.7359,1,0.5999,1
2018-03-16,0.6727,1,0.4539,1
2018-03-19,0.589,1,0.4039,1
2018-03-20,0.521,1,0.4503,1
2018-03-21,0.4682,1,0.4331,1
2018-03-22,0.434,1,0.4289,1
2018-03-23,0.4219,1,0.3932,1
2018-03-26,0.4301,1,0.4451,1
2018-03-27,0.4265,1,0.432,1
2018-03-28,0.4172,1,0.3865,1
2018-03-29,0.3677,1,0.1818,1
2018-03-30,0.3485,1,0.2971,1
2018-04-02,0.2999,1,0.2022,1
2018-04-03,0.2628,1,0.2464,1
2018-04-04,0.2182,1,0.1634,1
2018-04-09,0.2188,1,0.185,1
2018-04-10,0.141,1,-0.0918,0
2018-04-11,0.0568,0,-0.2191,1
2018-04-12,-0.0344,1,-0.2097,-1
2018-04-13,-0.1034,0,-0.1814,1
2018-04-16,-0.1616,1,-0.1062,0
2018-04-17,-0.1864,0,-0.2158,1
2018-04-18,-0.2007,1,-0.2903,-1
2018-04-19,-0.2324,-1,-0.3683,-1
2018-04-20,-0.2648,1,-0.3435,1
2018-04-23,-0.3327,-1,-0.4457,-1
2018-04-24,-0.3582,-1,-0.3433,1
2018-04-25,-0.4037,-1,-0.5176,-1
2018-04-26,-0.4697,-1,-0.6984,-1
2018-04-27,-0.5422,-1,-0.7062,-1
2018-05-02,-0.5747,-1,-0.608,-1
2018-05-03,-0.6437,-1,-0.6884,-1
2018-05-04,-0.6781,-1,-0.6896,-1
2018-05-07,-0.6663,-1,-0.6393,-1
2018-05-08,-0.646,-1,-0.6046,-1
2018-05-09,-0.6449,-1,-0.6027,-1
2018-05-10,-0.5973,-1,-0.4505,-1
2018-05-11,-0.5533,-1,-0.4695,-1
2018-05-14,-0.5227,-1,-0.4863,-1
2018-05-15,-0.4829,-1,-0.4053,-1
2018-05-16,-0.4534,-1,-0.4553,-1
2018-05-17,-0.4356,-1,-0.3615,-1
2018-05-18,-0.4254,-1,-0.4185,-1
2018-05-21,-0.3991,-1,-0.3546,-1
2018-05-22,-0.3631,-1,-0.2257,1
2018-05-23,-0.2891,1,-0.0854,0
2018-05-24,-0.2456,-1,-0.1438,1
2018-05-25,-0.232,1,-0.3508,-1
2018-05-28,-0.2009,-1,-0.1988,1
2018-05-29,-0.2169,1,-0.3056,-1
2018-05-30,-0.258,-1,-0.2908,1
2018-05-31,-0.2986,1,-0.347,-1
2018-06-01,-0.3069,-1,-0.3923,-1
2018-06-04,-0.3622,-1,-0.4754,-1
2018-06-05,-0.3549,-1,-0.2689,1
2018-06-06,-0.3382,1,-0.2071,-1
2018-06-07,-0.3276,-1,-0.2943,1
2018-06-08,-0.2751,1,-0.1299,0
2018-06-11,-0.2195,-1,-0.1973,1
2018-06-12,-0.2248,1,-0.2953,-1
2018-06-13,-0.2755,-1,-0.4609,-1
2018-06-14,-0.3011,1,-0.4221,-1
2018-06-15,-0.3629,-1,-0.4391,-1
2018-06-19,-0.4102,-1,-0.4335,-1
2018-06-20,-0.4406,-1,-0.4475,-1
2018-06-21,-0.469,-1,-0.6029,-1
2018-06-22,-0.482,-1,-0.487,-1
2018-06-25,-0.4542,-1,-0.2999,1
2018-06-26,-0.37,-1,-0.0129,0
2018-06-27,-0.2725,1,0.0404,1
2018-06-28,-0.13,0,0.1093,1
2018-06-29,0.037,1,0.3482,1
2018-07-02,0.2098,1,0.5637,1
2018-07-03,0.3206,1,0.5412,1
2018-07-04,0.3514,1,0.1946,1
2018-07-05,0.3388,1,0.0462,0
2018-07-06,0.2984,1,0.1463,1
2018-07-09,0.2034,1,0.0886,0
2018-07-10,0.1346,1,0.1975,1
2018-07-11,0.1435,1,0.2391,1
2018-07-12,0.2234,1,0.4457,1
2018-07-13,0.3124,1,0.5909,1
2018-07-16,0.4367,1,0.7101,1
2018-07-17,0.5384,1,0.706,1
2018-07-18,0.6046,1,0.5701,1
2018-07-19,0.6422,1,0.6339,1
2018-07-20,0.6208,1,0.4836,1
2018-07-23,0.5294,1,0.2532,1
2018-07-24,0.3981,1,0.0496,0
2018-07-25,0.3083,1,0.121,1
2018-07-26,0.1782,1,-0.0164,0
2018-07-27,0.0363,0,-0.226,1
2018-07-30,-0.1115,1,-0.4858,-1
2018-07-31,-0.2178,-1,-0.4816,-1
2018-08-01,-0.3123,1,-0.3515,-1
2018-08-02,-0.3662,-1,-0.2861,1
2018-08-03,-0.4119,-1,-0.4546,-1
2018-08-06,-0.4288,-1,-0.5701,-1
2018-08-07,-0.452,-1,-0.5975,-1
2018-08-08,-0.5099,-1,-0.6413,-1
2018-08-09,-0.5636,-1,-0.5545,-1
2018-08-10,-0.5823,-1,-0.5483,-1
2018-08-13,-0.5666,-1,-0.4915,-1
2018-08-14,-0.5586,-1,-0.5575,-1
2018-08-15,-0.5358,-1,-0.5272,-1
2018-08-16,-0.5236,-1,-0.4935,-1
2018-08-17,-0.5223,-1,-0.5419,-1
2018-08-20,-0.5223,-1,-0.4911,-1
2018-08-21,-0.4876,-1,-0.384,-1
2018-08-22,-0.469,-1,-0.4347,-1
2018-08-23,-0.4254,-1,-0.275,1
2018-08-24,-0.371,-1,-0.2703,-1
2018-08-27,-0.2696,1,0.0158,1
2018-08-28,-0.1785,0,0.0715,0
2018-08-29,-0.0867,1,0.0243,1
2018-08-30,-0.0296,0,0.0107,0
2018-08-31,0.0255,1,0.005,1
2018-09-03,0.053,0,0.1535,1
2018-09-04,0.0835,1,0.2242,1
2018-09-05,0.1462,1,0.3377,1
2018-09-06,0.1721,1,0.14,1
2018-09-07,0.1748,1,0.0186,0
2018-09-10,0.0992,0,-0.2246,1
2018-09-11,0.044,1,-0.0518,0
2018-09-12,-0.0293,0,-0.0284,1
2018-09-13,-0.0744,1,-0.0856,0
2018-09-14,-0.0829,0,-0.024,1
2018-09-17,-0.0439,1,-0.0298,0
2018-09-18,-0.0558,0,-0.1112,1
2018-09-19,-0.0473,1,0.0142,0
2018-09-20,-0.0504,0,-0.1013,1
2018-09-21,-0.06,1,-0.0719,0
2018-09-25,-0.0856,0,-0.1578,1
2018-09-26,-0.0834,1,-0.1,0
2018-09-27,-0.1195,0,-0.1667,1
2018-09-28,-0.1192,1,-0.0995,0
2018-10-08,-0.1131,0,-0.0413,1
2018-10-09,-0.0991,1,-0.088,0
2018-10-10,-0.1307,0,-0.2579,1
2018-10-11,-0.1818,1,-0.4223,-1
2018-10-12,-0.2493,-1,-0.4368,-1
2018-10-15,-0.2993,1,-0.2917,1
2018-10-16,-0.3236,-1,-0.2095,-1
2018-10-17,-0.3513,-1,-0.3965,-1
2018-10-18,-0.3377,1,-0.3541,-1
2018-10-19,-0.3085,-1,-0.2907,1
2018-10-22,-0.2429,1,0.0362,0
2018-10-23,-0.187,0,0.0699,1
2018-10-24,-0.1232,1,-0.0775,0
2018-10-25,-0.1016,0,-0.2458,1
2018-10-26,-0.1124,1,-0.345,-1
2018-10-29,-0.1658,0,-0.2307,1
2018-10-30,-0.2285,1,-0.2434,-1
2018-10-31,-0.2561,-1,-0.2156,1
2018-11-01,-0.2038,1,0.0156,0
2018-11-02,-0.0821,0,0.2636,1
2018-11-05,0.0409,1,0.3844,1
2018-11-06,0.1597,1,0.3504,1
2018-11-07,0.2984,1,0.4779,1
2018-11-08,0.3986,1,0.5166,1
2018-11-09,0.4664,1,0.6026,1
2018-11-12,0.5088,1,0.5966,1
2018-11-13,0.5683,1,0.6477,1
2018-11-14,0.6056,1,0.6645,1
2018-11-15,0.6404,1,0.6908,1
2018-11-16,0.6497,1,0.6486,1
2018-11-19,0.6292,1,0.4944,1
2018-11-20,0.5926,1,0.4647,1
2018-11-21,0.5611,1,0.507,1
2018-11-22,0.542,1,0.5953,1
2018-11-23,0.5297,1,0.5868,1
2018-11-26,0.5311,1,0.5017,1
2018-11-27,0.5448,1,0.5331,1
2018-11-28,0.541,1,0.488,1
2018-11-29,0.4828,1,0.3044,1
2018-11-30,0.3937,1,0.1413,1
2018-12-03,0.3471,1,0.269,1
2018-12-04,0.3041,1,0.3177,1
2018-12-05,0.2738,1,0.3365,1
2018-12-06,0.2641,1,0.2561,1
2018-12-07,0.2659,1,0.1503,1
2018-12-10,0.2052,1,-0.0346,0
2018-12-11,0.1384,1,-0.0164,1
2018-12-12,0.0528,0,-0.0914,0
2018-12-13,-0.0316,1,-0.1656,1
2018-12-14,-0.1165,0,-0.2747,-1
2018-12-17,-0.1668,1,-0.2857,1
2018-12-18,-0.215,-1,-0.2574,-1
2018-12-19,-0.2697,1,-0.3649,-1
2018-12-20,-0.2994,-1,-0.3146,1
2018-12-21,-0.298,1,-0.2675,-1
2018-12-24,-0.2637,-1,-0.1138,1
2018-12-25,-0.2462,1,-0.1703,0
2018-12-26,-0.2476,-1,-0.3719,-1
2018-12-27,-0.2606,1,-0.3793,-1
2018-12-28,-0.2959,-1,-0.444,-1
2019-01-02,-0.3838,-1,-0.5536,-1
2019-01-03,-0.4864,-1,-0.6831,-1
2019-01-04,-0.5452,-1,-0.666,-1
2019-01-07,-0.5572,-1,-0.4391,-1
2019-01-08,-0.5495,-1,-0.4058,-1
2019-01-09,-0.5075,-1,-0.3435,1
2019-01-10,-0.4388,-1,-0.3394,-1
2019-01-11,-0.3592,-1,-0.2681,1
2019-01-14,-0.3435,1,-0.3607,-1
2019-01-15,-0.2786,-1,-0.0814,1
2019-01-16,-0.2005,1,0.0468,0
2019-01-17,-0.1359,0,-0.0164,1
2019-01-18,-0.0518,1,0.1525,1
2019-01-21,0.0446,0,0.1218,1
2019-01-22,0.0825,1,0.1081,1
2019-01-23,0.0748,0,0.0081,0
2019-01-24,0.0885,1,0.0519,1
2019-01-25,0.1009,1,0.2146,1
2019-01-28,0.1301,1,0.2679,1
2019-01-29,0.1235,1,0.0752,0
2019-01-30,0.1156,1,-0.0315,1
2019-01-31,0.1319,1,0.1333,1
2019-02-01,0.1664,1,0.3871,1
2019-02-11,0.2186,1,0.529,1
2019-02-12,0.3185,1,0.5746,1
2019-02-13,0.4628,1,0.6898,1
2019-02-14,0.5766,1,0.7025,1
2019-02-15,0.6426,1,0.7172,1
2019-02-18,0.7012,1,0.8217,1
2019-02-19,0.7311,1,0.7242,1
2019-02-20,0.7246,1,0.6572,1
2019-02-21,0.7265,1,0.7121,1
2019-02-22,0.7302,1,0.7358,1
2019-02-25,0.6947,1,0.6443,1
2019-02-26,0.6814,1,0.6577,1
2019-02-27,0.6643,1,0.5715,1
2019-02-28,0.642,1,0.6008,1
2019-03-01,0.6046,1,0.5488,1
2019-03-04,0.5979,1,0.6108,1
2019-03-05,0.6045,1,0.6907,1
2019-03-06,0.6226,1,0.6622,1
2019-03-07,0.6313,1,0.6442,1
2019-03-08,0.6432,1,0.6082,1
2019-03-11,0.6291,1,0.5401,1
2019-03-12,0.5896,1,0.4935,1
2019-03-13,0.5178,1,0.303,1
2019-03-14,0.4219,1,0.1646,1
2019-03-15,0.323,1,0.1137,1
2019-03-18,0.2195,1,0.0226,0
2019-03-19,0.1237,1,0.0146,1
2019-03-20,0.0503,0,-0.0641,0
2019-03-21,-0.0068,1,-0.1207,1
2019-03-22,-0.0947,0,-0.3261,-1
2019-03-25,-0.1491,1,-0.2494,1
2019-03-26,-0.2146,-1,-0.3129,-1
2019-03-27,-0.2296,1,-0.139,1
2019-03-28,-0.253,-1,-0.2378,-1
2019-03-29,-0.2109,1,-0.1153,1
2019-04-01,-0.1791,0,-0.0905,0
2019-04-02,-0.1675,1,-0.2551,1
2019-04-03,-0.2026,-1,-0.3141,-1
2019-04-04,-0.2325,1,-0.3875,-1
2019-04-08,-0.3326,-1,-0.616,-1
2019-04-09,-0.4472,-1,-0.6632,-1
2019-04-10,-0.502,-1,-0.5291,-1
2019-04-11,-0.5566,-1,-0.5869,-1
2019-04-12,-0.6021,-1,-0.6154,-1
2019-04-15,-0.6086,-1,-0.6484,-1
2019-04-16,-0.6036,-1,-0.638,-1
2019-04-17,-0.6134,-1,-0.5784,-1
2019-04-18,-0.5907,-1,-0.4733,-1
2019-04-19,-0.5543,-1,-0.4332,-1
2019-04-22,-0.4941,-1,-0.3479,1
2019-04-23,-0.4323,-1,-0.3288,-1
2019-04-24,-0.3649,-1,-0.2415,1
2019-04-25,-0.3295,1,-0.2963,-1
2019-04-26,-0.3058,-1,-0.3148,1
2019-04-29,-0.3162,1,-0.3995,-1
2019-04-30,-0.3476,-1,-0.4861,-1
2019-05-06,-0.4053,-1,-0.5297,-1
2019-05-07,-0.4338,-1,-0.4388,-1
2019-05-08,-0.4332,-1,-0.3121,1
2019-05-09,-0.3931,-1,-0.1988,0
2019-05-10,-0.3198,1,-0.1198,1
2019-05-13,-0.2523,-1,-0.1921,0
2019-05-14,-0.1759,1,-0.0567,1
2019-05-15,-0.1092,0,0.0214,0
2019-05-16,-0.0537,1,0.0789,1
2019-05-17,-0.0336,0,-0.0193,0
2019-05-20,-0.0203,1,-0.1255,1
2019-05-21,-0.0168,0,-0.0391,0
2019-05-22,-0.0241,1,-0.0155,1
2019-05-23,-0.0733,0,-0.167,0
2019-05-24,-0.1146,1,-0.2258,1
2019-05-27,-0.1233,0,-0.1692,0
2019-05-28,-0.144,1,-0.1426,1
2019-05-29,-0.1591,0,-0.0911,0
2019-05-30,-0.1252,1,0.0025,1
2019-05-31,-0.0604,0,0.0985,0
2019-06-03,0.0274,1,0.2699,1
2019-06-04,0.0909,0,0.1747,1
2019-06-05,0.1303,1,0.1057,1
2019-06-06,0.1242,1,-0.0276,0
2019-06-10,0.0888,0,-0.0787,1
2019-06-11,0.0678,1,0.1648,1
2019-06-12,0.068,0,0.1757,1
2019-06-13,0.0672,1,0.1018,1
2019-06-14,0.0899,0,0.0859,0
2019-06-17,0.1222,1,0.0829,1
2019-06-18,0.1211,1,0.1593,1
2019-06-19,0.1298,1,0.2192,1
2019-06-20,0.1513,1,0.2095,1
2019-06-21,0.2436,1,0.5474,1
2019-06-24,0.3465,1,0.597,1
2019-06-25,0.4084,1,0.4687,1
2019-06-26,0.4731,1,0.5428,1
2019-06-27,0.5464,1,0.5758,1
2019-06-28,0.5515,1,0.5732,1
2019-07-01,0.5708,1,0.6933,1
2019-07-02,0.62,1,0.7149,1
2019-07-03,0.629,1,0.588,1
2019-07-04,0.6052,1,0.4568,1
2019-07-05,0.6085,1,0.5892,1
2019-07-08,0.5591,1,0.4466,1
2019-07-09,0.495,1,0.3945,1
2019-07-10,0.4495,1,0.3602,1
2019-07-11,0.4291,1,0.3551,1
2019-07-12,0.3622,1,0.2547,1
2019-07-15,0.3435,1,0.353,1
2019-07-16,0.3161,1,0.2578,1
2019-07-17,0.2724,1,0.1414,1
2019-07-18,0.2124,1,0.0552,0
2019-07-19,0.1347,1,-0.134,1
2019-07-22,0.0443,0,-0.0991,0
2019-07-23,-0.0084,1,-0.0053,1
2019-07-24,-0.0387,0,-0.0102,0
2019-07-25,-0.0684,1,-0.0933,1
2019-07-26,-0.0441,0,-0.0123,0
2019-07-29,-0.0618,1,-0.188,1
2019-07-30,-0.1018,0,-0.205,-1
2019-07-31,-0.0942,1,0.0278,1
2019-08-01,-0.0301,0,0.227,1
2019-08-02,0.0098,1,0.1873,1
2019-08-05,0.0882,0,0.204,1
2019-08-06,0.1755,1,0.2315,1
2019-08-07,0.2165,1,0.2325,1
2019-08-08,0.2329,1,0.3092,1
2019-08-09,0.2532,1,0.2887,1
2019-08-12,0.29,1,0.3879,1
2019-08-13,0.3309,1,0.4362,1
2019-08-14,0.3891,1,0.5235,1
2019-08-15,0.4563,1,0.6451,1
2019-08-16,0.546,1,0.7371,1
2019-08-19,0.6196,1,0.7561,1
2019-08-20,0.6739,1,0.7078,1
2019-08-21,0.6943,1,0.6253,1
2019-08-22,0.6891,1,0.6194,1
2019-08-23,0.6622,1,0.6026,1
2019-08-26,0.6126,1,0.508,1
2019-08-27,0.581,1,0.55,1
2019-08-28,0.5494,1,0.4668,1
2019-08-29,0.5188,1,0.4667,1
2019-08-30,0.4811,1,0.4139,1
2019-09-02,0.478,1,0.4927,1
2019-09-03,0.4705,1,0.5126,1
2019-09-04,0.4528,1,0.3784,1
2019-09-05,0.4342,1,0.3735,1
2019-09-06,0.4235,1,0.3601,1
2019-09-09,0.4041,1,0.3958,1
2019-09-10,0.3704,1,0.3441,1
2019-09-11,0.3127,1,0.0902,0
2019-09-12,0.2352,1,-0.0141,1
2019-09-16,0.1506,1,-0.0629,0
2019-09-17,0.0394,0,-0.1605,1
2019-09-18,-0.0582,1,-0.1438,0
2019-09-19,-0.0764,0,-0.0006,1
2019-09-20,-0.0835,1,-0.0496,0
2019-09-23,-0.0892,0,-0.0918,1
2019-09-24,-0.0565,1,0.003,0
2019-09-25,-0.069,0,-0.2063,1
2019-09-26,-0.1636,1,-0.4733,-1
2019-09-27,-0.2376,-1,-0.4197,-1
2019-09-30,-0.3199,1,-0.5032,-1
2019-10-08,-0.4659,-1,-0.7268,-1
2019-10-09,-0.5796,-1,-0.7751,-1
2019-10-10,-0.5994,-1,-0.5722,-1
2019-10-11,-0.65,-1,-0.6728,-1
2019-10-14,-0.6804,-1,-0.6553,-1
2019-10-15,-0.6828,-1,-0.7386,-1
2019-10-16,-0.6656,-1,-0.689,-1
2019-10-17,-0.6524,-1,-0.5063,-1
2019-10-18,-0.6078,-1,-0.4499,-1
2019-10-21,-0.585,-1,-0.5409,-1
2019-10-22,-0.532,-1,-0.474,-1
2019-10-23,-0.5008,-1,-0.5328,-1
2019-10-24,-0.5292,-1,-0.6483,-1
2019-10-25,-0.5481,-1,-0.5448,-1
2019-10-28,-0.5224,-1,-0.4124,-1
2019-10-29,-0.5183,-1,-0.4531,-1
2019-10-30,-0.474,-1,-0.3113,1
2019-10-31,-0.3612,-1,-0.0845,0
2019-11-01,-0.3051,1,-0.264,1
2019-11-04,-0.2414,-1,-0.0938,0
2019-11-05,-0.1324,1,0.0916,1
2019-11-06,-0.0472,0,0.1147,1
2019-11-07,-0.0396,1,-0.0465,0
2019-11-08,0.0424,0,0.1458,1
2019-11-11,0.0989,1,0.1887,1
2019-11-12,0.1261,1,0.2277,1
2019-11-13,0.1862,1,0.4155,1
2019-11-14,0.2802,1,0.4233,1
2019-11-15,0.3211,1,0.3503,1
2019-11-18,0.3705,1,0.4357,1
2019-11-19,0.4302,1,0.5262,1
2019-11-20,0.4678,1,0.6032,1
2019-11-21,0.508,1,0.6248,1
2019-11-22,0.4902,1,0.2612,1
2019-11-25,0.325,1,-0.3904,-1
2019-11-26,0.1818,1,-0.1901,1
2019-11-27,0.0287,0,-0.1621,0
2019-11-28,-0.1282,1,-0.1599,1
2019-11-29,-0.2227,-1,-0.2109,-1
2019-12-02,-0.2011,1,-0.2825,1
2019-12-03,-0.2247,-1,-0.3079,-1
2019-12-04,-0.2322,1,-0.2,1
2019-12-05,-0.2141,-1,-0.0693,0
2019-12-06,-0.1694,1,0.0127,1
2019-12-09,-0.1414,0,-0.1423,0
2019-12-10,-0.0798,1,0.0002,1
2019-12-11,-0.1054,0,-0.3281,-1
2019-12-12,-0.1715,1,-0.3997,-1
2019-12-13,-0.2421,-1,-0.3405,1
2019-12-16,-0.2571,1,-0.2171,-1
2019-12-17,-0.3471,-1,-0.4501,-1
2019-12-18,-0.3806,-1,-0.4954,-1
2019-12-19,-0.4065,-1,-0.5292,-1
2019-12-20,-0.4197,-1,-0.4067,-1
2019-12-23,-0.3808,-1,-0.0224,1
2019-12-24,-0.306,1,-0.0764,0
2019-12-25,-0.2024,-1,0.0226,1
2019-12-26,-0.1035,1,-0.0346,0
2019-12-27,-0.0209,0,0.0065,1
2019-12-30,-0.016,1,0.0021,0
2019-12-31,0.0133,0,0.0698,1
2020-01-02,0.0096,1,0.004,0
2020-01-03,-0.0316,0,-0.2402,1
2020-01-06,-0.078,1,-0.2256,-1
2020-01-07,-0.0802,0,-0.0088,1
2020-01-08,-0.1166,1,-0.1125,0
2020-01-09,-0.0591,0,0.2915,1
2020-01-10,0.0532,1,0.3212,1
2020-01-13,0.1864,1,0.4405,1
2020-01-14,0.244,1,0.2793,1
2020-01-15,0.3731,1,0.5328,1
2020-01-16,0.4457,1,0.6548,1
2020-01-17,0.5231,1,0.708,1
2020-01-20,0.5951,1,0.8008,1
2020-01-21,0.7035,1,0.8213,1
2020-01-22,0.7589,1,0.8096,1
2020-01-23,0.7643,1,0.6819,1
2020-02-03,0.7683,1,0.7278,1
2020-02-04,0.7706,1,0.8125,1
2020-02-05,0.7695,1,0.8158,1
2020-02-06,0.7705,1,0.8144,1
2020-02-07,0.794,1,0.7997,1
2020-02-10,0.8007,1,0.7611,1
2020-02-11,0.78,1,0.7092,1
2020-02-12,0.7591,1,0.7114,1
2020-02-13,0.7297,1,0.6674,1
2020-02-14,0.6795,1,0.5486,1
2020-02-17,0.642,1,0.5736,1
2020-02-18,0.6079,1,0.5384,1
2020-02-19,0.5673,1,0.5084,1
2020-02-20,0.5174,1,0.4178,1
2020-02-21,0.4985,1,0.4545,1
2020-02-24,0.4935,1,0.5483,1
2020-02-25,0.4935,1,0.5385,1
2020-02-26,0.4185,1,0.1335,1
2020-02-27,0.3463,1,0.0564,0
2020-02-28,0.2419,1,-0.0673,1
2020-03-02,0.0992,0,-0.1652,0
2020-03-03,-0.0677,1,-0.2961,1
2020-03-04,-0.1878,0,-0.4671,-1
2020-03-05,-0.3159,1,-0.5838,-1
2020-03-06,-0.4209,-1,-0.5921,-1
2020-03-09,-0.5219,-1,-0.6702,-1
2020-03-10,-0.5844,-1,-0.6088,-1
2020-03-11,-0.6284,-1,-0.6871,-1
2020-03-12,-0.6537,-1,-0.7104,-1
2020-03-13,-0.668,-1,-0.6636,-1
2020-03-16,-0.6893,-1,-0.7768,-1
2020-03-17,-0.723,-1,-0.7769,-1
2020-03-18,-0.7285,-1,-0.715,-1
2020-03-19,-0.7182,-1,-0.6587,-1
2020-03-20,-0.7204,-1,-0.6743,-1
2020-03-23,-0.7107,-1,-0.7285,-1
2020-03-24,-0.6995,-1,-0.7207,-1
2020-03-25,-0.6554,-1,-0.4946,-1
2020-03-26,-0.6268,-1,-0.5156,-1
2020-03-27,-0.5893,-1,-0.4867,-1
2020-03-30,-0.5449,-1,-0.507,-1
2020-03-31,-0.4873,-1,-0.4327,-1
2020-04-01,-0.4555,-1,-0.3355,1
2020-04-02,-0.3933,-1,-0.2045,-1
2020-04-03,-0.337,1,-0.2053,1
2020-04-07,-0.2323,-1,0.0163,0
2020-04-08,-0.1572,1,-0.0571,1
2020-04-09,-0.0803,0,0.0491,0
2020-04-10,-0.0315,1,0.0395,1
2020-04-13,0.0114,0,0.0092,0
2020-04-14,0.0695,1,0.3068,1
2020-04-15,0.1481,1,0.336,1
2020-04-16,0.2084,1,0.3506,1
2020-04-17,0.2641,1,0.318,1
2020-04-20,0.3392,1,0.3845,1
2020-04-21,0.3732,1,0.477,1
2020-04-22,0.4142,1,0.5409,1
2020-04-23,0.4306,1,0.4325,1
2020-04-24,0.4548,1,0.4391,1
2020-04-27,0.4987,1,0.6038,1
2020-04-28,0.5524,1,0.7455,1
2020-04-29,0.5504,1,0.5311,1
2020-04-30,0.5668,1,0.5146,1
2020-05-06,0.5726,1,0.4681,1
2020-05-07,0.5479,1,0.4801,1
2020-05-08,0.4679,1,0.3455,1
2020-05-11,0.4094,1,0.2389,1
2020-05-12,0.3661,1,0.2979,1
2020-05-13,0.3687,1,0.4809,1
2020-05-14,0.3754,1,0.514,1
2020-05-15,0.3787,1,0.3617,1
2020-05-18,0.397,1,0.3304,1
2020-05-19,0.4001,1,0.3132,1
2020-05-20,0.336,1,0.1604,1
2020-05-21,0.2455,1,0.0617,0
2020-05-22,0.1754,1,0.0112,1
2020-05-25,0.0818,0,-0.1378,0
2020-05-26,0.0298,1,0.0533,1
2020-05-27,-0.0305,0,-0.1411,0
2020-05-28,-0.1045,1,-0.3081,1
2020-05-29,-0.1674,0,-0.3035,-1
2020-06-01,-0.1213,1,0.0928,1
2020-06-02,-0.1751,0,-0.2155,-1
2020-06-03,-0.2375,1,-0.4533,-1
2020-06-04,-0.275,-1,-0.4956,-1
2020-06-05,-0.2927,1,-0.3921,-1
2020-06-08,-0.3842,-1,-0.3645,-1
2020-06-09,-0.4365,-1,-0.4769,-1
2020-06-10,-0.4307,-1,-0.4244,-1
2020-06-11,-0.4023,-1,-0.3535,-1
2020-06-12,-0.3683,-1,-0.2221,1
2020-06-15,-0.3266,1,-0.1562,0
2020-06-16,-0.252,-1,-0.1038,1
2020-06-17,-0.1451,1,0.1101,1
2020-06-18,-0.0574,0,0.0852,0
2020-06-19,0.0762,1,0.4459,1
2020-06-22,0.2207,1,0.5664,1
2020-06-23,0.3698,1,0.6414,1
2020-06-24,0.4977,1,0.7496,1
2020-06-29,0.643,1,0.8114,1
2020-06-30,0.7126,1,0.7942,1
2020-07-01,0.7084,1,0.5452,1
2020-07-02,0.6504,1,0.3518,1
2020-07-03,0.5193,1,0.0938,0
2020-07-06,0.2757,1,-0.4065,-1
2020-07-07,0.0896,0,-0.136,1
2020-07-08,-0.0259,1,-0.0328,0
2020-07-09,-0.065,0,0.1566,1
2020-07-10,-0.0144,1,0.3468,1
2020-07-13,0.1451,1,0.3909,1
2020-07-14,0.2265,1,0.2712,1
2020-07-15,0.2951,1,0.3101,1
2020-07-16,0.2286,1,-0.1759,0
2020-07-17,0.1607,1,0.007,1
2020-07-20,0.0244,0,-0.2904,-1
2020-07-21,-0.0733,1,-0.2175,1
2020-07-22,-0.1687,0,-0.1666,0
2020-07-23,-0.1784,1,-0.2245,1
2020-07-24,-0.2692,-1,-0.4471,-1
2020-07-27,-0.2957,1,-0.4229,-1
2020-07-28,-0.3449,-1,-0.4634,-1
2020-07-29,-0.3479,1,-0.1816,1
2020-07-30,-0.2841,-1,0.0948,0
2020-07-31,-0.1312,1,0.3171,1
2020-08-03,0.0578,0,0.5219,1
2020-08-04,0.1847,1,0.1714,1
2020-08-05,0.2819,1,0.3041,1
2020-08-06,0.247,1,-0.0793,0
2020-08-07,0.1022,1,-0.4069,-1
2020-08-10,-0.1222,0,-0.6002,-1
2020-08-11,-0.2635,1,-0.5354,-1
2020-08-12,-0.4586,-1,-0.671,-1
2020-08-13,-0.5412,-1,-0.4924,-1
2020-08-14,-0.5623,-1,-0.5124,-1
2020-08-17,-0.5176,-1,-0.3766,-1
2020-08-18,-0.4957,-1,-0.4263,-1
2020-08-19,-0.4783,-1,-0.5838,-1
2020-08-20,-0.4998,-1,-0.5997,-1
2020-08-21,-0.4756,-1,-0.3915,-1
2020-08-24,-0.4623,-1,-0.3102,1
2020-08-25,-0.437,-1,-0.2997,-1
2020-08-26,-0.4011,-1,-0.4045,-1
2020-08-27,-0.3302,1,-0.2453,1
2020-08-28,-0.3093,-1,-0.2868,-1
2020-08-31,-0.3021,1,-0.2742,1
2020-09-01,-0.2587,-1,-0.0829,0
2020-09-02,-0.2056,1,-0.1391,1
2020-09-03,-0.174,0,-0.0873,0
2020-09-04,-0.1312,1,-0.0726,1
2020-09-07,-0.0928,0,-0.0819,0
2020-09-08,-0.1241,1,-0.2394,1
2020-09-09,-0.151,0,-0.2737,-1
2020-09-10,-0.1708,1,-0.1861,1
2020-09-11,-0.1788,0,-0.1126,0
2020-09-14,-0.1348,1,0.1378,1
2020-09-15,-0.0656,0,0.1065,1
2020-09-16,0.0124,1,0.1165,1
2020-09-17,0.0594,0,0.0488,0
2020-09-18,0.0533,1,-0.143,1
2020-09-21,-0.037,0,-0.3138,-1
2020-09-22,-0.1345,1,-0.3808,-1
2020-09-23,-0.1922,0,-0.1723,1
2020-09-24,-0.2615,1,-0.2979,-1
2020-09-25,-0.2883,-1,-0.2768,1
2020-09-28,-0.2922,1,-0.333,-1
2020-09-29,-0.2549,-1,-0.1945,1
2020-09-30,-0.257,1,-0.1828,0
2020-10-09,-0.1787,0,0.0938,1
2020-10-12,-0.063,1,0.3015,1
2020-10-13,0.1407,1,0.6855,1
2020-10-14,0.3292,1,0.7482,1
2020-10-15,0.5148,1,0.7451,1
2020-10-16,0.6215,1,0.627,1
2020-10-19,0.6233,1,0.3108,1
2020-10-20,0.5594,1,0.3659,1
2020-10-21,0.4241,1,0.0717,0
2020-10-22,0.3227,1,0.2383,1
2020-10-23,0.1821,1,-0.0763,0
2020-10-26,0.1744,1,0.2726,1
2020-10-27,0.1993,1,0.4903,1
2020-10-28,0.2939,1,0.5445,1
2020-10-29,0.3177,1,0.3577,1
2020-10-30,0.402,1,0.3448,1
2020-11-02,0.4027,1,0.2765,1
2020-11-03,0.3652,1,0.3027,1
2020-11-04,0.2696,1,0.0662,0
2020-11-05,0.1922,1,-0.0289,1
2020-11-06,0.0449,0,-0.392,-1
2020-11-09,-0.0844,1,-0.3701,-1
2020-11-10,-0.2513,-1,-0.532,-1
2020-11-11,-0.4023,-1,-0.6887,-1
2020-11-12,-0.4934,-1,-0.4843,-1
2020-11-13,-0.4557,-1,-0.2037,1
2020-11-16,-0.4306,-1,-0.2444,-1
2020-11-17,-0.4401,-1,-0.5795,-1
2020-11-18,-0.4272,-1,-0.624,-1
2020-11-19,-0.4173,-1,-0.4351,-1
2020-11-20,-0.3988,-1,-0.111,1
2020-11-23,-0.424,-1,-0.3704,-1
2020-11-24,-0.4075,-1,-0.4968,-1
2020-11-25,-0.4235,-1,-0.7042,-1
2020-11-26,-0.4838,-1,-0.7368,-1
2020-11-27,-0.6038,-1,-0.7108,-1
2020-11-30,-0.6627,-1,-0.6648,-1
2020-12-01,-0.6896,-1,-0.6313,-1
2020-12-02,-0.6649,-1,-0.5807,-1
2020-12-03,-0.6184,-1,-0.5042,-1
2020-12-04,-0.5205,-1,-0.2214,1
2020-12-07,-0.4071,-1,-0.0977,0
2020-12-08,-0.2706,1,0.0509,1
2020-12-09,-0.0994,0,0.2757,1
2020-12-10,0.0578,1,0.2819,1
2020-12-11,0.1415,1,0.197,1
2020-12-14,0.2474,1,0.4318,1
2020-12-15,0.3647,1,0.637,1
2020-12-16,0.4579,1,0.7418,1
2020-12-17,0.5258,1,0.6215,1
2020-12-18,0.6005,1,0.5703,1
2020-12-21,0.6546,1,0.7022,1
2020-12-22,0.6698,1,0.713,1
2020-12-23,0.6656,1,0.7206,1
2020-12-24,0.6854,1,0.7209,1
2020-12-25,0.7096,1,0.6913,1
2020-12-28,0.6931,1,0.6199,1
2020-12-29,0.6712,1,0.6031,1
2020-12-30,0.6479,1,0.6044,1
2020-12-31,0.6232,1,0.5971,1
2021-01-04,0.6059,1,0.6051,1
2021-01-05,0.6031,1,0.6057,1
2021-01-06,0.5866,1,0.5209,1
2021-01-07,0.573,1,0.536,1
2021-01-08,0.5413,1,0.4386,1
2021-01-11,0.508,1,0.4388,1
2021-01-12,0.4689,1,0.4105,1
2021-01-13,0.4223,1,0.2876,1
2021-01-14,0.3617,1,0.2331,1
2021-01-15,0.3122,1,0.1911,1
2021-01-18,0.2718,1,0.2369,1
2021-01-19,0.1949,1,0.0259,0
2021-01-20,0.1618,1,0.122,1
2021-01-21,0.1539,1,0.1934,1
2021-01-22,0.1848,1,0.3457,1
2021-01-25,0.212,1,0.373,1
2021-01-26,0.267,1,0.301,1
2021-01-27,0.2949,1,0.2616,1
2021-01-28,0.2631,1,0.0343,0
2021-01-29,0.1841,1,-0.0495,1
2021-02-01,0.0495,0,-0.2996,-1
2021-02-02,-0.0749,1,-0.321,1
2021-02-03,-0.1975,0,-0.3518,-1
2021-02-04,-0.2968,1,-0.4621,-1
2021-02-05,-0.3667,-1,-0.399,-1
2021-02-08,-0.3896,-1,-0.4142,-1
2021-02-09,-0.4091,-1,-0.4184,-1
2021-02-10,-0.3588,-1,-0.1003,1
2021-02-18,-0.3503,-1,-0.4197,-1
2021-02-19,-0.3629,-1,-0.462,-1
2021-02-22,-0.4152,-1,-0.6757,-1
2021-02-23,-0.4554,-1,-0.6193,-1
2021-02-24,-0.5902,-1,-0.7744,-1
2021-02-25,-0.6708,-1,-0.8225,-1
2021-02-26,-0.7453,-1,-0.8343,-1
2021-03-01,-0.7651,-1,-0.7752,-1
2021-03-02,-0.7843,-1,-0.7153,-1
2021-03-03,-0.7762,-1,-0.7339,-1
2021-03-04,-0.7596,-1,-0.7391,-1
2021-03-05,-0.7306,-1,-0.6894,-1
2021-03-08,-0.7239,-1,-0.7417,-1
2021-03-09,-0.7373,-1,-0.7822,-1
2021-03-10,-0.7331,-1,-0.7132,-1
2021-03-11,-0.7225,-1,-0.6858,-1
2021-03-12,-0.7218,-1,-0.6862,-1
2021-03-15,-0.7231,-1,-0.7483,-1
2021-03-16,-0.7161,-1,-0.7469,-1
2021-03-17,-0.7123,-1,-0.6941,-1
2021-03-18,-0.6878,-1,-0.5636,-1
2021-03-19,-0.6515,-1,-0.5046,-1
2021-03-22,-0.5827,-1,-0.4042,-1
2021-03-23,-0.5026,-1,-0.3467,1
2021-03-24,-0.4174,-1,-0.2679,-1
2021-03-25,-0.3279,1,-0.1163,1
2021-03-26,-0.2336,-1,-0.0328,0
2021-03-29,-0.1739,1,-0.1058,1
2021-03-30,-0.1105,0,-0.0296,0
2021-03-31,-0.0533,1,0.0181,1
2021-04-01,0.0194,0,0.2471,1
2021-04-02,0.0917,1,0.3284,1
2021-04-06,0.2093,1,0.4825,1
2021-04-07,0.3177,1,0.5122,1
2021-04-08,0.4122,1,0.4906,1
2021-04-09,0.4495,1,0.4339,1
2021-04-12,0.4714,1,0.4378,1
2021-04-13,0.513,1,0.6904,1
2021-04-14,0.553,1,0.7123,1
2021-04-15,0.5789,1,0.6201,1
2021-04-16,0.6026,1,0.5524,1
2021-04-19,0.6468,1,0.6584,1
2021-04-20,0.6476,1,0.6947,1
2021-04-21,0.6395,1,0.6717,1
2021-04-22,0.6474,1,0.6598,1
2021-04-23,0.6635,1,0.6328,1
2021-04-26,0.6408,1,0.5449,1
2021-04-27,0.6149,1,0.5656,1
2021-04-28,0.5839,1,0.5164,1
2021-04-29,0.5511,1,0.4959,1
2021-04-30,0.5173,1,0.4639,1
2021-05-06,0.4517,1,0.2169,1
2021-05-07,0.3493,1,0.0534,0
2021-05-10,0.2559,1,0.0495,1
2021-05-11,0.1628,1,0.03,0
2021-05-12,0.0884,0,0.0923,1
2021-05-13,0.0854,1,0.2017,1
2021-05-14,0.105,1,0.1512,1
2021-05-17,0.1383,1,0.216,1
2021-05-18,0.1633,1,0.1551,1
2021-05-19,0.1954,1,0.253,1
2021-05-20,0.1913,1,0.1809,1
2021-05-21,0.1675,1,0.0327,0
2021-05-24,0.1345,1,0.0507,1
2021-05-25,0.1201,1,0.0831,0
2021-05-26,0.0304,0,-0.1954,1
2021-05-27,-0.0228,1,-0.0853,0
2021-05-28,-0.0759,0,-0.2324,1
2021-05-31,-0.1111,1,-0.1256,0
2021-06-01,-0.1261,0,0.0081,1
2021-06-02,-0.1479,1,-0.3044,-1
2021-06-03,-0.1211,0,0.0487,1
2021-06-04,0.0368,1,0.5571,1
2021-06-07,0.1908,1,0.6445,1
2021-06-08,0.2632,1,0.3699,1
2021-06-09,0.3841,1,0.3005,1
2021-06-10,0.4641,1,0.4483,1
2021-06-11,0.4052,1,0.263,1
2021-06-15,0.2933,1,0.0848,0
2021-06-16,0.1745,1,-0.2242,1
2021-06-17,0.1027,1,-0.0586,0
2021-06-18,0.0061,0,-0.0346,1
2021-06-21,0.0242,1,0.3537,1
2021-06-22,0.0438,0,0.1827,1
2021-06-23,0.0882,1,-0.0023,0
2021-06-24,0.1229,1,0.1148,1
2021-06-25,0.1454,1,0.0782,0
2021-06-28,0.1607,1,0.43,1
2021-06-29,0.1753,1,0.2561,1
2021-06-30,0.2467,1,0.3545,1
2021-07-01,0.307,1,0.4163,1
2021-07-02,0.318,1,0.1333,1
2021-07-05,0.2432,1,0.0558,0
2021-07-06,0.1266,1,-0.3268,1
2021-07-07,0.119,1,0.3164,1
2021-07-08,0.1462,1,0.5522,1
2021-07-09,0.132,1,0.0623,0
2021-07-12,0.214,1,0.4661,1
2021-07-13,0.315,1,0.1783,1
2021-07-14,0.3615,1,0.5488,1
2021-07-15,0.3043,1,0.2663,1
2021-07-16,0.2445,1,-0.2369,-1
2021-07-19,0.0783,0,-0.3649,-1
2021-07-20,0.0204,1,-0.1113,1
2021-07-21,-0.0426,0,0.2338,1
2021-07-22,-0.0836,1,0.0614,0
2021-07-23,-0.0822,0,-0.2298,1
2021-07-26,-0.1208,1,-0.5578,-1
2021-07-27,-0.2298,-1,-0.6563,-1
2021-07-28,-0.4024,-1,-0.6297,-1
2021-07-29,-0.4537,-1,-0.1949,1
2021-07-30,-0.4291,-1,-0.1069,0
2021-08-02,-0.3297,1,-0.0606,1
2021-08-03,-0.1516,0,0.2341,1
2021-08-04,-0.0104,1,0.0762,0
2021-08-05,-0.02,0,-0.2426,1
2021-08-06,-0.066,1,-0.337,-1
2021-08-09,-0.1887,0,-0.674,-1
2021-08-10,-0.3324,1,-0.4847,-1
2021-08-11,-0.47,-1,-0.6115,-1
2021-08-12,-0.555,-1,-0.6679,-1
2021-08-13,-0.6092,-1,-0.6077,-1
2021-08-16,-0.6054,-1,-0.6552,-1
2021-08-17,-0.6606,-1,-0.7609,-1
2021-08-18,-0.7052,-1,-0.8343,-1
2021-08-19,-0.702,-1,-0.6521,-1
2021-08-20,-0.7131,-1,-0.6631,-1
2021-08-23,-0.6882,-1,-0.5307,-1
2021-08-24,-0.6295,-1,-0.4674,-1
2021-08-25,-0.5745,-1,-0.5594,-1
2021-08-26,-0.5989,-1,-0.7739,-1
2021-08-27,-0.612,-1,-0.7288,-1
2021-08-30,-0.6488,-1,-0.7143,-1
2021-08-31,-0.7117,-1,-0.7819,-1
2021-09-01,-0.7614,-1,-0.8079,-1
2021-09-02,-0.7729,-1,-0.8316,-1
2021-09-03,-0.7829,-1,-0.7788,-1
2021-09-06,-0.7708,-1,-0.6537,-1
2021-09-07,-0.7507,-1,-0.6815,-1
2021-09-08,-0.7186,-1,-0.6473,-1
2021-09-09,-0.6756,-1,-0.6168,-1
2021-09-10,-0.6224,-1,-0.5126,-1
2021-09-13,-0.5986,-1,-0.5348,-1
2021-09-14,-0.5295,-1,-0.3358,1
2021-09-15,-0.455,-1,-0.275,-1
2021-09-16,-0.3996,-1,-0.3396,1
2021-09-17,-0.321,1,-0.12,0
2021-09-22,-0.2693,-1,-0.2763,1
2021-09-23,-0.2606,1,-0.292,-1
2021-09-24,-0.2297,-1,-0.1208,1
2021-09-27,-0.1206,1,0.2063,1
2021-09-28,-0.0711,0,0.1276,1
2021-09-29,0.0151,1,0.1547,1
2021-09-30,0.1647,1,0.456,1
2021-10-08,0.2927,1,0.5189,1
2021-10-11,0.3814,1,0.6497,1
2021-10-12,0.4915,1,0.6784,1
2021-10-13,0.6007,1,0.7005,1
2021-10-14,0.6574,1,0.7393,1
2021-10-15,0.7089,1,0.7764,1
2021-10-18,0.7255,1,0.733,1
2021-10-19,0.7284,1,0.6927,1
2021-10-20,0.7389,1,0.7535,1
2021-10-21,0.7112,1,0.6006,1
2021-10-22,0.6886,1,0.6634,1
2021-10-25,0.6739,1,0.6592,1
2021-10-26,0.6538,1,0.5922,1
2021-10-27,0.6272,1,0.6207,1
2021-10-28,0.6309,1,0.6191,1
2021-10-29,0.6084,1,0.5508,1
2021-11-01,0.5437,1,0.3359,1
2021-11-02,0.5273,1,0.51,1
2021-11-03,0.4912,1,0.4402,1
2021-11-04,0.4471,1,0.3987,1
2021-11-05,0.425,1,0.4401,1
2021-11-08,0.4465,1,0.4433,1
2021-11-09,0.4342,1,0.4485,1
2021-11-10,0.4026,1,0.2823,1
2021-11-11,0.3619,1,0.1954,1
2021-11-12,0.3071,1,0.166,1
2021-11-15,0.2687,1,0.2513,1
2021-11-16,0.2354,1,0.2819,1
2021-11-17,0.2307,1,0.259,1
2021-11-18,0.2518,1,0.3007,1
2021-11-19,0.2494,1,0.1539,1
2021-11-22,0.2443,1,0.226,1
2021-11-23,0.2174,1,0.1473,1
2021-11-24,0.194,1,0.142,1
2021-11-25,0.1414,1,0.0377,0
2021-11-26,0.0831,0,-0.1376,1
2021-11-29,0.0587,1,0.1039,1
2021-11-30,-0.0313,0,-0.3023,-1
2021-12-01,-0.1489,1,-0.446,-1
2021-12-02,-0.2939,-1,-0.6875,-1
2021-12-03,-0.4241,-1,-0.7885,-1
2021-12-06,-0.61,-1,-0.8259,-1
2021-12-07,-0.7215,-1,-0.8597,-1
2021-12-08,-0.7782,-1,-0.7294,-1
2021-12-09,-0.7502,-1,-0.5474,-1
2021-12-10,-0.6997,-1,-0.5364,-1
2021-12-13,-0.6204,-1,-0.4292,-1
2021-12-14,-0.5378,-1,-0.4466,-1
2021-12-15,-0.5146,-1,-0.6136,-1
2021-12-16,-0.5233,-1,-0.5906,-1
2021-12-17,-0.5507,-1,-0.6736,-1
2021-12-20,-0.6242,-1,-0.7966,-1
2021-12-21,-0.6868,-1,-0.7594,-1
2021-12-22,-0.6976,-1,-0.6677,-1
2021-12-23,-0.7127,-1,-0.6662,-1
2021-12-24,-0.7071,-1,-0.6457,-1
2021-12-27,-0.6845,-1,-0.6836,-1
2021-12-28,-0.6468,-1,-0.5707,-1
2021-12-29,-0.6096,-1,-0.4817,-1
2021-12-30,-0.5497,-1,-0.3669,-1
2021-12-31,-0.4914,-1,-0.3542,-1
2022-01-04,-0.4399,-1,-0.4261,-1
2022-01-05,-0.4311,-1,-0.5264,-1
2022-01-06,-0.4651,-1,-0.6516,-1
2022-01-07,-0.5372,-1,-0.7274,-1
2022-01-10,-0.6101,-1,-0.7189,-1
2022-01-11,-0.6742,-1,-0.7466,-1
2022-01-12,-0.7067,-1,-0.6888,-1
2022-01-13,-0.7081,-1,-0.6589,-1
2022-01-14,-0.6608,-1,-0.4908,-1
2022-01-17,-0.5757,-1,-0.2934,1
2022-01-18,-0.4779,-1,-0.2575,-1
2022-01-19,-0.4013,-1,-0.3061,1
2022-01-20,-0.358,-1,-0.4421,-1
2022-01-21,-0.3412,1,-0.4068,-1
2022-01-24,-0.3393,-1,-0.2841,1
2022-01-25,-0.3149,1,-0.1356,0
2022-01-26,-0.3089,-1,-0.2756,1
2022-01-27,-0.2858,1,-0.3269,-1
2022-01-28,-0.2773,-1,-0.3644,-1
2022-02-07,-0.3213,1,-0.5039,-1
2022-02-08,-0.4053,-1,-0.5559,-1
2022-02-09,-0.417,-1,-0.3339,1
2022-02-10,-0.4363,-1,-0.4232,-1
2022-02-11,-0.4391,-1,-0.3783,-1
2022-02-14,-0.3732,-1,-0.1745,1
2022-02-15,-0.1858,1,0.3808,1
2022-02-16,-0.1004,0,0.0932,0
2022-02-17,0.0648,1,0.4031,1
2022-02-18,0.1257,1,-0.074,0
2022-02-21,0.1146,1,-0.23,1
2022-02-22,0.0207,0,-0.0887,0
2022-02-23,0.098,1,0.4796,1
2022-02-24,0.1338,1,0.5823,1
2022-02-25,0.2891,1,0.7025,1
2022-02-28,0.4636,1,0.6424,1
2022-03-01,0.5833,1,0.5097,1
2022-03-02,0.5643,1,0.3845,1
2022-03-03,0.4821,1,0.1712,1
2022-03-04,0.3814,1,0.1994,1
2022-03-07,0.2937,1,0.2039,1
2022-03-08,0.3369,1,0.7256,1
2022-03-09,0.4044,1,0.722,1
2022-03-10,0.5386,1,0.8424,1
2022-03-11,0.6691,1,0.8519,1
2022-03-14,0.7766,1,0.7411,1
2022-03-15,0.7625,1,0.6551,1
2022-03-16,0.7592,1,0.7053,1
2022-03-17,0.7278,1,0.6857,1
2022-03-18,0.676,1,0.593,1
2022-03-21,0.6555,1,0.6385,1
2022-03-22,0.613,1,0.4426,1
2022-03-23,0.5265,1,0.2727,1
2022-03-24,0.423,1,0.168,1
2022-03-25,0.2786,1,-0.1287,0
2022-03-28,0.0778,0,-0.3654,-1
2022-03-29,-0.0855,1,-0.3743,-1
2022-03-30,-0.1652,0,-0.1257,1
2022-03-31,-0.2069,1,-0.0402,0
2022-04-01,-0.2035,-1,-0.1119,1
2022-04-06,-0.1685,1,-0.1904,0
2022-04-07,-0.1624,0,-0.344,1
2022-04-08,-0.2419,1,-0.5231,-1
2022-04-11,-0.378,-1,-0.7206,-1
2022-04-12,-0.4807,-1,-0.6256,-1
2022-04-13,-0.5699,-1,-0.6364,-1
2022-04-14,-0.6434,-1,-0.711,-1
2022-04-15,-0.6838,-1,-0.7254,-1
2022-04-18,-0.6649,-1,-0.6262,-1
2022-04-19,-0.6508,-1,-0.5551,-1
2022-04-20,-0.6365,-1,-0.5648,-1
2022-04-21,-0.5809,-1,-0.4332,-1
2022-04-22,-0.5568,-1,-0.6046,-1
2022-04-25,-0.5533,-1,-0.6089,-1
2022-04-26,-0.5302,-1,-0.4396,-1
2022-04-27,-0.4231,-1,-0.029,1
2022-04-28,-0.3457,1,-0.0462,0
2022-04-29,-0.2292,-1,-0.0224,1
2022-05-05,-0.083,1,0.1223,1
2022-05-06,0.0397,0,0.1736,1
2022-05-09,0.1183,1,0.3643,1
2022-05-10,0.2138,1,0.4309,1
2022-05-11,0.3456,1,0.6366,1
2022-05-12,0.4679,1,0.7341,1
2022-05-13,0.5545,1,0.6064,1
2022-05-16,0.6049,1,0.6163,1
2022-05-17,0.6502,1,0.6576,1
2022-05-18,0.6578,1,0.6744,1
2022-05-19,0.6217,1,0.5539,1
2022-05-20,0.6297,1,0.6461,1
2022-05-23,0.6317,1,0.6262,1
2022-05-24,0.6178,1,0.5883,1
2022-05-25,0.607,1,0.6205,1
2022-05-26,0.6223,1,0.6306,1
2022-05-27,0.6057,1,0.5628,1
2022-05-30,0.5695,1,0.4452,1
2022-05-31,0.5631,1,0.5563,1
2022-06-01,0.5306,1,0.4583,1
2022-06-02,0.5136,1,0.5455,1
2022-06-06,0.527,1,0.6297,1
2022-06-07,0.5578,1,0.5992,1
2022-06-08,0.5544,1,0.5395,1
2022-06-09,0.5215,1,0.2937,1
2022-06-10,0.4735,1,0.3056,1
2022-06-13,0.4333,1,0.4284,1
2022-06-14,0.3829,1,0.3472,1
2022-06-15,0.315,1,0.2002,1
2022-06-16,0.3155,1,0.2961,1
2022-06-17,0.3304,1,0.38,1
2022-06-20,0.3325,1,0.4389,1
2022-06-21,0.3342,1,0.3559,1
2022-06-22,0.38,1,0.4293,1
2022-06-23,0.4306,1,0.5489,1
2022-06-24,0.4907,1,0.6803,1
2022-06-27,0.5468,1,0.7196,1
2022-06-28,0.6069,1,0.6566,1
2022-06-29,0.5881,1,0.3349,1
2022-06-30,0.5732,1,0.4743,1
2022-07-01,0.4899,1,0.2642,1
2022-07-04,0.3483,1,0.0114,0
2022-07-05,0.2224,1,0.027,1
2022-07-06,0.1784,1,0.1153,1
2022-07-07,0.1752,1,0.4581,1
2022-07-08,0.1652,1,0.2144,1
2022-07-11,0.1098,1,-0.2658,-1
2022-07-12,0.0443,0,-0.3007,1
2022-07-13,0.0167,1,-0.0225,0
2022-07-14,-0.053,0,0.1095,1
2022-07-15,-0.094,1,0.0095,0
2022-07-18,-0.1414,0,-0.5027,-1
2022-07-19,-0.1756,1,-0.4718,-1
2022-07-20,-0.2574,-1,-0.4312,-1
2022-07-21,-0.3686,-1,-0.4466,-1
2022-07-22,-0.5093,-1,-0.6944,-1
2022-07-25,-0.5621,-1,-0.7665,-1
2022-07-26,-0.6193,-1,-0.7581,-1
2022-07-27,-0.6439,-1,-0.5539,-1
2022-07-28,-0.6806,-1,-0.6303,-1
2022-07-29,-0.6695,-1,-0.6389,-1
2022-08-01,-0.629,-1,-0.564,-1
2022-08-02,-0.5599,-1,-0.4126,-1
2022-08-03,-0.5393,-1,-0.4506,-1
2022-08-04,-0.509,-1,-0.479,-1
2022-08-05,-0.4357,-1,-0.2721,1
2022-08-08,-0.3363,1,-0.0672,0
2022-08-09,-0.2069,-1,0.2342,1
2022-08-10,-0.1048,1,0.0602,0
2022-08-11,-0.0568,0,-0.2394,1
2022-08-12,-0.1122,1,-0.5491,-1
2022-08-15,-0.1515,0,-0.2634,1
2022-08-16,-0.2398,1,-0.2076,-1
2022-08-17,-0.309,-1,-0.2853,1
2022-08-18,-0.3094,1,-0.2415,-1
2022-08-19,-0.2813,-1,-0.4086,-1
2022-08-22,-0.2828,1,-0.2708,1
2022-08-23,-0.2979,-1,-0.2833,-1
2022-08-24,-0.344,1,-0.516,-1
2022-08-25,-0.4279,-1,-0.6606,-1
2022-08-26,-0.4623,-1,-0.5807,-1
2022-08-29,-0.5528,-1,-0.7236,-1
2022-08-30,-0.6466,-1,-0.7521,-1
2022-08-31,-0.7046,-1,-0.8058,-1
2022-09-01,-0.736,-1,-0.8179,-1
2022-09-02,-0.7839,-1,-0.8202,-1
2022-09-05,-0.8039,-1,-0.8233,-1
2022-09-06,-0.815,-1,-0.8076,-1
2022-09-07,-0.8004,-1,-0.7331,-1
2022-09-08,-0.7865,-1,-0.7483,-1
2022-09-09,-0.759,-1,-0.6825,-1
2022-09-13,-0.7313,-1,-0.6852,-1
2022-09-14,-0.6991,-1,-0.6463,-1
2022-09-15,-0.6948,-1,-0.7115,-1
2022-09-16,-0.68,-1,-0.6743,-1
2022-09-19,-0.6519,-1,-0.5422,-1
2022-09-20,-0.611,-1,-0.4806,-1
2022-09-21,-0.5951,-1,-0.5671,-1
2022-09-22,-0.5392,-1,-0.4321,-1
2022-09-23,-0.4711,-1,-0.3334,1
2022-09-26,-0.3914,-1,-0.1439,0
2022-09-27,-0.3008,1,-0.0277,1
2022-09-28,-0.2088,-1,-0.1072,0
2022-09-29,-0.0937,1,0.1438,1
2022-09-30,-0.0208,0,0.031,0
2022-10-10,-0.03,1,-0.1897,1
2022-10-11,-0.0292,0,-0.024,0
2022-10-12,0.0072,1,0.0751,1
2022-10-13,-0.0035,0,0.0901,0
2022-10-14,0.0637,1,0.367,1
2022-10-17,0.1881,1,0.4321,1
2022-10-18,0.2784,1,0.4278,1
2022-10-19,0.3498,1,0.4322,1
2022-10-20,0.4641,1,0.6612,1
2022-10-21,0.4973,1,0.5329,1
2022-10-24,0.5302,1,0.5969,1
2022-10-25,0.545,1,0.5017,1
2022-10-26,0.6112,1,0.7632,1
2022-10-27,0.614,1,0.6754,1
2022-10-28,0.6441,1,0.6835,1
2022-10-31,0.6435,1,0.5939,1
2022-11-01,0.6638,1,0.6031,1
2022-11-02,0.6515,1,0.7016,1
2022-11-03,0.6415,1,0.6258,1
2022-11-04,0.6561,1,0.7563,1
2022-11-07,0.6962,1,0.7941,1
2022-11-08,0.7207,1,0.7257,1
2022-11-09,0.6983,1,0.5897,1
2022-11-10,0.6533,1,0.4008,1
2022-11-11,0.5391,1,0.1851,1
2022-11-14,0.3819,1,0.0083,0
2022-11-15,0.2609,1,0.1204,1
2022-11-16,0.1568,1,0.0692,0
2022-11-17,0.0759,0,-0.0036,1
2022-11-18,0.0445,1,0.0283,0
2022-11-21,0.0403,0,-0.0126,1
2022-11-22,-0.0293,1,-0.2279,-1
2022-11-23,-0.1337,0,-0.4527,-1
2022-11-24,-0.2104,1,-0.387,-1
2022-11-25,-0.3361,-1,-0.6004,-1
2022-11-28,-0.467,-1,-0.6668,-1
2022-11-29,-0.5766,-1,-0.7762,-1
2022-11-30,-0.6414,-1,-0.7766,-1
2022-12-01,-0.704,-1,-0.7001,-1
2022-12-02,-0.7259,-1,-0.7097,-1
2022-12-05,-0.746,-1,-0.7673,-1
2022-12-06,-0.7242,-1,-0.6676,-1
2022-12-07,-0.6801,-1,-0.5559,-1
2022-12-08,-0.6354,-1,-0.4763,-1
2022-12-09,-0.5744,-1,-0.4049,-1
2022-12-12,-0.4583,-1,-0.187,1
2022-12-13,-0.41,-1,-0.4258,-1
2022-12-14,-0.3718,-1,-0.365,-1
2022-12-15,-0.3157,1,-0.1956,1
2022-12-16,-0.3033,-1,-0.3428,-1
2022-12-19,-0.319,1,-0.2659,1
2022-12-20,-0.2517,-1,-0.0891,0
2022-12-21,-0.1958,1,-0.0853,1
2022-12-22,-0.1737,0,-0.0853,0
2022-12-23,-0.0844,1,0.1034,1
2022-12-26,0.0297,0,0.3048,1
2022-12-27,0.13,1,0.4123,1
2022-12-28,0.2126,1,0.328,1
2022-12-29,0.2807,1,0.2549,1
2022-12-30,0.2957,1,0.1785,1
2023-01-03,0.3289,1,0.4707,1
2023-01-04,0.287,1,0.2027,1
2023-01-05,0.2929,1,0.3576,1
2023-01-06,0.3487,1,0.534,1
2023-01-09,0.4237,1,0.5537,1
2023-01-10,0.4413,1,0.5583,1
2023-01-11,0.5138,1,0.5657,1
2023-01-12,0.5559,1,0.5677,1
2023-01-13,0.5255,1,0.382,1
2023-01-16,0.5416,1,0.6345,1
2023-01-17,0.5495,1,0.5976,1
2023-01-18,0.5506,1,0.5712,1
2023-01-19,0.5581,1,0.605,1
2023-01-20,0.6006,1,0.5948,1
2023-01-30,0.609,1,0.6762,1
2023-01-31,0.5801,1,0.4532,1
2023-02-01,0.5584,1,0.4626,1
2023-02-02,0.5458,1,0.5423,1
2023-02-03,0.5205,1,0.4681,1
2023-02-06,0.4872,1,0.5097,1
2023-02-07,0.4785,1,0.4096,1
2023-02-08,0.4988,1,0.5642,1
2023-02-09,0.4813,1,0.4551,1
2023-02-10,0.4269,1,0.1958,1
2023-02-13,0.3644,1,0.1972,1
2023-02-14,0.2647,1,-0.0888,0
2023-02-15,0.1729,1,0.1052,1
2023-02-16,0.0616,0,-0.1013,0
2023-02-17,-0.0263,1,-0.2439,1
2023-02-20,-0.1797,0,-0.5696,-1
2023-02-21,-0.2984,1,-0.6823,-1
2023-02-22,-0.4521,-1,-0.6633,-1
2023-02-23,-0.5666,-1,-0.674,-1
2023-02-24,-0.6552,-1,-0.6866,-1
2023-02-27,-0.6932,-1,-0.7598,-1
2023-02-28,-0.6988,-1,-0.7104,-1
2023-03-01,-0.7199,-1,-0.7687,-1
2023-03-02,-0.7469,-1,-0.8091,-1
2023-03-03,-0.7704,-1,-0.804,-1
2023-03-06,-0.7595,-1,-0.7051,-1
2023-03-07,-0.7521,-1,-0.6736,-1
2023-03-08,-0.7281,-1,-0.6488,-1
2023-03-09,-0.6989,-1,-0.6632,-1
2023-03-10,-0.6459,-1,-0.5386,-1
2023-03-13,-0.6267,-1,-0.6094,-1
2023-03-14,-0.5914,-1,-0.4967,-1
2023-03-15,-0.5805,-1,-0.5944,-1
2023-03-16,-0.5643,-1,-0.5824,-1
2023-03-17,-0.5631,-1,-0.5323,-1
2023-03-20,-0.5129,-1,-0.3589,-1
2023-03-21,-0.4566,-1,-0.2148,1
2023-03-22,-0.3858,-1,-0.2407,-1
2023-03-23,-0.3109,1,-0.2077,1
2023-03-24,-0.2195,-1,-0.0752,0
2023-03-27,-0.1335,1,0.0708,1
2023-03-28,-0.0974,0,-0.034,0
2023-03-29,-0.0114,1,0.1889,1
2023-03-30,0.102,1,0.3596,1
2023-03-31,0.2018,1,0.4238,1
2023-04-03,0.2614,1,0.3685,1
2023-04-04,0.3325,1,0.3216,1
2023-04-06,0.3969,1,0.511,1
2023-04-07,0.4293,1,0.5216,1
2023-04-10,0.4278,1,0.416,1
2023-04-11,0.4471,1,0.4651,1
2023-04-12,0.4327,1,0.2496,1
2023-04-13,0.4072,1,0.3838,1
2023-04-14,0.426,1,0.6157,1
2023-04-17,0.4592,1,0.5819,1
2023-04-18,0.4436,1,0.387,1
2023-04-19,0.4302,1,0.1825,1
2023-04-20,0.3657,1,0.0615,0
2023-04-21,0.2266,1,-0.0797,1
2023-04-24,0.0338,0,-0.3824,-1
2023-04-25,-0.1803,1,-0.6834,-1
2023-04-26,-0.294,-1,-0.3858,-1
2023-04-27,-0.4121,-1,-0.5289,-1
2023-04-28,-0.5241,-1,-0.6398,-1
2023-05-04,-0.6024,-1,-0.7743,-1
2023-05-05,-0.6284,-1,-0.8131,-1
2023-05-08,-0.7076,-1,-0.7818,-1
2023-05-09,-0.7634,-1,-0.8082,-1
2023-05-10,-0.7758,-1,-0.7017,-1
2023-05-11,-0.7488,-1,-0.6389,-1
2023-05-12,-0.7053,-1,-0.5958,-1
2023-05-15,-0.6255,-1,-0.3825,-1
2023-05-16,-0.5166,-1,-0.2641,1
2023-05-17,-0.4378,-1,-0.3076,-1
2023-05-18,-0.3644,-1,-0.2717,1
2023-05-19,-0.2654,1,-0.101,0
2023-05-22,-0.2004,-1,-0.0573,1
2023-05-23,-0.1255,1,0.1099,1
2023-05-24,-0.0082,0,0.2792,1
2023-05-25,0.1279,1,0.4089,1
2023-05-26,0.244,1,0.479,1
2023-05-29,0.3037,1,0.2414,1
2023-05-30,0.3356,1,0.2694,1
2023-05-31,0.3484,1,0.3432,1
2023-06-01,0.3893,1,0.6136,1
2023-06-02,0.4284,1,0.6743,1
2023-06-05,0.5137,1,0.6682,1
2023-06-06,0.5816,1,0.6085,1
2023-06-07,0.5889,1,0.3802,1
2023-06-08,0.5166,1,0.252,1
2023-06-09,0.4483,1,0.3324,1
2023-06-12,0.374,1,0.2969,1
2023-06-13,0.3136,1,0.3067,1
2023-06-14,0.2982,1,0.3032,1
2023-06-15,0.3509,1,0.5151,1
2023-06-16,0.38,1,0.4782,1
2023-06-19,0.4192,1,0.4929,1
2023-06-20,0.4591,1,0.5064,1
2023-06-21,0.4608,1,0.3113,1
2023-06-26,0.4241,1,0.3317,1
2023-06-27,0.3904,1,0.3099,1
2023-06-28,0.3652,1,0.3666,1
2023-06-29,0.3375,1,0.3679,1
2023-06-30,0.3629,1,0.4382,1
2023-07-03,0.363,1,0.3323,1
2023-07-04,0.3736,1,0.3631,1
2023-07-05,0.3835,1,0.4161,1
2023-07-06,0.3998,1,0.4491,1
2023-07-07,0.402,1,0.4493,1
2023-07-10,0.4543,1,0.5941,1
2023-07-11,0.496,1,0.5715,1
2023-07-12,0.5012,1,0.4418,1
2023-07-13,0.4899,1,0.3928,1
2023-07-14,0.4502,1,0.2506,1
2023-07-17,0.3045,1,-0.1343,0
2023-07-18,0.1388,1,-0.2569,1
2023-07-19,-0.0471,0,-0.4879,-1
2023-07-20,-0.2388,1,-0.5653,-1
2023-07-21,-0.3786,-1,-0.4487,-1
2023-07-24,-0.472,-1,-0.6011,-1
2023-07-25,-0.5216,-1,-0.5049,-1
2023-07-26,-0.5158,-1,-0.4591,-1
2023-07-27,-0.5043,-1,-0.5076,-1
2023-07-28,-0.5512,-1,-0.6831,-1
2023-07-31,-0.5534,-1,-0.6124,-1
2023-08-01,-0.5825,-1,-0.6502,-1
2023-08-02,-0.6023,-1,-0.558,-1
2023-08-03,-0.5988,-1,-0.4903,-1
2023-08-04,-0.5296,-1,-0.3372,1
2023-08-07,-0.497,-1,-0.4496,-1
2023-08-08,-0.4636,-1,-0.4831,-1
2023-08-09,-0.4436,-1,-0.4578,-1
2023-08-10,-0.4402,-1,-0.4732,-1
2023-08-11,-0.4461,-1,-0.3669,-1
2023-08-14,-0.4382,-1,-0.4102,-1
2023-08-15,-0.4506,-1,-0.5447,-1
2023-08-16,-0.454,-1,-0.475,-1
2023-08-17,-0.4351,-1,-0.3785,-1
2023-08-18,-0.4428,-1,-0.4055,-1
2023-08-21,-0.4276,-1,-0.3343,1
2023-08-22,-0.3914,-1,-0.3638,-1
2023-08-23,-0.3909,-1,-0.4725,-1
2023-08-24,-0.3632,-1,-0.2402,1
2023-08-25,-0.328,1,-0.2294,-1
2023-08-28,-0.3304,-1,-0.3463,1
2023-08-29,-0.2613,1,-0.018,0
2023-08-30,-0.1455,0,0.1064,1
2023-08-31,-0.0679,1,0.1479,1
2023-09-01,-0.0174,0,0.023,0
2023-09-04,0.0414,1,-0.0522,1
2023-09-05,0.063,0,0.0901,0
2023-09-06,0.0628,1,0.1053,1
2023-09-07,0.0097,0,-0.1175,0
2023-09-08,-0.0194,1,-0.1228,1
2023-09-11,0.0016,0,0.053,0
2023-09-12,0.0612,1,0.388,1
2023-09-13,0.1168,1,0.3835,1
2023-09-14,0.1212,1,-0.0956,0
2023-09-15,0.1613,1,0.0775,1
2023-09-18,0.2019,1,0.2561,1
2023-09-19,0.1725,1,0.2413,1
2023-09-20,0.1645,1,0.3433,1
2023-09-21,0.1576,1,-0.1304,0
2023-09-22,0.2029,1,0.3042,1
2023-09-25,0.2611,1,0.547,1
2023-09-26,0.2013,1,-0.0575,0
2023-09-27,0.1092,1,-0.1174,1
2023-09-28,0.1047,1,-0.153,0
2023-10-09,0.0599,0,0.0804,1
2023-10-10,0.0025,1,0.26,1
2023-10-11,0.07,0,0.2803,1
2023-10-12,0.1464,1,0.2646,1
2023-10-13,0.2544,1,0.3871,1
2023-10-16,0.2492,1,0.054,0
2023-10-17,0.1961,1,-0.0054,1
2023-10-18,0.1192,1,-0.1044,0
2023-10-19,0.1052,1,0.1946,1
2023-10-20,0.1218,1,0.4704,1
2023-10-23,0.1699,1,0.2943,1
2023-10-24,0.224,1,0.2649,1
2023-10-25,0.3261,1,0.4064,1
2023-10-26,0.381,1,0.4687,1
2023-10-27,0.4418,1,0.7746,1
2023-10-30,0.5497,1,0.8338,1
2023-10-31,0.6453,1,0.7428,1
2023-11-01,0.7045,1,0.7024,1
2023-11-02,0.6763,1,0.328,1
2023-11-03,0.6372,1,0.5791,1
2023-11-06,0.6088,1,0.6918,1
2023-11-07,0.5871,1,0.6344,1
2023-11-08,0.5595,1,0.5643,1
2023-11-09,0.608,1,0.5706,1
2023-11-10,0.6108,1,0.5931,1
2023-11-13,0.6169,1,0.722,1
2023-11-14,0.6321,1,0.7106,1
2023-11-15,0.6636,1,0.7216,1
2023-11-16,0.6623,1,0.564,1
2023-11-17,0.6663,1,0.6133,1
2023-11-20,0.6462,1,0.6214,1
2023-11-21,0.6027,1,0.4931,1
2023-11-22,0.5367,1,0.3918,1
2023-11-23,0.5104,1,0.4322,1
2023-11-24,0.3849,1,-0.0139,0
2023-11-27,0.1938,1,-0.3343,1
2023-11-28,0.0571,0,-0.19,0
2023-11-29,-0.0414,1,-0.1012,1
2023-11-30,-0.1263,0,0.0078,0
2023-12-01,-0.1914,1,-0.3394,1
2023-12-04,-0.2446,-1,-0.6001,-1
2023-12-05,-0.337,1,-0.652,-1
2023-12-06,-0.4362,-1,-0.5974,-1
2023-12-07,-0.5695,-1,-0.6588,-1
2023-12-08,-0.6156,-1,-0.5696,-1
2023-12-11,-0.6106,-1,-0.5752,-1
2023-12-12,-0.6124,-1,-0.661,-1
2023-12-13,-0.6357,-1,-0.7138,-1
2023-12-14,-0.6334,-1,-0.6474,-1
2023-12-15,-0.6514,-1,-0.6598,-1
2023-12-18,-0.6767,-1,-0.7015,-1
2023-12-19,-0.662,-1,-0.5874,-1
2023-12-20,-0.6193,-1,-0.5002,-1
2023-12-21,-0.5675,-1,-0.3884,-1
2023-12-22,-0.4769,-1,-0.2067,1
2023-12-25,-0.3678,-1,-0.1564,0
2023-12-26,-0.3037,1,-0.2668,1
2023-12-27,-0.2689,-1,-0.3264,-1
2023-12-28,-0.1895,1,0.0087,1
2023-12-29,-0.1327,0,0.0773,0
2024-01-02,-0.1124,1,-0.0549,1
2024-01-03,-0.0895,0,-0.1522,0
2024-01-04,-0.0976,1,-0.3671,-1
2024-01-05,-0.1823,0,-0.4147,-1
2024-01-08,-0.3042,1,-0.5321,-1
2024-01-09,-0.3995,-1,-0.5314,-1
2024-01-10,-0.4447,-1,-0.3783,-1
2024-01-11,-0.3937,-1,-0.1122,1
2024-01-12,-0.3399,1,-0.1453,0
2024-01-15,-0.2923,-1,-0.2941,1
2024-01-16,-0.2138,1,-0.1393,0
2024-01-17,-0.2343,-1,-0.4806,-1
2024-01-18,-0.2317,1,-0.0992,1
2024-01-19,-0.2763,-1,-0.3682,-1
2024-01-22,-0.3161,1,-0.4932,-1
2024-01-23,-0.3916,-1,-0.5168,-1
2024-01-24,-0.4339,-1,-0.6921,-1
2024-01-25,-0.561,-1,-0.7345,-1
2024-01-26,-0.6748,-1,-0.9373,-1
2024-01-29,-0.7662,-1,-0.9504,-1
2024-01-30,-0.8441,-1,-0.9062,-1
2024-01-31,-0.8783,-1,-0.863,-1
2024-02-01,-0.8785,-1,-0.7355,-1
2024-02-02,-0.8382,-1,-0.7361,-1
2024-02-05,-0.7864,-1,-0.6914,-1
2024-02-06,-0.6982,-1,-0.4648,-1
2024-02-07,-0.6034,-1,-0.389,-1
2024-02-08,-0.5291,-1,-0.3643,-1
2024-02-19,-0.4447,-1,-0.314,1
2024-02-20,-0.3607,-1,-0.2715,-1
2024-02-21,-0.3144,1,-0.2334,1
2024-02-22,-0.2452,-1,-0.043,0
2024-02-23,-0.2023,1,-0.1495,1
2024-02-26,-0.1373,0,0.0109,0
2024-02-27,-0.0421,1,0.2044,1
2024-02-28,0.0104,0,0.0293,0
2024-02-29,0.1064,1,0.4367,1
2024-03-01,0.2494,1,0.5654,1
2024-03-04,0.3955,1,0.7418,1
2024-03-05,0.5168,1,0.8109,1
2024-03-06,0.6783,1,0.8365,1
2024-03-07,0.7482,1,0.7863,1
2024-03-08,0.7821,1,0.7351,1
2024-03-11,0.8029,1,0.8459,1
2024-03-12,0.8106,1,0.849,1
2024-03-13,0.7933,1,0.7504,1
2024-03-14,0.769,1,0.6645,1
2024-03-15,0.7383,1,0.5819,1
2024-03-18,0.6954,1,0.6311,1
2024-03-19,0.654,1,0.6419,1
2024-03-20,0.6242,1,0.6014,1
2024-03-21,0.5992,1,0.5398,1
2024-03-22,0.5757,1,0.4645,1
2024-03-25,0.5161,1,0.3329,1
2024-03-26,0.4389,1,0.2559,1
2024-03-27,0.3644,1,0.2291,1
2024-03-28,0.2865,1,0.1501,1
2024-03-29,0.2101,1,0.0826,0
2024-04-01,0.1622,1,0.0934,1
2024-04-02,0.1316,1,0.1028,1
2024-04-03,0.0906,0,0.0243,0
2024-04-08,0.0665,1,0.0294,1
2024-04-09,0.0648,0,0.0743,0
2024-04-10,0.0032,1,-0.2148,1
2024-04-11,-0.0949,0,-0.3877,-1
2024-04-12,-0.1863,1,-0.4325,-1
2024-04-15,-0.2794,-1,-0.4363,-1
2024-04-16,-0.4023,-1,-0.5402,-1
2024-04-17,-0.4785,-1,-0.5957,-1
2024-04-18,-0.5265,-1,-0.6281,-1
2024-04-19,-0.5762,-1,-0.6806,-1
2024-04-22,-0.6114,-1,-0.6122,-1
2024-04-23,-0.6128,-1,-0.5471,-1
2024-04-24,-0.5881,-1,-0.4722,-1
2024-04-25,-0.5604,-1,-0.4896,-1
2024-04-26,-0.4789,-1,-0.2732,1
2024-04-29,-0.3945,-1,-0.1906,0
2024-04-30,-0.3362,1,-0.2555,1
2024-05-06,-0.2927,-1,-0.2546,-1
2024-05-07,-0.2339,1,-0.1954,1
2024-05-08,-0.2162,-1,-0.1851,0
2024-05-09,-0.1763,1,0.0092,1
2024-05-10,-0.1714,0,-0.231,-1
2024-05-13,-0.1639,1,-0.2171,1
2024-05-14,-0.1481,0,-0.1167,0
2024-05-15,-0.1336,1,-0.1125,1
2024-05-16,-0.1493,0,-0.0694,0
2024-05-17,-0.0814,1,0.1089,1
2024-05-20,-0.0073,0,0.1535,1
2024-05-21,0.044,1,0.1397,1
2024-05-22,0.1493,1,0.4137,1
2024-05-23,0.2248,1,0.3083,1
2024-05-24,0.2302,1,0.136,1
2024-05-27,0.2181,1,0.0927,0
2024-05-28,0.2245,1,0.1721,1
2024-05-29,0.1561,1,0.0714,0
2024-05-30,0.0779,0,-0.0827,1
2024-05-31,0.0584,1,0.0385,0
2024-06-03,0.0417,0,0.0092,1
2024-06-04,0.0064,1,-0.0042,0
2024-06-05,0.0258,0,0.1682,1
2024-06-06,0.0342,1,-0.0407,0
2024-06-07,0.0239,0,-0.0127,1
2024-06-11,0.0994,1,0.3863,1
2024-06-12,0.1622,1,0.3098,1
2024-06-13,0.213,1,0.4223,1
2024-06-14,0.3035,1,0.4117,1
2024-06-17,0.4206,1,0.5726,1
2024-06-18,0.4302,1,0.4344,1
2024-06-19,0.4533,1,0.4253,1
2024-06-20,0.4102,1,0.2068,1
2024-06-21,0.3694,1,0.208,1
2024-06-24,0.308,1,0.2656,1
2024-06-25,0.2326,1,0.0571,0
2024-06-26,0.1951,1,0.2382,1
2024-06-27,0.1212,1,-0.1627,0
2024-06-28,-0.0017,0,-0.4067,-1
2024-07-01,-0.1643,1,-0.5474,-1
2024-07-02,-0.3096,-1,-0.6696,-1
2024-07-03,-0.4851,-1,-0.6391,-1
2024-07-04,-0.5944,-1,-0.7093,-1
2024-07-05,-0.6219,-1,-0.5444,-1
2024-07-08,-0.6028,-1,-0.4519,-1
2024-07-09,-0.5863,-1,-0.5872,-1
2024-07-10,-0.5527,-1,-0.4709,-1
2024-07-11,-0.4838,-1,-0.3647,-1
2024-07-12,-0.4398,-1,-0.3243,1
2024-07-15,-0.4661,-1,-0.5834,-1
2024-07-16,-0.4178,-1,-0.3457,1
2024-07-17,-0.3555,-1,-0.1594,0
2024-07-18,-0.2833,1,-0.0038,1
2024-07-19,-0.1704,0,0.2404,1
2024-07-22,0.0283,1,0.4098,1
2024-07-23,0.1548,1,0.2871,1
2024-07-24,0.172,1,-0.0736,0
2024-07-25,0.1944,1,0.1082,1
2024-07-26,0.2138,1,0.3376,1
2024-07-29,0.202,1,0.3507,1
2024-07-30,0.2368,1,0.461,1
2024-07-31,0.3732,1,0.6086,1
2024-08-01,0.4624,1,0.5542,1
2024-08-02,0.4618,1,0.3344,1
2024-08-05,0.4584,1,0.334,1
2024-08-06,0.4503,1,0.4203,1
2024-08-07,0.3899,1,0.3066,1
2024-08-08,0.2846,1,0.0278,0
2024-08-09,0.2177,1,-0.0003,1
2024-08-12,0.1675,1,0.0831,0
2024-08-13,0.0626,0,-0.1041,1
2024-08-14,-0.0482,1,-0.2476,-1
2024-08-15,-0.121,0,-0.3361,1
2024-08-16,-0.2179,1,-0.4846,-1
2024-08-19,-0.361,-1,-0.6328,-1
2024-08-20,-0.4226,-1,-0.4121,-1
2024-08-21,-0.417,-1,-0.2192,1
2024-08-22,-0.4148,-1,-0.3251,-1
2024-08-23,-0.4147,-1,-0.4844,-1
2024-08-26,-0.3511,-1,-0.3146,1
2024-08-27,-0.3561,-1,-0.437,-1
2024-08-28,-0.4317,-1,-0.5973,-1
2024-08-29,-0.3932,-1,-0.1326,1
2024-08-30,-0.2405,1,0.2791,1
2024-09-02,-0.1626,0,0.0748,0
2024-09-03,-0.0606,1,0.0732,1
2024-09-04,0.0851,0,0.1308,1
2024-09-05,0.1658,1,0.2711,1
2024-09-06,0.1415,1,0.1577,1
2024-09-09,0.1835,1,0.2846,1
2024-09-10,0.2323,1,0.3174,1
2024-09-11,0.3397,1,0.6677,1
2024-09-12,0.4045,1,0.5951,1
2024-09-13,0.4719,1,0.4945,1
2024-09-18,0.5165,1,0.5079,1
2024-09-19,0.5657,1,0.5631,1
2024-09-20,0.5223,1,0.4508,1
2024-09-23,0.4849,1,0.4083,1
2024-09-24,0.4955,1,0.5473,1
2024-09-25,0.4833,1,0.447,1
2024-09-26,0.4798,1,0.5457,1
2024-09-27,0.552,1,0.812,1
2024-09-30,0.6398,1,0.8469,1
2024-10-08,0.7111,1,0.9039,1
2024-10-09,0.8027,1,0.9051,1
2024-10-10,0.8314,1,0.6891,1
2024-10-11,0.7708,1,0.5091,1
2024-10-14,0.6907,1,0.4465,1
2024-10-15,0.6107,1,0.5038,1
2024-10-16,0.4824,1,0.2633,1
2024-10-17,0.4039,1,0.2966,1
2024-10-18,0.3888,1,0.4337,1
2024-10-21,0.4153,1,0.5793,1
2024-10-22,0.4351,1,0.6029,1
2024-10-23,0.5103,1,0.6392,1
2024-10-24,0.5633,1,0.5612,1
2024-10-25,0.6114,1,0.6742,1
2024-10-28,0.6345,1,0.695,1
2024-10-29,0.6376,1,0.6184,1
2024-10-30,0.6345,1,0.6238,1
2024-10-31,0.6439,1,0.6078,1
2024-11-01,0.5328,1,0.1191,1
2024-11-04,0.3622,1,-0.1584,0
2024-11-05,0.1398,1,-0.4935,-1
2024-11-06,-0.082,0,-0.4851,-1
2024-11-07,-0.2513,1,-0.2386,1
2024-11-08,-0.253,-1,0.1107,1
2024-11-11,-0.1426,1,0.3935,1
2024-11-12,0.0303,0,0.3712,1
2024-11-13,0.2296,1,0.5113,1
2024-11-14,0.3352,1,0.289,1
2024-11-15,0.2462,1,-0.3339,-1
2024-11-18,0.0404,0,-0.6355,-1
2024-11-19,-0.1244,1,-0.4531,-1
2024-11-20,-0.3143,-1,-0.438,-1
2024-11-21,-0.4415,-1,-0.3469,1
2024-11-22,-0.486,-1,-0.5562,-1
2024-11-25,-0.471,-1,-0.5608,-1
2024-11-26,-0.4965,-1,-0.5805,-1
2024-11-27,-0.5107,-1,-0.509,-1
2024-11-28,-0.5546,-1,-0.5667,-1
2024-11-29,-0.5145,-1,-0.3555,-1
2024-12-02,-0.482,-1,-0.3986,-1
2024-12-03,-0.4807,-1,-0.5738,-1
2024-12-04,-0.5009,-1,-0.6098,-1
2024-12-05,-0.4944,-1,-0.5342,-1
2024-12-06,-0.5444,-1,-0.6058,-1
2024-12-09,-0.6112,-1,-0.7323,-1
2024-12-10,-0.634,-1,-0.6881,-1
2024-12-11,-0.645,-1,-0.6645,-1
2024-12-12,-0.6511,-1,-0.5646,-1
2024-12-13,-0.6189,-1,-0.4448,-1
2024-12-16,-0.5405,-1,-0.3403,1
2024-12-17,-0.494,-1,-0.4558,-1
2024-12-18,-0.4554,-1,-0.4717,-1
2024-12-19,-0.4258,-1,-0.4164,-1
2024-12-20,-0.3956,-1,-0.2939,1
2024-12-23,-0.3959,-1,-0.3416,-1
2024-12-24,-0.3574,-1,-0.2633,1
2024-12-25,-0.3393,1,-0.3816,-1
2024-12-26,-0.2982,-1,-0.2105,1
2024-12-27,-0.3061,1,-0.3338,-1
2024-12-30,-0.3154,-1,-0.3879,-1
2024-12-31,-0.3341,1,-0.3566,-1
2025-01-02,-0.329,-1,-0.3559,-1
2025-01-03,-0.3677,-1,-0.4042,-1
2025-01-06,-0.387,-1,-0.4304,-1
2025-01-07,-0.3602,-1,-0.2541,1
2025-01-08,-0.3486,1,-0.2984,-1
2025-01-09,-0.304,-1,-0.1328,1
2025-01-10,-0.2337,1,-0.0527,0
2025-01-13,-0.121,0,0.133,1
2025-01-14,0.0273,1,0.4875,1
2025-01-15,0.1537,1,0.3336,1
2025-01-16,0.2434,1,0.3156,1
2025-01-17,0.322,1,0.3404,1
2025-01-20,0.3745,1,0.3955,1
2025-01-21,0.4016,1,0.6227,1
2025-01-22,0.463,1,0.6406,1
2025-01-23,0.5118,1,0.5599,1
2025-01-24,0.5416,1,0.4895,1
2025-01-27,0.5166,1,0.2703,1
2025-02-05,0.5088,1,0.584,1
2025-02-06,0.5455,1,0.8241,1
2025-02-07,0.6051,1,0.8576,1
2025-02-10,0.6758,1,0.8429,1
2025-02-11,0.7797,1,0.7901,1
2025-02-12,0.8113,1,0.7418,1
2025-02-13,0.7835,1,0.6851,1
2025-02-14,0.7375,1,0.6278,1
2025-02-17,0.6923,1,0.6166,1
2025-02-18,0.6256,1,0.4566,1
2025-02-19,0.5722,1,0.4747,1
2025-02-20,0.5503,1,0.5757,1
2025-02-21,0.5692,1,0.7224,1
2025-02-24,0.5657,1,0.5989,1
2025-02-25,0.5777,1,0.5167,1
2025-02-26,0.5682,1,0.4273,1
2025-02-27,0.5117,1,0.2932,1
2025-02-28,0.4218,1,0.2729,1
2025-03-03,0.3435,1,0.2074,1
2025-03-04,0.3272,1,0.4352,1
2025-03-05,0.2794,1,0.1882,1
2025-03-06,0.2401,1,0.0968,0
2025-03-07,0.1755,1,-0.0502,1
2025-03-10,0.1239,1,-0.0504,0
2025-03-11,0.0416,0,0.0233,1
2025-03-12,-0.0233,1,-0.1361,0
2025-03-13,-0.0881,0,-0.2271,1
2025-03-14,-0.119,1,-0.205,-1
2025-03-17,-0.1755,0,-0.3326,1
2025-03-18,-0.2253,1,-0.2258,-1
2025-03-19,-0.2982,-1,-0.5003,-1
2025-03-20,-0.3641,-1,-0.5568,-1
2025-03-21,-0.4842,-1,-0.8053,-1
2025-03-24,-0.5693,-1,-0.7583,-1
2025-03-25,-0.6835,-1,-0.7969,-1
2025-03-26,-0.7316,-1,-0.7407,-1
2025-03-27,-0.7463,-1,-0.6302,-1
2025-03-28,-0.6861,-1,-0.5042,-1
2025-03-31,-0.643,-1,-0.5427,-1
2025-04-01,-0.5924,-1,-0.5443,-1
2025-04-02,-0.5522,-1,-0.5396,-1
2025-04-03,-0.5714,-1,-0.7264,-1
2025-04-07,-0.6259,-1,-0.7764,-1
2025-04-08,-0.6783,-1,-0.8045,-1
2025-04-09,-0.7102,-1,-0.7041,-1
2025-04-10,-0.7259,-1,-0.6179,-1
2025-04-11,-0.6562,-1,-0.378,-1
2025-04-14,-0.5913,-1,-0.4519,-1
2025-04-15,-0.5247,-1,-0.4718,-1
2025-04-16,-0.4874,-1,-0.5173,-1
2025-04-17,-0.4568,-1,-0.4649,-1
2025-04-18,-0.4783,-1,-0.4853,-1
2025-04-21,-0.4274,-1,-0.1976,1
2025-04-22,-0.3839,-1,-0.2544,-1
2025-04-23,-0.2983,1,-0.0893,1
2025-04-24,-0.2504,-1,-0.2253,-1
2025-04-25,-0.1945,1,-0.2059,1
2025-04-28,-0.1941,0,-0.1955,0
2025-04-29,-0.1673,1,-0.1206,1
2025-04-30,-0.1309,0,0.0929,0
2025-05-06,-0.0246,1,0.306,1
2025-05-07,0.0943,0,0.3887,1
2025-05-08,0.2588,1,0.6268,1
2025-05-09,0.4117,1,0.644,1
2025-05-12,0.5131,1,0.6002,1
2025-05-13,0.5322,1,0.4011,1
2025-05-14,0.4872,1,0.1639,1
2025-05-15,0.3802,1,0.0916,0
2025-05-16,0.3072,1,0.279,1
2025-05-19,0.2484,1,0.3062,1
2025-05-20,0.2386,1,0.3522,1
2025-05-21,0.2948,1,0.445,1
2025-05-22,0.3027,1,0.1313,1
2025-05-23,0.3016,1,0.2733,1
2025-05-26,0.2757,1,0.1767,1
2025-05-27,0.2396,1,0.1717,1
2025-05-28,0.1609,1,0.0513,0
2025-05-29,0.188,1,0.2669,1
2025-05-30,0.1471,1,0.0689,0
2025-06-03,0.0749,0,-0.1843,1
2025-06-04,-0.0149,1,-0.2773,-1
2025-06-05,-0.0321,0,-0.0348,1
2025-06-06,-0.1123,1,-0.1341,0
2025-06-09,-0.1144,0,0.0582,1
2025-06-10,-0.1327,1,-0.2756,-1
2025-06-11,-0.0951,0,-0.0891,1
2025-06-12,-0.0903,1,-0.0112,0
2025-06-13,-0.0384,0,0.1257,1
2025-06-16,-0.0569,1,-0.0342,0
2025-06-17,-0.0118,0,-0.0505,1
2025-06-18,0.0166,1,0.0531,0
2025-06-19,0.0303,0,0.0576,1
2025-06-20,-0.0005,1,-0.0283,0
2025-06-23,-0.0075,0,-0.0694,1
2025-06-24,0.0159,1,0.0666,0
2025-06-25,0.0651,0,0.2992,1
2025-06-26,0.1057,1,0.2604,1
2025-06-27,0.1655,1,0.2711,1
2025-06-30,0.3137,1,0.6713,1
2025-07-01,0.4202,1,0.5993,1
2025-07-02,0.4177,1,0.2863,1
2025-07-03,0.4141,1,0.2426,1
2025-07-04,0.383,1,0.1156,1
2025-07-07,0.2314,1,-0.087,0
2025-07-08,0.1857,1,0.371,1
2025-07-09,0.1802,1,0.2588,1
2025-07-10,0.1316,1,-0.0001,0
2025-07-11,0.1663,1,0.2887,1
2025-07-14,0.2481,1,0.3223,1
2025-07-15,0.3081,1,0.6709,1
2025-07-16,0.3657,1,0.5467,1
2025-07-17,0.4962,1,0.6523,1
2025-07-18,0.5774,1,0.6949,1
2025-07-21,0.6206,1,0.538,1
2025-07-22,0.5362,1,0.2489,1
2025-07-23,0.4629,1,0.1805,1
2025-07-24,0.3847,1,0.261,1
2025-07-25,0.2988,1,0.2657,1
2025-07-28,0.2204,1,0.1456,1
2025-07-29,0.2506,1,0.4001,1
2025-07-30,0.3116,1,0.4853,1
2025-07-31,0.3474,1,0.4403,1
2025-08-01,0.3875,1,0.4664,1
2025-08-04,0.4893,1,0.6542,1
2025-08-05,0.4939,1,0.4233,1
2025-08-06,0.5084,1,0.5577,1
2025-08-07,0.5412,1,0.6042,1
2025-08-08,0.5221,1,0.3708,1
2025-08-11,0.505,1,0.5689,1
2025-08-12,0.4944,1,0.3703,1
2025-08-13,0.4996,1,0.5838,1
2025-08-14,0.4495,1,0.3539,1
2025-08-15,0.4789,1,0.5174,1
2025-08-18,0.5075,1,0.712,1
2025-08-19,0.5733,1,0.6993,1
2025-08-20,0.5952,1,0.6935,1
2025-08-21,0.6378,1,0.5666,1
2025-08-22,0.669,1,0.6734,1
2025-08-25,0.6681,1,0.7075,1
2025-08-26,0.6357,1,0.5373,1
2025-08-27,0.6434,1,0.7323,1
2025-08-28,0.6903,1,0.8012,1
2025-08-29,0.722,1,0.8318,1
2025-09-01,0.7446,1,0.8203,1
2025-09-02,0.7756,1,0.6924,1
2025-09-03,0.7597,1,0.6528,1
2025-09-04,0.6824,1,0.4146,1
2025-09-05,0.6457,1,0.6482,1
2025-09-08,0.5939,1,0.5617,1
2025-09-09,0.5368,1,0.4066,1
2025-09-10,0.4667,1,0.3027,1
2025-09-11,0.4809,1,0.4854,1
2025-09-12,0.4344,1,0.4157,1
2025-09-15,0.3878,1,0.3288,1
2025-09-16,0.3863,1,0.3992,1
2025-09-17,0.4063,1,0.4027,1
2025-09-18,0.4109,1,0.508,1
2025-09-19,0.3844,1,0.2832,1
2025-09-22,0.3862,1,0.3379,1
2025-09-23,0.3732,1,0.3339,1
2025-09-24,0.3596,1,0.3351,1
2025-09-25,0.3044,1,0.2319,1
2025-09-26,0.2304,1,-0.0871,0
2025-09-29,0.1287,1,-0.1704,1
2025-09-30,0.1055,1,0.218,1
2025-10-09,0.0583,0,0.0993,0
2025-10-10,0.0149,1,0.0147,1
2025-10-13,-0.0381,0,-0.3521,-1
2025-10-14,-0.1398,1,-0.6787,-1
2025-10-15,-0.2809,-1,-0.4876,-1
2025-10-16,-0.4118,-1,-0.5552,-1
2025-10-17,-0.5734,-1,-0.7936,-1
2025-10-20,-0.6553,-1,-0.7614,-1
2025-10-21,-0.6621,-1,-0.7127,-1
2025-10-22,-0.7189,-1,-0.7714,-1
2025-10-23,-0.7658,-1,-0.79,-1
2025-10-24,-0.7467,-1,-0.6978,-1
2025-10-27,-0.7132,-1,-0.594,-1
2025-10-28,-0.7022,-1,-0.6578,-1
2025-10-29,-0.668,-1,-0.6005,-1
2025-10-30,-0.6515,-1,-0.7074,-1
2025-10-31,-0.6637,-1,-0.7589,-1
2025-11-03,-0.6833,-1,-0.6921,-1
2025-11-04,-0.7028,-1,-0.7553,-1
2025-11-05,-0.7341,-1,-0.7566,-1
2025-11-06,-0.7323,-1,-0.6985,-1
2025-11-07,-0.6874,-1,-0.5343,-1
2025-11-10,-0.663,-1,-0.5703,-1
2025-11-11,-0.5934,-1,-0.4073,-1
2025-11-12,-0.5367,-1,-0.4731,-1
2025-11-13,-0.4746,-1,-0.388,-1
2025-11-14,-0.4328,-1,-0.3252,1
2025-11-17,-0.3805,-1,-0.3087,-1
2025-11-18,-0.3657,-1,-0.3335,1
2025-11-19,-0.3241,1,-0.2652,-1
2025-11-20,-0.2941,-1,-0.238,1
2025-11-21,-0.3209,1,-0.459,-1
2025-11-24,-0.3485,-1,-0.4469,-1
2025-11-25,-0.3626,-1,-0.4039,-1
2025-11-26,-0.3903,-1,-0.4035,-1
2025-11-27,-0.4057,-1,-0.3151,1
2025-11-28,-0.3442,1,-0.1516,0
2025-12-01,-0.2576,-1,-0.0141,1
2025-12-02,-0.1625,1,0.0717,0
2025-12-03,-0.0757,0,0.0304,1
2025-12-04,-0.0026,1,0.0506,0
2025-12-05,0.0625,0,0.1742,1
2025-12-08,0.1683,1,0.5148,1
2025-12-09,0.2855,1,0.6576,1
2025-12-10,0.4258,1,0.7319,1
2025-12-11,0.5382,1,0.6125,1
2025-12-12,0.6538,1,0.7521,1
2025-12-15,0.662,1,0.5558,1
2025-12-16,0.6225,1,0.46,1
2025-12-17,0.5935,1,0.587,1
2025-12-18,0.5651,1,0.4706,1
2025-12-19,0.5311,1,0.5822,1
2025-12-22,0.552,1,0.66,1
2025-12-23,0.5823,1,0.6117,1
2025-12-24,0.5754,1,0.5522,1
2025-12-25,0.5945,1,0.5661,1
2025-12-26,0.5715,1,0.4675,1
2025-12-29,0.5106,1,0.3557,1
2025-12-30,0.4839,1,0.4779,1
2025-12-31,0.4662,1,0.4636,1
2026-01-05,0.4563,1,0.5168,1
2026-01-06,0.4486,1,0.4292,1
2026-01-07,0.4406,1,0.3156,1
2026-01-08,0.3839,1,0.1943,1
2026-01-09,0.3329,1,0.2088,1
2026-01-12,0.2895,1,0.2997,1
2026-01-13,0.2192,1,0.0777,0
2026-01-14,0.2227,1,0.3328,1
2026-01-15,0.2803,1,0.4825,1
2026-01-16,0.3322,1,0.4683,1
2026-01-19,0.3792,1,0.5346,1
2026-01-20,0.4279,1,0.3214,1
2026-01-21,0.4194,1,0.2902,1
2026-01-22,0.3571,1,0.1712,1
2026-01-23,0.2986,1,0.1758,1
2026-01-26,0.1879,1,-0.0191,0
2026-01-27,0.1546,1,0.155,1
2026-01-28,0.1198,1,0.1161,1
2026-01-29,0.0425,0,-0.2155,-1
2026-01-30,-0.0118,1,-0.0953,1
2026-02-02,-0.1003,0,-0.4619,-1
2026-02-03,-0.1739,1,-0.2129,1
2026-02-04,-0.3142,-1,-0.5853,-1
2026-02-05,-0.404,-1,-0.6646,-1
2026-02-06,-0.5255,-1,-0.7026,-1
2026-02-09,-0.5595,-1,-0.632,-1
2026-02-10,-0.6167,-1,-0.499,-1
2026-02-11,-0.6287,-1,-0.6455,-1
2026-02-12,-0.6181,-1,-0.6113,-1
2026-02-13,-0.6129,-1,-0.6767,-1
2026-02-24,-0.6116,-1,-0.6253,-1
2026-02-25,-0.584,-1,-0.361,-1
2026-02-26,-0.5495,-1,-0.4732,-1
2026-02-27,-0.5295,-1,-0.5113,-1
2026-03-02,-0.5112,-1,-0.585,-1
2026-03-03,-0.5136,-1,-0.6374,-1
2026-03-04,-0.5768,-1,-0.6772,-1
2026-03-05,-0.5981,-1,-0.5796,-1
2026-03-06,-0.575,-1,-0.3957,-1
2026-03-09,-0.551,-1,-0.4652,-1
2026-03-10,-0.4658,-1,-0.2114,1
2026-03-11,-0.407,-1,-0.3834,-1
2026-03-12,-0.3569,-1,-0.3287,1
2026-03-13,-0.3248,1,-0.2355,-1
2026-03-16,-0.252,-1,-0.1012,1
2026-03-17,-0.2694,1,-0.2983,-1
2026-03-18,-0.2236,-1,-0.1546,1
2026-03-19,-0.1888,1,-0.1544,0
2026-03-20,-0.1858,0,-0.2208,1
2026-03-23,-0.2251,1,-0.2973,-1
2026-03-24,-0.2242,-1,-0.2939,1
2026-03-25,-0.2357,1,-0.2121,-1
2026-03-26,-0.2747,-1,-0.3492,1
2026-03-27,-0.2504,1,-0.0996,0
2026-03-30,-0.1948,0,-0.0193,1
2026-03-31,-0.1009,1,0.1759,1
2026-04-01,0.0082,0,0.3329,1
2026-04-02,0.0935,1,0.0777,0
2026-04-03,0.164,1,0.2527,1
2026-04-07,0.2247,1,0.2843,1
2026-04-08,0.2876,1,0.4906,1
2026-04-09,0.3622,1,0.7057,1
2026-04-10,0.5176,1,0.8548,1
2026-04-13,0.6367,1,0.8482,1
2026-04-14,0.7441,1,0.8214,1
2026-04-15,0.8065,1,0.8027,1
2026-04-16,0.8225,1,0.7853,1
2026-04-17,0.8165,1,0.8249,1
2026-04-20,0.8026,1,0.7789,1
2026-04-21,0.7889,1,0.7528,1
2026-04-22,0.7879,1,0.7977,1
2026-04-23,0.7647,1,0.6691,1
2026-04-24,0.7359,1,0.6812,1
2026-04-27,0.7079,1,0.6385,1
2026-04-28,0.6615,1,0.5211,1
2026-04-29,0.6251,1,0.6156,1
2026-04-30,0.6044,1,0.5658,1
2026-05-06,0.6123,1,0.7202,1
2026-05-07,0.6322,1,0.7383,1
2026-05-08,0.6714,1,0.7171,1
2026-05-11,0.67,1,0.6087,1
2026-05-12,0.6748,1,0.5897,1
2026-05-13,0.6496,1,0.5941,1
2026-05-14,0.5975,1,0.4781,1
2026-05-15,0.5275,1,0.3669,1
2026-05-18,0.4979,1,0.4606,1
2026-05-19,0.4338,1,0.2694,1
2026-05-20,0.3757,1,0.3037,1
2026-05-21,0.311,1,0.1547,1
2026-05-22,0.3044,1,0.3335,1
2026-05-25,0.2777,1,0.3275,1
2026-05-26,0.2971,1,0.3662,1
2026-05-27,0.3049,1,0.3424,1
2026-05-28,0.3482,1,0.3713,1
2026-05-29,0.3206,1,0.1958,1
2026-06-01,0.2009,1,-0.2711,-1
2026-06-02,0.099,0,-0.1436,1
2026-06-03,-0.0124,1,-0.2145,-1
2026-06-04,-0.1604,0,-0.3686,-1
2026-06-05,-0.3279,1,-0.6415,-1
2026-06-08,-0.4408,-1,-0.836,-1
2026-06-09,-0.5513,-1,-0.6961,-1
2026-06-10,-0.6757,-1,-0.8364,-1
2026-06-11,-0.7535,-1,-0.7578,-1
2026-06-12,-0.7805,-1,-0.7763,-1
2026-06-15,-0.7154,-1,-0.5104,-1
2026-06-16,-0.6296,-1,-0.2672,1
2026-06-17,-0.4915,-1,-0.1461,0
2026-06-18,-0.2571,1,0.4144,1
