date,factor_value,position_中证1000,position_中证500,position_沪深300,position_common
2014-01-02,0.0,0,0,0,0
2014-01-03,0.0,0,0,0,0
2014-01-06,0.0,0,0,0,0
2014-01-07,0.0,0,0,0,0
2014-01-08,0.0,0,0,0,0
2014-01-09,0.0,0,0,0,0
2014-01-10,0.0,0,0,0,0
2014-01-13,0.0,0,0,0,0
2014-01-14,0.0,0,0,0,0
2014-01-15,0.0,0,0,0,0
2014-01-16,0.0,0,0,0,0
2014-01-17,0.0,0,0,0,0
2014-01-20,0.0,0,0,0,0
2014-01-21,0.0,0,0,0,0
2014-01-22,0.0,0,0,0,0
2014-01-23,0.0,0,0,0,0
2014-01-24,0.0,0,0,0,0
2014-01-27,0.0,0,0,0,0
2014-01-28,0.0,0,0,0,0
2014-01-29,0.0886,0,0,0,0
2014-01-30,-0.1864,0,0,0,0
2014-02-07,-0.1801,0,0,0,0
2014-02-10,-0.1192,0,0,0,0
2014-02-11,-0.077,0,0,0,0
2014-02-12,0.0068,0,0,0,0
2014-02-13,-0.2183,0,0,0,0
2014-02-14,-0.2078,0,0,0,0
2014-02-17,-0.1657,0,0,0,0
2014-02-18,0.0036,0,0,0,0
2014-02-19,-0.2795,0,0,0,0
2014-02-20,-0.197,0,0,0,0
2014-02-21,-0.1175,0,0,0,0
2014-02-24,-0.0765,0,0,0,0
2014-02-25,-0.1656,0,0,0,0
2014-02-26,-0.01,0,0,0,0
2014-02-27,-0.34,0,0,0,0
2014-02-28,-0.4177,0,0,0,0
2014-03-03,-0.459,0,0,0,0
2014-03-04,-0.3768,0,0,0,0
2014-03-05,-0.3266,0,0,0,0
2014-03-06,0.0854,0,0,0,0
2014-03-07,0.151,0,0,0,0
2014-03-10,0.2524,0,0,0,0
2014-03-11,0.5611,0,0,0,0
2014-03-12,0.5706,0,0,0,0
2014-03-13,0.727,0,1,1,1
2014-03-14,0.6314,0,1,1,1
2014-03-17,0.5055,0,1,1,1
2014-03-18,0.3131,0,1,1,1
2014-03-19,-0.1219,0,1,1,1
2014-03-20,-0.4416,0,1,1,1
2014-03-21,-0.6328,0,1,1,1
2014-03-24,-0.7315,-1,-1,0,-1
2014-03-25,-0.6661,-1,-1,0,-1
2014-03-26,-0.3512,-1,-1,0,-1
2014-03-27,-0.3046,-1,-1,0,-1
2014-03-28,-0.2986,-1,-1,0,-1
2014-03-31,0.067,-1,-1,0,-1
2014-04-01,0.1686,-1,-1,0,-1
2014-04-02,-0.1625,-1,-1,0,-1
2014-04-03,0.0508,-1,-1,0,-1
2014-04-04,0.2647,-1,-1,0,-1
2014-04-08,0.187,-1,-1,0,-1
2014-04-09,0.1841,-1,-1,0,-1
2014-04-10,0.1832,-1,-1,0,-1
2014-04-11,0.2021,-1,-1,0,-1
2014-04-14,0.2875,-1,-1,0,-1
2014-04-15,0.3909,-1,-1,0,-1
2014-04-16,0.2638,-1,-1,0,-1
2014-04-17,0.4933,0,0,0,0
2014-04-18,0.448,0,0,0,0
2014-04-21,0.3787,0,0,0,0
2014-04-22,0.09,0,0,0,0
2014-04-23,0.0778,0,0,0,0
2014-04-24,-0.0928,0,0,0,0
2014-04-25,-0.2675,0,0,0,0
2014-04-28,-0.5096,0,0,0,0
2014-04-29,-0.3067,0,0,0,0
2014-04-30,-0.0854,0,0,0,0
2014-05-05,0.0656,0,0,0,0
2014-05-06,0.3015,0,0,0,0
2014-05-07,0.2974,0,0,0,0
2014-05-08,0.1157,0,0,0,0
2014-05-09,-0.2062,0,0,0,0
2014-05-12,-0.4786,0,0,0,0
2014-05-13,-0.4816,0,0,0,0
2014-05-14,-0.3014,0,0,0,0
2014-05-15,-0.1982,0,0,0,0
2014-05-16,-0.234,0,0,0,0
2014-05-19,-0.0822,0,0,0,0
2014-05-20,-0.1418,0,0,0,0
2014-05-21,-0.0196,0,0,0,0
2014-05-22,0.143,0,0,0,0
2014-05-23,0.4428,0,0,0,0
2014-05-26,0.6214,0,0,1,0
2014-05-27,0.5496,0,0,1,0
2014-05-28,0.5322,0,0,1,0
2014-05-29,0.4118,0,0,1,0
2014-05-30,0.2917,0,0,1,0
2014-06-03,0.0324,0,0,1,0
2014-06-04,0.138,0,0,1,0
2014-06-05,0.1989,0,0,1,0
2014-06-06,0.2562,0,0,1,0
2014-06-09,-0.0115,0,0,1,0
2014-06-10,0.0347,0,0,1,0
2014-06-11,0.1434,0,0,1,0
2014-06-12,0.1044,0,0,1,0
2014-06-13,-0.0578,0,0,1,0
2014-06-16,0.1389,0,0,1,0
2014-06-17,-0.0128,0,0,1,0
2014-06-18,-0.1734,0,0,1,0
2014-06-19,-0.4894,0,0,1,0
2014-06-20,-0.269,0,0,1,0
2014-06-23,0.2247,0,0,1,0
2014-06-24,0.3132,0,0,1,0
2014-06-25,0.1794,0,0,1,0
2014-06-26,0.4602,0,0,1,0
2014-06-27,0.1686,0,0,1,0
2014-06-30,-0.1118,0,0,1,0
2014-07-01,-0.0252,0,0,1,0
2014-07-02,-0.1533,0,0,1,0
2014-07-03,-0.1764,0,0,1,0
2014-07-04,-0.0762,0,0,1,0
2014-07-07,-0.3525,0,0,1,0
2014-07-08,-0.4027,0,0,1,0
2014-07-09,-0.3656,0,0,1,0
2014-07-10,-0.6206,0,0,1,0
2014-07-11,-0.6497,0,0,1,0
2014-07-14,-0.4701,0,0,1,0
2014-07-15,-0.5026,0,0,1,0
2014-07-16,-0.5548,0,0,1,0
2014-07-17,-0.4212,0,0,1,0
2014-07-18,-0.3555,0,0,1,0
2014-07-21,-0.1222,0,0,1,0
2014-07-22,0.0133,0,0,1,0
2014-07-23,-0.0646,0,0,1,0
2014-07-24,-0.3707,0,0,1,0
2014-07-25,-0.3202,0,0,1,0
2014-07-28,-0.4614,0,0,1,0
2014-07-29,-0.1758,0,0,1,0
2014-07-30,0.4338,0,0,1,0
2014-07-31,0.6568,0,0,1,0
2014-08-01,0.7094,0,1,1,1
2014-08-04,0.589,0,1,1,1
2014-08-05,0.4477,0,1,1,1
2014-08-06,0.2715,0,1,1,1
2014-08-07,0.3935,0,1,1,1
2014-08-08,0.4172,0,1,1,1
2014-08-11,0.47,0,1,1,1
2014-08-12,0.4275,0,1,1,1
2014-08-13,0.2608,0,1,1,1
2014-08-14,0.1151,0,1,1,1
2014-08-15,-0.1553,0,1,1,1
2014-08-18,0.1239,0,1,1,1
2014-08-19,0.1075,0,1,1,1
2014-08-20,0.1643,0,1,1,1
2014-08-21,0.3193,0,1,1,1
2014-08-22,0.3435,0,1,1,1
2014-08-25,-0.0077,0,1,1,1
2014-08-26,-0.2771,0,1,1,1
2014-08-27,-0.1169,0,1,1,1
2014-08-28,-0.4446,0,1,1,1
2014-08-29,-0.3845,0,1,1,1
2014-09-01,0.0038,0,1,1,1
2014-09-02,-0.0859,0,1,1,1
2014-09-03,-0.1272,0,1,1,1
2014-09-04,-0.1955,0,1,1,1
2014-09-05,-0.3469,0,1,1,1
2014-09-09,-0.5451,0,1,1,1
2014-09-10,-0.2845,0,1,1,1
2014-09-11,-0.1887,0,1,1,1
2014-09-12,-0.2959,0,1,1,1
2014-09-15,-0.2081,0,1,1,1
2014-09-16,-0.4369,0,1,1,1
2014-09-17,-0.535,0,1,1,1
2014-09-18,-0.435,0,1,1,1
2014-09-19,-0.1756,0,1,1,1
2014-09-22,0.1584,0,1,1,1
2014-09-23,0.4413,0,1,1,1
2014-09-24,0.2339,0,1,1,1
2014-09-25,-0.0664,0,1,1,1
2014-09-26,-0.0665,0,1,1,1
2014-09-29,-0.2767,0,1,1,1
2014-09-30,-0.0726,0,1,1,1
2014-10-08,0.4883,0,1,1,1
2014-10-09,0.4014,0,1,1,1
2014-10-10,0.3384,0,1,1,1
2014-10-13,0.1297,0,1,1,1
2014-10-14,-0.1004,0,1,1,1
2014-10-15,-0.434,0,1,1,1
2014-10-16,-0.3205,0,1,1,1
2014-10-17,-0.0469,0,1,1,1
2014-10-20,0.1634,0,1,1,1
2014-10-21,0.2447,0,1,1,1
2014-10-22,0.1901,0,1,1,1
2014-10-23,0.2747,0,1,1,1
2014-10-24,0.1374,0,1,1,1
2014-10-27,0.216,0,1,1,1
2014-10-28,-0.2177,0,1,1,1
2014-10-29,-0.5328,0,1,1,1
2014-10-30,-0.7247,-1,-1,0,-1
2014-10-31,-0.8085,-1,-1,-1,-1
2014-11-03,-0.7932,-1,-1,-1,-1
2014-11-04,-0.7417,-1,-1,-1,-1
2014-11-05,-0.5859,-1,-1,-1,-1
2014-11-06,-0.3511,-1,-1,-1,-1
2014-11-07,-0.0888,-1,-1,0,-1
2014-11-10,-0.2276,-1,-1,0,-1
2014-11-11,0.04,-1,-1,0,-1
2014-11-12,-0.0988,-1,-1,0,-1
2014-11-13,-0.2856,-1,-1,0,-1
2014-11-14,-0.1775,-1,-1,0,-1
2014-11-17,0.3051,-1,-1,0,-1
2014-11-18,0.4017,-1,-1,0,-1
2014-11-19,0.5919,0,0,0,0
2014-11-20,0.6059,0,0,1,0
2014-11-21,0.4408,0,0,1,0
2014-11-24,0.0209,0,0,1,0
2014-11-25,0.0272,0,0,1,0
2014-11-26,-0.1597,0,0,1,0
2014-11-27,-0.0192,0,0,1,0
2014-11-28,-0.0399,0,0,1,0
2014-12-01,0.1759,0,0,1,0
2014-12-02,-0.0768,0,0,1,0
2014-12-03,0.025,0,0,1,0
2014-12-04,-0.2442,0,0,1,0
2014-12-05,-0.2083,0,0,1,0
2014-12-08,-0.6407,0,0,1,0
2014-12-09,-0.4788,0,0,1,0
2014-12-10,-0.4909,0,0,1,0
2014-12-11,-0.3311,0,0,1,0
2014-12-12,-0.2244,0,0,1,0
2014-12-15,0.4176,0,0,1,0
2014-12-16,0.1178,0,0,1,0
2014-12-17,-0.0937,0,0,1,0
2014-12-18,-0.07,0,0,1,0
2014-12-19,-0.5427,0,0,1,0
2014-12-22,-0.7004,-1,-1,0,-1
2014-12-23,-0.2872,-1,-1,0,-1
2014-12-24,0.1965,-1,-1,0,-1
2014-12-25,-0.0142,-1,-1,0,-1
2014-12-26,0.2494,-1,-1,0,-1
2014-12-29,0.2351,-1,-1,0,-1
2014-12-30,-0.0062,-1,-1,0,-1
2014-12-31,-0.3389,-1,-1,0,-1
2015-01-05,-0.3257,-1,-1,0,-1
2015-01-06,0.2468,-1,-1,0,-1
2015-01-07,0.309,-1,-1,0,-1
2015-01-08,0.5186,0,0,0,0
2015-01-09,0.5651,0,0,0,0
2015-01-12,0.7866,1,1,1,1
2015-01-13,0.7035,1,1,1,1
2015-01-14,0.7328,1,1,1,1
2015-01-15,0.4136,1,1,1,1
2015-01-16,0.4027,1,1,1,1
2015-01-19,0.5275,1,1,1,1
2015-01-20,0.5191,1,1,1,1
2015-01-21,0.2865,1,1,1,1
2015-01-22,0.5352,1,1,1,1
2015-01-23,0.3367,1,1,1,1
2015-01-26,-0.1974,1,1,1,1
2015-01-27,-0.3532,1,1,1,1
2015-01-28,-0.1413,1,1,1,1
2015-01-29,-0.2737,1,1,1,1
2015-01-30,-0.0876,1,1,1,1
2015-02-02,0.1627,1,1,1,1
2015-02-03,0.0955,1,1,1,1
2015-02-04,0.0279,1,1,1,1
2015-02-05,0.2151,1,1,1,1
2015-02-06,0.2028,1,1,1,1
2015-02-09,-0.26,1,1,1,1
2015-02-10,-0.1805,1,1,1,1
2015-02-11,0.0393,1,1,1,1
2015-02-12,-0.1774,1,1,1,1
2015-02-13,-0.2372,1,1,1,1
2015-02-16,0.1043,1,1,1,1
2015-02-17,0.0253,1,1,1,1
2015-02-25,-0.1697,1,1,1,1
2015-02-26,-0.4276,1,1,1,1
2015-02-27,-0.3184,1,1,1,1
2015-03-02,-0.4491,1,1,1,1
2015-03-03,-0.3711,1,1,1,1
2015-03-04,-0.0116,1,1,1,1
2015-03-05,0.5101,1,1,1,1
2015-03-06,-0.0626,1,1,1,1
2015-03-09,-0.1149,1,1,1,1
2015-03-10,0.1796,1,1,1,1
2015-03-11,-0.2049,1,1,1,1
2015-03-12,-0.5592,1,1,1,1
2015-03-13,-0.1,1,1,1,1
2015-03-16,-0.0239,1,1,1,1
2015-03-17,-0.5602,1,1,1,1
2015-03-18,-0.5825,1,1,1,1
2015-03-19,-0.456,1,1,1,1
2015-03-20,-0.3203,1,1,1,1
2015-03-23,-0.2414,1,1,1,1
2015-03-24,0.2213,1,1,1,1
2015-03-25,0.5745,1,1,1,1
2015-03-26,0.1853,1,1,1,1
2015-03-27,0.1648,1,1,1,1
2015-03-30,-0.4176,1,1,1,1
2015-03-31,-0.135,1,1,1,1
2015-04-01,-0.1805,1,1,1,1
2015-04-02,0.5022,1,1,1,1
2015-04-03,0.3682,1,1,1,1
2015-04-07,0.539,1,1,1,1
2015-04-08,-0.1386,1,1,1,1
2015-04-09,-0.241,1,1,1,1
2015-04-10,-0.2618,1,1,1,1
2015-04-13,-0.4486,1,1,1,1
2015-04-14,-0.4757,1,1,1,1
2015-04-15,-0.4887,1,1,1,1
2015-04-16,-0.5247,1,1,1,1
2015-04-17,-0.7383,-1,-1,0,-1
2015-04-20,-0.6631,-1,-1,0,-1
2015-04-21,-0.3698,-1,-1,0,-1
2015-04-22,-0.1039,-1,-1,0,-1
2015-04-23,-0.0025,-1,-1,0,-1
2015-04-24,0.2896,-1,-1,0,-1
2015-04-27,0.235,-1,-1,0,-1
2015-04-28,-0.1493,-1,-1,0,-1
2015-04-29,0.0384,-1,-1,0,-1
2015-04-30,0.1686,-1,-1,0,-1
2015-05-04,0.0313,-1,-1,0,-1
2015-05-05,0.4663,0,0,0,0
2015-05-06,0.7502,1,1,1,1
2015-05-07,0.772,1,1,1,1
2015-05-08,0.7197,1,1,1,1
2015-05-11,0.7363,1,1,1,1
2015-05-12,0.6251,1,1,1,1
2015-05-13,0.4255,1,1,1,1
2015-05-14,0.1578,1,1,1,1
2015-05-15,0.1723,1,1,1,1
2015-05-18,0.2984,1,1,1,1
2015-05-19,0.1675,1,1,1,1
2015-05-20,0.1603,1,1,1,1
2015-05-21,0.3113,1,1,1,1
2015-05-22,-0.0539,1,1,1,1
2015-05-25,-0.4908,1,1,1,1
2015-05-26,-0.3679,1,1,1,1
2015-05-27,-0.4883,1,1,1,1
2015-05-28,-0.5761,1,1,1,1
2015-05-29,-0.3189,1,1,1,1
2015-06-01,-0.239,1,1,1,1
2015-06-02,-0.2377,1,1,1,1
2015-06-03,-0.188,1,1,1,1
2015-06-04,-0.3583,1,1,1,1
2015-06-05,-0.5883,1,1,1,1
2015-06-08,-0.7258,-1,-1,0,-1
2015-06-09,-0.7254,-1,-1,0,-1
2015-06-10,-0.5309,-1,-1,0,-1
2015-06-11,-0.3184,-1,-1,0,-1
2015-06-12,-0.1207,-1,-1,0,-1
2015-06-15,0.1015,-1,-1,0,-1
2015-06-16,0.2109,-1,-1,0,-1
2015-06-17,-0.0616,-1,-1,0,-1
2015-06-18,-0.3333,-1,-1,0,-1
2015-06-19,-0.0203,-1,-1,0,-1
2015-06-23,0.3308,-1,-1,0,-1
2015-06-24,0.0003,-1,-1,0,-1
2015-06-25,-0.0784,-1,-1,0,-1
2015-06-26,0.0971,-1,-1,0,-1
2015-06-29,-0.2294,-1,-1,0,-1
2015-06-30,-0.2297,-1,-1,0,-1
2015-07-01,0.2322,-1,-1,0,-1
2015-07-02,0.4356,-1,-1,0,-1
2015-07-03,0.6565,0,0,1,0
2015-07-06,0.5899,0,0,1,0
2015-07-07,0.2368,0,0,1,0
2015-07-08,0.2397,0,0,1,0
2015-07-09,-0.0228,0,0,1,0
2015-07-10,-0.4351,0,0,1,0
2015-07-13,-0.3087,0,0,1,0
2015-07-14,0.0516,0,0,1,0
2015-07-15,-0.075,0,0,1,0
2015-07-16,0.0564,0,0,1,0
2015-07-17,0.1939,0,0,1,0
2015-07-20,0.2879,0,0,1,0
2015-07-21,0.0995,0,0,1,0
2015-07-22,0.0748,0,0,1,0
2015-07-23,0.0714,0,0,1,0
2015-07-24,0.0202,0,0,1,0
2015-07-27,0.033,0,0,1,0
2015-07-28,0.0402,0,0,1,0
2015-07-29,-0.0901,0,0,1,0
2015-07-30,-0.1529,0,0,1,0
2015-07-31,-0.1041,0,0,1,0
2015-08-03,-0.2958,0,0,1,0
2015-08-04,-0.3222,0,0,1,0
2015-08-05,-0.2731,0,0,1,0
2015-08-06,-0.1712,0,0,1,0
2015-08-07,-0.1883,0,0,1,0
2015-08-10,0.0036,0,0,1,0
2015-08-11,-0.1305,0,0,1,0
2015-08-12,-0.1855,0,0,1,0
2015-08-13,-0.246,0,0,1,0
2015-08-14,-0.3227,0,0,1,0
2015-08-17,-0.4843,0,0,1,0
2015-08-18,-0.2185,0,0,1,0
2015-08-19,0.0986,0,0,1,0
2015-08-20,0.2516,0,0,1,0
2015-08-21,0.1865,0,0,1,0
2015-08-24,0.3667,0,0,1,0
2015-08-25,0.3716,0,0,1,0
2015-08-26,0.1398,0,0,1,0
2015-08-27,0.02,0,0,1,0
2015-08-28,0.0044,0,0,1,0
2015-08-31,-0.2984,0,0,1,0
2015-09-01,-0.5385,0,0,1,0
2015-09-02,-0.4988,0,0,1,0
2015-09-07,-0.2161,0,0,1,0
2015-09-08,0.0206,0,0,1,0
2015-09-09,0.2748,0,0,1,0
2015-09-10,0.4211,0,0,1,0
2015-09-11,0.4044,0,0,1,0
2015-09-14,0.1804,0,0,1,0
2015-09-15,0.0194,0,0,1,0
2015-09-16,-0.0103,0,0,1,0
2015-09-17,0.0698,0,0,1,0
2015-09-18,0.1332,0,0,1,0
2015-09-21,0.3738,0,0,1,0
2015-09-22,0.3037,0,0,1,0
2015-09-23,0.468,0,0,1,0
2015-09-24,0.3612,0,0,1,0
2015-09-25,0.2214,0,0,1,0
2015-09-28,0.294,0,0,1,0
2015-09-29,0.4107,0,0,1,0
2015-09-30,0.1401,0,0,1,0
2015-10-08,0.1561,0,0,1,0
2015-10-09,0.2311,0,0,1,0
2015-10-12,-0.1975,0,0,1,0
2015-10-13,-0.2689,0,0,1,0
2015-10-14,-0.2381,0,0,1,0
2015-10-15,-0.2014,0,0,1,0
2015-10-16,-0.2228,0,0,1,0
2015-10-19,-0.2518,0,0,1,0
2015-10-20,-0.2449,0,0,1,0
2015-10-21,-0.4039,0,0,1,0
2015-10-22,-0.2699,0,0,1,0
2015-10-23,-0.0801,0,0,1,0
2015-10-26,0.0797,0,0,1,0
2015-10-27,0.061,0,0,1,0
2015-10-28,0.0879,0,0,1,0
2015-10-29,-0.2391,0,0,1,0
2015-10-30,-0.2292,0,0,1,0
2015-11-02,-0.3546,0,0,1,0
2015-11-03,-0.3755,0,0,1,0
2015-11-04,0.2763,0,0,1,0
2015-11-05,0.0037,0,0,1,0
2015-11-06,0.303,0,0,1,0
2015-11-09,0.4102,0,0,1,0
2015-11-10,0.5443,0,0,1,0
2015-11-11,0.5356,0,0,1,0
2015-11-12,0.6853,0,0,1,0
2015-11-13,0.1622,0,0,1,0
2015-11-16,0.3631,0,0,1,0
2015-11-17,-0.1551,0,0,1,0
2015-11-18,-0.642,0,0,1,0
2015-11-19,-0.4024,0,0,1,0
2015-11-20,-0.1112,0,0,1,0
2015-11-23,-0.4701,0,0,1,0
2015-11-24,0.0011,0,0,1,0
2015-11-25,0.4445,0,0,1,0
2015-11-26,-0.0815,0,0,1,0
2015-11-27,-0.248,0,0,1,0
2015-11-30,-0.1549,0,0,1,0
2015-12-01,-0.56,0,0,1,0
2015-12-02,-0.8073,-1,-1,-1,-1
2015-12-03,-0.6341,-1,-1,-1,-1
2015-12-04,-0.4988,-1,-1,-1,-1
2015-12-07,-0.3222,-1,-1,-1,-1
2015-12-08,-0.0212,-1,-1,0,-1
2015-12-09,0.2977,-1,-1,0,-1
2015-12-10,0.4162,-1,-1,0,-1
2015-12-11,0.2675,-1,-1,0,-1
2015-12-14,0.0818,-1,-1,0,-1
2015-12-15,0.1945,-1,-1,0,-1
2015-12-16,0.4087,-1,-1,0,-1
2015-12-17,0.2261,-1,-1,0,-1
2015-12-18,0.2614,-1,-1,0,-1
2015-12-21,0.1631,-1,-1,0,-1
2015-12-22,0.0024,-1,-1,0,-1
2015-12-23,-0.2215,-1,-1,0,-1
2015-12-24,-0.1551,-1,-1,0,-1
2015-12-25,-0.1649,-1,-1,0,-1
2015-12-28,0.0769,-1,-1,0,-1
2015-12-29,0.0084,-1,-1,0,-1
2015-12-30,0.2474,-1,-1,0,-1
2015-12-31,-0.0776,-1,-1,0,-1
2016-01-04,-0.2646,-1,-1,0,-1
2016-01-05,-0.6379,-1,-1,0,-1
2016-01-06,-0.6794,-1,-1,0,-1
2016-01-07,-0.7434,-1,-1,0,-1
2016-01-08,-0.7367,-1,-1,0,-1
2016-01-11,-0.6659,-1,-1,0,-1
2016-01-12,-0.331,-1,-1,0,-1
2016-01-13,-0.3497,-1,-1,0,-1
2016-01-14,0.1268,-1,-1,0,-1
2016-01-15,0.4505,0,0,0,0
2016-01-18,0.6749,0,0,1,0
2016-01-19,0.5866,0,0,1,0
2016-01-20,0.627,0,0,1,0
2016-01-21,0.3479,0,0,1,0
2016-01-22,0.2402,0,0,1,0
2016-01-25,0.0173,0,0,1,0
2016-01-26,-0.0123,0,0,1,0
2016-01-27,0.0103,0,0,1,0
2016-01-28,0.0754,0,0,1,0
2016-01-29,0.1252,0,0,1,0
2016-02-01,0.2525,0,0,1,0
2016-02-02,0.3603,0,0,1,0
2016-02-03,0.4035,0,0,1,0
2016-02-04,0.4226,0,0,1,0
2016-02-05,0.2559,0,0,1,0
2016-02-15,0.2022,0,0,1,0
2016-02-16,0.0843,0,0,1,0
2016-02-17,-0.113,0,0,1,0
2016-02-18,-0.3296,0,0,1,0
2016-02-19,-0.0433,0,0,1,0
2016-02-22,-0.2646,0,0,1,0
2016-02-23,-0.4059,0,0,1,0
2016-02-24,-0.5613,0,0,1,0
2016-02-25,-0.5407,0,0,1,0
2016-02-26,-0.7266,-1,-1,0,-1
2016-02-29,-0.7728,-1,-1,0,-1
2016-03-01,-0.6827,-1,-1,0,-1
2016-03-02,-0.5697,-1,-1,0,-1
2016-03-03,-0.4806,-1,-1,0,-1
2016-03-04,-0.5373,-1,-1,0,-1
2016-03-07,-0.2498,-1,-1,0,-1
2016-03-08,-0.1615,-1,-1,0,-1
2016-03-09,0.0767,-1,-1,0,-1
2016-03-10,0.1753,-1,-1,0,-1
2016-03-11,0.4686,0,0,0,0
2016-03-14,0.5829,0,0,0,0
2016-03-15,0.4776,0,0,0,0
2016-03-16,0.3016,0,0,0,0
2016-03-17,0.5545,0,0,0,0
2016-03-18,0.6683,0,0,1,0
2016-03-21,0.6023,0,0,1,0
2016-03-22,0.5971,0,0,1,0
2016-03-23,0.6164,0,0,1,0
2016-03-24,0.3924,0,0,1,0
2016-03-25,0.1574,0,0,1,0
2016-03-28,-0.0642,0,0,1,0
2016-03-29,-0.1877,0,0,1,0
2016-03-30,-0.1994,0,0,1,0
2016-03-31,-0.216,0,0,1,0
2016-04-01,-0.3312,0,0,1,0
2016-04-05,-0.1833,0,0,1,0
2016-04-06,0.0119,0,0,1,0
2016-04-07,-0.2725,0,0,1,0
2016-04-08,-0.2882,0,0,1,0
2016-04-11,0.0013,0,0,1,0
2016-04-12,-0.3108,0,0,1,0
2016-04-13,-0.5199,0,0,1,0
2016-04-14,-0.3645,0,0,1,0
2016-04-15,-0.3438,0,0,1,0
2016-04-18,-0.478,0,0,1,0
2016-04-19,-0.293,0,0,1,0
2016-04-20,-0.3855,0,0,1,0
2016-04-21,-0.728,-1,-1,0,-1
2016-04-22,-0.5777,-1,-1,0,-1
2016-04-25,-0.5268,-1,-1,0,-1
2016-04-26,-0.3976,-1,-1,0,-1
2016-04-27,-0.0034,-1,-1,0,-1
2016-04-28,0.4091,-1,-1,0,-1
2016-04-29,0.1879,-1,-1,0,-1
2016-05-03,0.5032,0,0,0,0
2016-05-04,0.4066,0,0,0,0
2016-05-05,0.4826,0,0,0,0
2016-05-06,0.3023,0,0,0,0
2016-05-09,0.2825,0,0,0,0
2016-05-10,-0.0689,0,0,0,0
2016-05-11,-0.3774,0,0,0,0
2016-05-12,-0.4133,0,0,0,0
2016-05-13,-0.2613,0,0,0,0
2016-05-16,-0.0594,0,0,0,0
2016-05-17,0.2439,0,0,0,0
2016-05-18,0.3519,0,0,0,0
2016-05-19,0.4363,0,0,0,0
2016-05-20,0.4921,0,0,0,0
2016-05-23,0.404,0,0,0,0
2016-05-24,0.1893,0,0,0,0
2016-05-25,0.2504,0,0,0,0
2016-05-26,0.1133,0,0,0,0
2016-05-27,-0.1441,0,0,0,0
2016-05-30,-0.2667,0,0,0,0
2016-05-31,0.2207,0,0,0,0
2016-06-01,0.4009,0,0,0,0
2016-06-02,0.4819,0,0,0,0
2016-06-03,0.5651,0,0,0,0
2016-06-06,0.5286,0,0,0,0
2016-06-07,0.1668,0,0,0,0
2016-06-08,0.0548,0,0,0,0
2016-06-13,-0.643,0,0,0,0
2016-06-14,-0.6637,0,0,0,0
2016-06-15,-0.43,0,0,0,0
2016-06-16,-0.4637,0,0,0,0
2016-06-17,-0.4666,0,0,0,0
2016-06-20,0.2175,0,0,0,0
2016-06-21,0.1374,0,0,0,0
2016-06-22,0.0506,0,0,0,0
2016-06-23,0.1593,0,0,0,0
2016-06-24,0.1961,0,0,0,0
2016-06-27,0.3776,0,0,0,0
2016-06-28,0.5942,0,0,0,0
2016-06-29,0.3208,0,0,0,0
2016-06-30,0.3064,0,0,0,0
2016-07-01,0.1453,0,0,0,0
2016-07-04,-0.1608,0,0,0,0
2016-07-05,-0.443,0,0,0,0
2016-07-06,-0.3579,0,0,0,0
2016-07-07,-0.3061,0,0,0,0
2016-07-08,-0.0412,0,0,0,0
2016-07-11,-0.2014,0,0,0,0
2016-07-12,-0.1918,0,0,0,0
2016-07-13,-0.0105,0,0,0,0
2016-07-14,0.0182,0,0,0,0
2016-07-15,-0.4461,0,0,0,0
2016-07-18,-0.2862,0,0,0,0
2016-07-19,0.0464,0,0,0,0
2016-07-20,-0.0706,0,0,0,0
2016-07-21,-0.2147,0,0,0,0
2016-07-22,0.0618,0,0,0,0
2016-07-25,0.0904,0,0,0,0
2016-07-26,-0.1795,0,0,0,0
2016-07-27,-0.6737,0,0,0,0
2016-07-28,-0.7503,-1,-1,0,-1
2016-07-29,-0.7372,-1,-1,0,-1
2016-08-01,-0.6352,-1,-1,0,-1
2016-08-02,-0.5762,-1,-1,0,-1
2016-08-03,-0.2586,-1,-1,0,-1
2016-08-04,0.1978,-1,-1,0,-1
2016-08-05,0.114,-1,-1,0,-1
2016-08-08,0.1146,-1,-1,0,-1
2016-08-09,0.2429,-1,-1,0,-1
2016-08-10,0.2197,-1,-1,0,-1
2016-08-11,-0.0157,-1,-1,0,-1
2016-08-12,-0.0137,-1,-1,0,-1
2016-08-15,0.2371,-1,-1,0,-1
2016-08-16,0.2648,-1,-1,0,-1
2016-08-17,0.4324,-1,-1,0,-1
2016-08-18,0.4022,-1,-1,0,-1
2016-08-19,0.5718,0,0,0,0
2016-08-22,0.3241,0,0,0,0
2016-08-23,0.2458,0,0,0,0
2016-08-24,0.2788,0,0,0,0
2016-08-25,0.3661,0,0,0,0
2016-08-26,0.3558,0,0,0,0
2016-08-29,0.4572,0,0,0,0
2016-08-30,0.3909,0,0,0,0
2016-08-31,0.0443,0,0,0,0
2016-09-01,0.0615,0,0,0,0
2016-09-02,-0.2076,0,0,0,0
2016-09-05,-0.2512,0,0,0,0
2016-09-06,0.0147,0,0,0,0
2016-09-07,-0.0921,0,0,0,0
2016-09-08,-0.1765,0,0,0,0
2016-09-09,-0.1062,0,0,0,0
2016-09-12,-0.2783,0,0,0,0
2016-09-13,-0.5382,0,0,0,0
2016-09-14,-0.1826,0,0,0,0
2016-09-19,-0.1742,0,0,0,0
2016-09-20,-0.2092,0,0,0,0
2016-09-21,0.0287,0,0,0,0
2016-09-22,-0.2165,0,0,0,0
2016-09-23,-0.3512,0,0,0,0
2016-09-26,-0.5196,0,0,0,0
2016-09-27,-0.3406,0,0,0,0
2016-09-28,-0.2609,0,0,0,0
2016-09-29,-0.0377,0,0,0,0
2016-09-30,0.1077,0,0,0,0
2016-10-10,0.6402,0,0,1,0
2016-10-11,0.5423,0,0,1,0
2016-10-12,0.5128,0,0,1,0
2016-10-13,0.6093,0,0,1,0
2016-10-14,0.2177,0,0,1,0
2016-10-17,-0.3117,0,0,1,0
2016-10-18,-0.3085,0,0,1,0
2016-10-19,-0.4002,0,0,1,0
2016-10-20,-0.2999,0,0,1,0
2016-10-21,-0.3516,0,0,1,0
2016-10-24,-0.3359,0,0,1,0
2016-10-25,-0.3935,0,0,1,0
2016-10-26,-0.2797,0,0,1,0
2016-10-27,-0.241,0,0,1,0
2016-10-28,0.0798,0,0,1,0
2016-10-31,0.1268,0,0,1,0
2016-11-01,0.2744,0,0,1,0
2016-11-02,0.3224,0,0,1,0
2016-11-03,0.0206,0,0,1,0
2016-11-04,-0.0433,0,0,1,0
2016-11-07,-0.2145,0,0,1,0
2016-11-08,-0.1754,0,0,1,0
2016-11-09,-0.402,0,0,1,0
2016-11-10,-0.3739,0,0,1,0
2016-11-11,-0.3778,0,0,1,0
2016-11-14,-0.1277,0,0,1,0
2016-11-15,0.0597,0,0,1,0
2016-11-16,0.3234,0,0,1,0
2016-11-17,0.0803,0,0,1,0
2016-11-18,0.1853,0,0,1,0
2016-11-21,-0.0903,0,0,1,0
2016-11-22,-0.2884,0,0,1,0
2016-11-23,-0.4672,0,0,1,0
2016-11-24,-0.4145,0,0,1,0
2016-11-25,-0.4171,0,0,1,0
2016-11-28,-0.4608,0,0,1,0
2016-11-29,-0.3839,0,0,1,0
2016-11-30,0.2443,0,0,1,0
2016-12-01,0.1742,0,0,1,0
2016-12-02,0.0672,0,0,1,0
2016-12-05,0.4897,0,0,1,0
2016-12-06,0.5033,0,0,1,0
2016-12-07,0.0622,0,0,1,0
2016-12-08,0.2204,0,0,1,0
2016-12-09,0.0277,0,0,1,0
2016-12-12,-0.5454,0,0,1,0
2016-12-13,-0.5695,0,0,1,0
2016-12-14,-0.599,0,0,1,0
2016-12-15,-0.2453,0,0,1,0
2016-12-16,0.1842,0,0,1,0
2016-12-19,0.2987,0,0,1,0
2016-12-20,0.4714,0,0,1,0
2016-12-21,0.4301,0,0,1,0
2016-12-22,0.0734,0,0,1,0
2016-12-23,-0.0408,0,0,1,0
2016-12-26,0.1254,0,0,1,0
2016-12-27,-0.0737,0,0,1,0
2016-12-28,0.0799,0,0,1,0
2016-12-29,0.2129,0,0,1,0
2016-12-30,0.1988,0,0,1,0
2017-01-03,-0.0348,0,0,1,0
2017-01-04,0.0931,0,0,1,0
2017-01-05,-0.0863,0,0,1,0
2017-01-06,-0.2911,0,0,1,0
2017-01-09,-0.4072,0,0,1,0
2017-01-10,-0.209,0,0,1,0
2017-01-11,-0.3058,0,0,1,0
2017-01-12,-0.1039,0,0,1,0
2017-01-13,-0.0511,0,0,1,0
2017-01-16,-0.4659,0,0,1,0
2017-01-17,-0.2848,0,0,1,0
2017-01-18,-0.5742,0,0,1,0
2017-01-19,-0.5265,0,0,1,0
2017-01-20,-0.1215,0,0,1,0
2017-01-23,0.512,0,0,1,0
2017-01-24,-0.0183,0,0,1,0
2017-01-25,0.441,0,0,1,0
2017-01-26,0.4569,0,0,1,0
2017-02-03,0.3836,0,0,1,0
2017-02-06,0.4725,0,0,1,0
2017-02-07,0.594,0,0,1,0
2017-02-08,0.6111,0,0,1,0
2017-02-09,0.4435,0,0,1,0
2017-02-10,-0.1571,0,0,1,0
2017-02-13,-0.3154,0,0,1,0
2017-02-14,-0.3101,0,0,1,0
2017-02-15,-0.4967,0,0,1,0
2017-02-16,-0.4768,0,0,1,0
2017-02-17,0.1206,0,0,1,0
2017-02-20,-0.172,0,0,1,0
2017-02-21,0.1555,0,0,1,0
2017-02-22,0.0852,0,0,1,0
2017-02-23,0.4195,0,0,1,0
2017-02-24,0.4281,0,0,1,0
2017-02-27,0.6761,0,0,1,0
2017-02-28,0.4617,0,0,1,0
2017-03-01,0.5045,0,0,1,0
2017-03-02,0.3523,0,0,1,0
2017-03-03,0.2659,0,0,1,0
2017-03-06,0.3509,0,0,1,0
2017-03-07,0.4838,0,0,1,0
2017-03-08,0.3836,0,0,1,0
2017-03-09,0.3694,0,0,1,0
2017-03-10,0.2542,0,0,1,0
2017-03-13,0.0272,0,0,1,0
2017-03-14,-0.2093,0,0,1,0
2017-03-15,-0.1863,0,0,1,0
2017-03-16,-0.2535,0,0,1,0
2017-03-17,-0.313,0,0,1,0
2017-03-20,-0.4636,0,0,1,0
2017-03-21,-0.3928,0,0,1,0
2017-03-22,-0.2756,0,0,1,0
2017-03-23,-0.3103,0,0,1,0
2017-03-24,-0.3711,0,0,1,0
2017-03-27,-0.3847,0,0,1,0
2017-03-28,-0.304,0,0,1,0
2017-03-29,-0.5324,0,0,1,0
2017-03-30,-0.6482,0,0,1,0
2017-03-31,-0.5552,0,0,1,0
2017-04-05,-0.4863,0,0,1,0
2017-04-06,-0.6012,0,0,1,0
2017-04-07,-0.3135,0,0,1,0
2017-04-10,-0.4156,0,0,1,0
2017-04-11,-0.4638,0,0,1,0
2017-04-12,-0.5255,0,0,1,0
2017-04-13,-0.2994,0,0,1,0
2017-04-14,-0.192,0,0,1,0
2017-04-17,0.2225,0,0,1,0
2017-04-18,0.2197,0,0,1,0
2017-04-19,0.544,0,0,1,0
2017-04-20,0.5059,0,0,1,0
2017-04-21,0.2696,0,0,1,0
2017-04-24,0.5151,0,0,1,0
2017-04-25,0.5116,0,0,1,0
2017-04-26,0.3924,0,0,1,0
2017-04-27,0.4216,0,0,1,0
2017-04-28,0.4529,0,0,1,0
2017-05-02,0.2541,0,0,1,0
2017-05-03,0.2705,0,0,1,0
2017-05-04,0.1248,0,0,1,0
2017-05-05,-0.0623,0,0,1,0
2017-05-08,-0.0508,0,0,1,0
2017-05-09,-0.0159,0,0,1,0
2017-05-10,0.021,0,0,1,0
2017-05-11,-0.128,0,0,1,0
2017-05-12,-0.1994,0,0,1,0
2017-05-15,-0.1537,0,0,1,0
2017-05-16,-0.0183,0,0,1,0
2017-05-17,-0.0988,0,0,1,0
2017-05-18,0.091,0,0,1,0
2017-05-19,0.1208,0,0,1,0
2017-05-22,-0.007,0,0,1,0
2017-05-23,-0.4112,0,0,1,0
2017-05-24,-0.3493,0,0,1,0
2017-05-25,-0.5314,0,0,1,0
2017-05-26,-0.5168,0,0,1,0
2017-05-31,-0.514,0,0,1,0
2017-06-01,-0.3524,0,0,1,0
2017-06-02,-0.338,0,0,1,0
2017-06-05,0.139,0,0,1,0
2017-06-06,0.2369,0,0,1,0
2017-06-07,0.3688,0,0,1,0
2017-06-08,0.4425,0,0,1,0
2017-06-09,0.3416,0,0,1,0
2017-06-12,-0.1885,0,0,1,0
2017-06-13,-0.0895,0,0,1,0
2017-06-14,-0.0303,0,0,1,0
2017-06-15,0.3502,0,0,1,0
2017-06-16,0.4919,0,0,1,0
2017-06-19,0.6563,0,0,1,0
2017-06-20,0.5524,0,0,1,0
2017-06-21,0.3889,0,0,1,0
2017-06-22,-0.1155,0,0,1,0
2017-06-23,-0.1678,0,0,1,0
2017-06-26,-0.211,0,0,1,0
2017-06-27,-0.1952,0,0,1,0
2017-06-28,-0.3303,0,0,1,0
2017-06-29,-0.1491,0,0,1,0
2017-06-30,-0.2125,0,0,1,0
2017-07-03,-0.1752,0,0,1,0
2017-07-04,-0.068,0,0,1,0
2017-07-05,0.1139,0,0,1,0
2017-07-06,0.0839,0,0,1,0
2017-07-07,-0.0101,0,0,1,0
2017-07-10,-0.3649,0,0,1,0
2017-07-11,-0.5234,0,0,1,0
2017-07-12,-0.4576,0,0,1,0
2017-07-13,-0.5543,0,0,1,0
2017-07-14,-0.5819,0,0,1,0
2017-07-17,-0.6526,0,0,0,0
2017-07-18,-0.6414,0,0,0,0
2017-07-19,-0.6309,0,0,0,0
2017-07-20,-0.4078,0,0,0,0
2017-07-21,-0.2197,0,0,0,0
2017-07-24,0.1361,0,0,0,0
2017-07-25,0.2875,0,0,0,0
2017-07-26,0.2798,0,0,0,0
2017-07-27,0.5808,0,0,0,0
2017-07-28,0.5026,0,0,0,0
2017-07-31,0.3767,0,0,0,0
2017-08-01,0.3694,0,0,0,0
2017-08-02,0.3853,0,0,0,0
2017-08-03,-0.0827,0,0,0,0
2017-08-04,-0.0902,0,0,0,0
2017-08-07,0.0176,0,0,0,0
2017-08-08,0.1572,0,0,0,0
2017-08-09,0.2082,0,0,0,0
2017-08-10,0.3084,0,0,0,0
2017-08-11,0.5749,0,0,0,0
2017-08-14,0.7466,0,1,1,1
2017-08-15,0.6407,0,1,1,1
2017-08-16,0.6434,0,1,1,1
2017-08-17,0.5159,0,1,1,1
2017-08-18,0.1853,0,1,1,1
2017-08-21,-0.228,0,1,1,1
2017-08-22,-0.296,0,1,1,1
2017-08-23,-0.3988,0,1,1,1
2017-08-24,-0.3404,0,1,1,1
2017-08-25,-0.3164,0,1,1,1
2017-08-28,-0.2107,0,1,1,1
2017-08-29,-0.2404,0,1,1,1
2017-08-30,-0.3092,0,1,1,1
2017-08-31,-0.1191,0,1,1,1
2017-09-01,0.0516,0,1,1,1
2017-09-04,0.1209,0,1,1,1
2017-09-05,0.2627,0,1,1,1
2017-09-06,0.3764,0,1,1,1
2017-09-07,0.2322,0,1,1,1
2017-09-08,0.1211,0,1,1,1
2017-09-11,0.0695,0,1,1,1
2017-09-12,-0.1771,0,1,1,1
2017-09-13,-0.2139,0,1,1,1
2017-09-14,-0.2462,0,1,1,1
2017-09-15,-0.0642,0,1,1,1
2017-09-18,-0.0552,0,1,1,1
2017-09-19,0.0754,0,1,1,1
2017-09-20,0.0276,0,1,1,1
2017-09-21,-0.0789,0,1,1,1
2017-09-22,-0.2297,0,1,1,1
2017-09-25,-0.3259,0,1,1,1
2017-09-26,-0.4284,0,1,1,1
2017-09-27,-0.2423,0,1,1,1
2017-09-28,0.0133,0,1,1,1
2017-09-29,0.1889,0,1,1,1
2017-10-09,0.1846,0,1,1,1
2017-10-10,0.4818,0,1,1,1
2017-10-11,0.2094,0,1,1,1
2017-10-12,0.1467,0,1,1,1
2017-10-13,0.1018,0,1,1,1
2017-10-16,-0.0486,0,1,1,1
2017-10-17,-0.2556,0,1,1,1
2017-10-18,-0.2591,0,1,1,1
2017-10-19,-0.2738,0,1,1,1
2017-10-20,-0.3563,0,1,1,1
2017-10-23,-0.1106,0,1,1,1
2017-10-24,-0.1788,0,1,1,1
2017-10-25,-0.0609,0,1,1,1
2017-10-26,-0.136,0,1,1,1
2017-10-27,-0.2328,0,1,1,1
2017-10-30,-0.456,0,1,1,1
2017-10-31,-0.1708,0,1,1,1
2017-11-01,-0.1294,0,1,1,1
2017-11-02,-0.0524,0,1,1,1
2017-11-03,0.1927,0,1,1,1
2017-11-06,0.5364,0,1,1,1
2017-11-07,0.2405,0,1,1,1
2017-11-08,0.3361,0,1,1,1
2017-11-09,0.3557,0,1,1,1
2017-11-10,0.3703,0,1,1,1
2017-11-13,0.1656,0,1,1,1
2017-11-14,0.0484,0,1,1,1
2017-11-15,-0.3957,0,1,1,1
2017-11-16,-0.2151,0,1,1,1
2017-11-17,-0.6504,0,1,0,0
2017-11-20,-0.3754,0,1,0,0
2017-11-21,-0.4163,0,1,0,0
2017-11-22,-0.1639,0,1,0,0
2017-11-23,-0.3449,0,1,0,0
2017-11-24,-0.29,0,1,0,0
2017-11-27,-0.5236,0,1,0,0
2017-11-28,-0.2826,0,1,0,0
2017-11-29,-0.337,0,1,0,0
2017-11-30,-0.2185,0,1,0,0
2017-12-01,0.1097,0,1,0,0
2017-12-04,0.2083,0,1,0,0
2017-12-05,-0.1269,0,1,0,0
2017-12-06,0.2567,0,1,0,0
2017-12-07,0.3932,0,1,0,0
2017-12-08,0.2909,0,1,0,0
2017-12-11,0.5248,0,1,0,0
2017-12-12,0.6936,0,1,1,0
2017-12-13,0.4883,0,1,1,0
2017-12-14,0.2553,0,1,1,0
2017-12-15,0.2239,0,1,1,0
2017-12-18,-0.1161,0,1,1,0
2017-12-19,-0.3055,0,1,1,0
2017-12-20,-0.2838,0,1,1,0
2017-12-21,-0.1816,0,1,1,0
2017-12-22,-0.285,0,1,1,0
2017-12-25,-0.2917,0,1,1,0
2017-12-26,-0.3401,0,1,1,0
2017-12-27,-0.3693,0,1,1,0
2017-12-28,-0.3591,0,1,1,0
2017-12-29,-0.2549,0,1,1,0
2018-01-02,-0.3439,0,1,1,0
2018-01-03,-0.0127,0,1,1,0
2018-01-04,0.0254,0,1,1,0
2018-01-05,-0.1509,0,1,1,0
2018-01-08,-0.382,0,1,1,0
2018-01-09,-0.027,0,1,1,0
2018-01-10,-0.3491,0,1,1,0
2018-01-11,-0.0475,0,1,1,0
2018-01-12,0.014,0,1,1,0
2018-01-15,-0.1176,0,1,1,0
2018-01-16,-0.4779,0,1,1,0
2018-01-17,-0.2952,0,1,1,0
2018-01-18,-0.6615,0,1,0,0
2018-01-19,-0.4112,0,1,0,0
2018-01-22,0.147,0,1,0,0
2018-01-23,0.3117,0,1,0,0
2018-01-24,0.4574,0,1,0,0
2018-01-25,0.5282,0,1,0,0
2018-01-26,0.3526,0,1,0,0
2018-01-29,-0.0109,0,1,0,0
2018-01-30,0.1912,0,1,0,0
2018-01-31,-0.1604,0,1,0,0
2018-02-01,-0.2785,0,1,0,0
2018-02-02,-0.2837,0,1,0,0
2018-02-05,-0.4797,0,1,0,0
2018-02-06,-0.5174,0,1,0,0
2018-02-07,-0.1308,0,1,0,0
2018-02-08,0.4123,0,1,0,0
2018-02-09,0.6793,0,1,1,0
2018-02-12,0.8406,1,1,1,1
2018-02-13,0.7591,1,1,1,1
2018-02-14,0.55,1,1,1,1
2018-02-22,0.2644,1,1,1,1
2018-02-23,-0.0669,1,1,1,1
2018-02-26,-0.1182,1,1,1,1
2018-02-27,0.2112,1,1,1,1
2018-02-28,0.3204,1,1,1,1
2018-03-01,0.4608,1,1,1,1
2018-03-02,0.4445,1,1,1,1
2018-03-05,0.4082,1,1,1,1
2018-03-06,0.082,1,1,1,1
2018-03-07,-0.0048,1,1,1,1
2018-03-08,-0.1952,1,1,1,1
2018-03-09,-0.0057,1,1,1,1
2018-03-12,-0.0915,1,1,1,1
2018-03-13,-0.029,1,1,1,1
2018-03-14,-0.2059,1,1,1,1
2018-03-15,-0.1347,1,1,1,1
2018-03-16,-0.4616,1,1,1,1
2018-03-19,-0.3706,1,1,1,1
2018-03-20,-0.2187,1,1,1,1
2018-03-21,-0.1178,1,1,1,1
2018-03-22,-0.2556,1,1,1,1
2018-03-23,-0.2769,1,1,1,1
2018-03-26,-0.0058,1,1,1,1
2018-03-27,0.3408,1,1,1,1
2018-03-28,0.3775,1,1,1,1
2018-03-29,-0.0051,1,1,1,1
2018-03-30,0.541,1,1,1,1
2018-04-02,-0.0062,1,1,1,1
2018-04-03,-0.3651,1,1,1,1
2018-04-04,-0.4299,1,1,1,1
2018-04-09,-0.0196,1,1,1,1
2018-04-10,-0.645,1,1,1,1
2018-04-11,-0.6247,1,1,1,1
2018-04-12,-0.512,1,1,1,1
2018-04-13,-0.3857,1,1,1,1
2018-04-16,-0.1215,1,1,1,1
2018-04-17,-0.1209,1,1,1,1
2018-04-18,-0.0092,1,1,1,1
2018-04-19,-0.109,1,1,1,1
2018-04-20,-0.0745,1,1,1,1
2018-04-23,-0.5433,1,1,1,1
2018-04-24,-0.1759,1,1,1,1
2018-04-25,-0.0054,1,1,1,1
2018-04-26,-0.194,1,1,1,1
2018-04-27,-0.1242,1,1,1,1
2018-05-02,0.0567,1,1,1,1
2018-05-03,0.1032,1,1,1,1
2018-05-04,-0.1964,1,1,1,1
2018-05-07,0.101,1,1,1,1
2018-05-08,-0.0325,1,1,1,1
2018-05-09,0.0623,1,1,1,1
2018-05-10,0.0006,1,1,1,1
2018-05-11,-0.061,1,1,1,1
2018-05-14,-0.1577,1,1,1,1
2018-05-15,0.0901,1,1,1,1
2018-05-16,0.1834,1,1,1,1
2018-05-17,-0.0162,1,1,1,1
2018-05-18,-0.0736,1,1,1,1
2018-05-21,0.1363,1,1,1,1
2018-05-22,0.1317,1,1,1,1
2018-05-23,0.0953,1,1,1,1
2018-05-24,0.1945,1,1,1,1
2018-05-25,0.1035,1,1,1,1
2018-05-28,-0.1486,1,1,1,1
2018-05-29,-0.515,1,1,1,1
2018-05-30,-0.5649,1,1,1,1
2018-05-31,-0.5397,1,1,1,1
2018-06-01,-0.5443,1,1,1,1
2018-06-04,-0.6066,1,1,1,1
2018-06-05,0.0097,1,1,1,1
2018-06-06,0.1138,1,1,1,1
2018-06-07,0.0634,1,1,1,1
2018-06-08,0.5064,1,1,1,1
2018-06-11,0.4693,1,1,1,1
2018-06-12,0.0413,1,1,1,1
2018-06-13,-0.2485,1,1,1,1
2018-06-14,-0.1811,1,1,1,1
2018-06-15,-0.5105,1,1,1,1
2018-06-19,-0.293,1,1,1,1
2018-06-20,-0.1519,1,1,1,1
2018-06-21,-0.2771,1,1,1,1
2018-06-22,-0.0101,1,1,1,1
2018-06-25,0.348,1,1,1,1
2018-06-26,0.5834,1,1,1,1
2018-06-27,0.402,1,1,1,1
2018-06-28,0.5784,1,1,1,1
2018-06-29,0.6079,1,1,1,1
2018-07-02,0.573,1,1,1,1
2018-07-03,0.2719,1,1,1,1
2018-07-04,0.1168,1,1,1,1
2018-07-05,-0.0587,1,1,1,1
2018-07-06,-0.2139,1,1,1,1
2018-07-09,-0.3027,1,1,1,1
2018-07-10,-0.2116,1,1,1,1
2018-07-11,0.0861,1,1,1,1
2018-07-12,0.2964,1,1,1,1
2018-07-13,0.3171,1,1,1,1
2018-07-16,0.3104,1,1,1,1
2018-07-17,0.3239,1,1,1,1
2018-07-18,0.1164,1,1,1,1
2018-07-19,-0.1411,1,1,1,1
2018-07-20,-0.3902,1,1,1,1
2018-07-23,-0.5419,1,1,1,1
2018-07-24,-0.6603,0,1,0,0
2018-07-25,-0.5272,0,1,0,0
2018-07-26,-0.5607,0,1,0,0
2018-07-27,-0.5133,0,1,0,0
2018-07-30,-0.5611,0,1,0,0
2018-07-31,-0.4937,0,1,0,0
2018-08-01,-0.4597,0,1,0,0
2018-08-02,-0.3646,0,1,0,0
2018-08-03,-0.4375,0,1,0,0
2018-08-06,-0.3314,0,1,0,0
2018-08-07,-0.3368,0,1,0,0
2018-08-08,-0.4713,0,1,0,0
2018-08-09,-0.0283,0,1,0,0
2018-08-10,0.364,0,1,0,0
2018-08-13,0.7133,0,1,1,1
2018-08-14,0.6918,0,1,1,1
2018-08-15,0.7234,0,1,1,1
2018-08-16,0.5046,0,1,1,1
2018-08-17,0.1853,0,1,1,1
2018-08-20,-0.1176,0,1,1,1
2018-08-21,0.086,0,1,1,1
2018-08-22,0.0207,0,1,1,1
2018-08-23,0.118,0,1,1,1
2018-08-24,0.1972,0,1,1,1
2018-08-27,0.3488,0,1,1,1
2018-08-28,0.2912,0,1,1,1
2018-08-29,0.2842,0,1,1,1
2018-08-30,-0.001,0,1,1,1
2018-08-31,-0.2023,0,1,1,1
2018-09-03,-0.374,0,1,1,1
2018-09-04,-0.3542,0,1,1,1
2018-09-05,-0.2348,0,1,1,1
2018-09-06,-0.1527,0,1,1,1
2018-09-07,0.0252,0,1,1,1
2018-09-10,-0.3013,0,1,1,1
2018-09-11,-0.1636,0,1,1,1
2018-09-12,-0.322,0,1,1,1
2018-09-13,-0.4034,0,1,1,1
2018-09-14,-0.4051,0,1,1,1
2018-09-17,-0.0931,0,1,1,1
2018-09-18,-0.3958,0,1,1,1
2018-09-19,-0.233,0,1,1,1
2018-09-20,-0.052,0,1,1,1
2018-09-21,0.0629,0,1,1,1
2018-09-25,0.3369,0,1,1,1
2018-09-26,0.5074,0,1,1,1
2018-09-27,0.2104,0,1,1,1
2018-09-28,0.1953,0,1,1,1
2018-10-08,-0.0798,0,1,1,1
2018-10-09,-0.2747,0,1,1,1
2018-10-10,-0.549,0,1,1,1
2018-10-11,-0.4577,0,1,1,1
2018-10-12,-0.5713,0,1,1,1
2018-10-15,-0.0601,0,1,1,1
2018-10-16,-0.1412,0,1,1,1
2018-10-17,-0.0591,0,1,1,1
2018-10-18,0.1467,0,1,1,1
2018-10-19,0.3095,0,1,1,1
2018-10-22,0.3655,0,1,1,1
2018-10-23,0.3681,0,1,1,1
2018-10-24,0.2659,0,1,1,1
2018-10-25,0.0588,0,1,1,1
2018-10-26,-0.102,0,1,1,1
2018-10-29,-0.2422,0,1,1,1
2018-10-30,-0.2861,0,1,1,1
2018-10-31,0.0102,0,1,1,1
2018-11-01,0.4614,0,1,1,1
2018-11-02,0.7499,0,1,1,1
2018-11-05,0.6597,0,1,1,1
2018-11-06,0.5144,0,1,1,1
2018-11-07,0.4287,0,1,1,1
2018-11-08,0.1702,0,1,1,1
2018-11-09,-0.0643,0,1,1,1
2018-11-12,0.1164,0,1,1,1
2018-11-13,0.3261,0,1,1,1
2018-11-14,0.2415,0,1,1,1
2018-11-15,0.3549,0,1,1,1
2018-11-16,0.2351,0,1,1,1
2018-11-19,-0.1478,0,1,1,1
2018-11-20,-0.3009,0,1,1,1
2018-11-21,-0.2594,0,1,1,1
2018-11-22,-0.2779,0,1,1,1
2018-11-23,-0.3886,0,1,1,1
2018-11-26,-0.4106,0,1,1,1
2018-11-27,-0.3181,0,1,1,1
2018-11-28,-0.2845,0,1,1,1
2018-11-29,-0.4511,0,1,1,1
2018-11-30,-0.1561,0,1,1,1
2018-12-03,0.3462,0,1,1,1
2018-12-04,0.2425,0,1,1,1
2018-12-05,0.3376,0,1,1,1
2018-12-06,0.2555,0,1,1,1
2018-12-07,-0.0465,0,1,1,1
2018-12-10,-0.4012,0,1,1,1
2018-12-11,-0.1809,0,1,1,1
2018-12-12,-0.4192,0,1,1,1
2018-12-13,-0.1111,0,1,1,1
2018-12-14,-0.202,0,1,1,1
2018-12-17,-0.3503,0,1,1,1
2018-12-18,-0.473,0,1,1,1
2018-12-19,-0.5461,0,1,1,1
2018-12-20,-0.3398,0,1,1,1
2018-12-21,-0.1761,0,1,1,1
2018-12-24,0.1806,0,1,1,1
2018-12-25,0.1816,0,1,1,1
2018-12-26,0.1752,0,1,1,1
2018-12-27,-0.2646,0,1,1,1
2018-12-28,-0.163,0,1,1,1
2019-01-02,-0.2536,0,1,1,1
2019-01-03,-0.5595,0,1,1,1
2019-01-04,-0.2001,0,1,1,1
2019-01-07,0.3719,0,1,1,1
2019-01-08,0.3884,0,1,1,1
2019-01-09,0.415,0,1,1,1
2019-01-10,0.6702,0,1,1,1
2019-01-11,0.538,0,1,1,1
2019-01-14,0.1245,0,1,1,1
2019-01-15,0.2969,0,1,1,1
2019-01-16,0.2911,0,1,1,1
2019-01-17,0.0578,0,1,1,1
2019-01-18,0.0626,0,1,1,1
2019-01-21,0.3294,0,1,1,1
2019-01-22,-0.0464,0,1,1,1
2019-01-23,-0.1364,0,1,1,1
2019-01-24,0.099,0,1,1,1
2019-01-25,0.0285,0,1,1,1
2019-01-28,-0.2215,0,1,1,1
2019-01-29,-0.3796,0,1,1,1
2019-01-30,-0.4056,0,1,1,1
2019-01-31,-0.5915,0,1,1,1
2019-02-01,-0.1658,0,1,1,1
2019-02-11,0.4892,0,1,1,1
2019-02-12,0.7106,0,1,1,1
2019-02-13,0.785,1,1,1,1
2019-02-14,0.819,1,1,1,1
2019-02-15,0.6157,1,1,1,1
2019-02-18,0.4669,1,1,1,1
2019-02-19,0.3629,1,1,1,1
2019-02-20,0.1366,1,1,1,1
2019-02-21,0.0783,1,1,1,1
2019-02-22,0.2385,1,1,1,1
2019-02-25,0.0308,1,1,1,1
2019-02-26,0.0235,1,1,1,1
2019-02-27,-0.1087,1,1,1,1
2019-02-28,-0.0621,1,1,1,1
2019-03-01,-0.3572,1,1,1,1
2019-03-04,-0.2818,1,1,1,1
2019-03-05,-0.1407,1,1,1,1
2019-03-06,-0.031,1,1,1,1
2019-03-07,-0.2896,1,1,1,1
2019-03-08,0.1387,1,1,1,1
2019-03-11,0.3188,1,1,1,1
2019-03-12,0.2324,1,1,1,1
2019-03-13,-0.017,1,1,1,1
2019-03-14,0.0233,1,1,1,1
2019-03-15,-0.2837,1,1,1,1
2019-03-18,-0.365,1,1,1,1
2019-03-19,-0.3478,1,1,1,1
2019-03-20,-0.3057,1,1,1,1
2019-03-21,-0.2473,1,1,1,1
2019-03-22,-0.2659,1,1,1,1
2019-03-25,-0.3471,1,1,1,1
2019-03-26,-0.412,1,1,1,1
2019-03-27,-0.2151,1,1,1,1
2019-03-28,-0.1653,1,1,1,1
2019-03-29,0.0281,1,1,1,1
2019-04-01,0.1585,1,1,1,1
2019-04-02,0.1542,1,1,1,1
2019-04-03,-0.0226,1,1,1,1
2019-04-04,-0.2666,1,1,1,1
2019-04-08,-0.5294,1,1,1,1
2019-04-09,-0.5074,1,1,1,1
2019-04-10,-0.2845,1,1,1,1
2019-04-11,-0.3032,1,1,1,1
2019-04-12,-0.14,1,1,1,1
2019-04-15,0.0163,1,1,1,1
2019-04-16,-0.0848,1,1,1,1
2019-04-17,-0.0493,1,1,1,1
2019-04-18,0.176,1,1,1,1
2019-04-19,0.3244,1,1,1,1
2019-04-22,0.5333,1,1,1,1
2019-04-23,0.4378,1,1,1,1
2019-04-24,0.3785,1,1,1,1
2019-04-25,0.2755,1,1,1,1
2019-04-26,0.2011,1,1,1,1
2019-04-29,-0.0687,1,1,1,1
2019-04-30,-0.1614,1,1,1,1
2019-05-06,-0.4232,1,1,1,1
2019-05-07,-0.3778,1,1,1,1
2019-05-08,-0.3109,1,1,1,1
2019-05-09,-0.2006,1,1,1,1
2019-05-10,0.1258,1,1,1,1
2019-05-13,0.2156,1,1,1,1
2019-05-14,0.1787,1,1,1,1
2019-05-15,0.1399,1,1,1,1
2019-05-16,0.1039,1,1,1,1
2019-05-17,-0.2037,1,1,1,1
2019-05-20,-0.0981,1,1,1,1
2019-05-21,-0.0114,1,1,1,1
2019-05-22,0.0042,1,1,1,1
2019-05-23,-0.1428,1,1,1,1
2019-05-24,-0.1596,1,1,1,1
2019-05-27,0.1292,1,1,1,1
2019-05-28,0.0558,1,1,1,1
2019-05-29,0.1107,1,1,1,1
2019-05-30,0.2698,1,1,1,1
2019-05-31,0.4295,1,1,1,1
2019-06-03,0.0342,1,1,1,1
2019-06-04,-0.1232,1,1,1,1
2019-06-05,-0.2794,1,1,1,1
2019-06-06,-0.3904,1,1,1,1
2019-06-10,-0.209,1,1,1,1
2019-06-11,0.1634,1,1,1,1
2019-06-12,0.315,1,1,1,1
2019-06-13,0.3747,1,1,1,1
2019-06-14,0.5435,1,1,1,1
2019-06-17,0.134,1,1,1,1
2019-06-18,-0.0496,1,1,1,1
2019-06-19,0.1769,1,1,1,1
2019-06-20,0.1074,1,1,1,1
2019-06-21,0.5032,1,1,1,1
2019-06-24,0.4453,1,1,1,1
2019-06-25,0.332,1,1,1,1
2019-06-26,0.2736,1,1,1,1
2019-06-27,0.4273,1,1,1,1
2019-06-28,0.0466,1,1,1,1
2019-07-01,0.5714,1,1,1,1
2019-07-02,0.5712,1,1,1,1
2019-07-03,0.0576,1,1,1,1
2019-07-04,-0.4107,1,1,1,1
2019-07-05,-0.2544,1,1,1,1
2019-07-08,-0.7039,-1,-1,0,-1
2019-07-09,-0.6132,-1,-1,0,-1
2019-07-10,-0.2284,-1,-1,0,-1
2019-07-11,0.0495,-1,-1,0,-1
2019-07-12,-0.2048,-1,-1,0,-1
2019-07-15,-0.0803,-1,-1,0,-1
2019-07-16,-0.2782,-1,-1,0,-1
2019-07-17,-0.2813,-1,-1,0,-1
2019-07-18,-0.4209,-1,-1,0,-1
2019-07-19,-0.306,-1,-1,0,-1
2019-07-22,-0.3416,-1,-1,0,-1
2019-07-23,-0.0581,-1,-1,0,-1
2019-07-24,0.0952,-1,-1,0,-1
2019-07-25,0.3038,-1,-1,0,-1
2019-07-26,0.4094,-1,-1,0,-1
2019-07-29,0.5718,0,0,0,0
2019-07-30,0.4663,0,0,0,0
2019-07-31,0.4276,0,0,0,0
2019-08-01,0.4041,0,0,0,0
2019-08-02,0.4081,0,0,0,0
2019-08-05,0.1746,0,0,0,0
2019-08-06,0.3122,0,0,0,0
2019-08-07,0.2921,0,0,0,0
2019-08-08,0.3094,0,0,0,0
2019-08-09,0.1332,0,0,0,0
2019-08-12,0.4546,0,0,0,0
2019-08-13,0.2975,0,0,0,0
2019-08-14,0.3701,0,0,0,0
2019-08-15,0.3903,0,0,0,0
2019-08-16,0.4929,0,0,0,0
2019-08-19,0.3813,0,0,0,0
2019-08-20,0.3782,0,0,0,0
2019-08-21,0.1117,0,0,0,0
2019-08-22,0.0022,0,0,0,0
2019-08-23,-0.0958,0,0,0,0
2019-08-26,-0.3318,0,0,0,0
2019-08-27,-0.2202,0,0,0,0
2019-08-28,-0.209,0,0,0,0
2019-08-29,-0.1526,0,0,0,0
2019-08-30,-0.1972,0,0,0,0
2019-09-02,0.1045,0,0,0,0
2019-09-03,0.1961,0,0,0,0
2019-09-04,-0.1249,0,0,0,0
2019-09-05,-0.1173,0,0,0,0
2019-09-06,-0.0725,0,0,0,0
2019-09-09,0.0608,0,0,0,0
2019-09-10,-0.2447,0,0,0,0
2019-09-11,-0.2662,0,0,0,0
2019-09-12,-0.3791,0,0,0,0
2019-09-16,-0.2538,0,0,0,0
2019-09-17,-0.5079,0,0,0,0
2019-09-18,-0.3015,0,0,0,0
2019-09-19,0.2664,0,0,0,0
2019-09-20,0.277,0,0,0,0
2019-09-23,0.1923,0,0,0,0
2019-09-24,0.2891,0,0,0,0
2019-09-25,0.0004,0,0,0,0
2019-09-26,-0.6023,0,0,0,0
2019-09-27,-0.4198,0,0,0,0
2019-09-30,-0.4887,0,0,0,0
2019-10-08,-0.6672,0,0,0,0
2019-10-09,-0.6057,0,0,0,0
2019-10-10,0.0507,0,0,0,0
2019-10-11,-0.2941,0,0,0,0
2019-10-14,-0.1801,0,0,0,0
2019-10-15,0.0139,0,0,0,0
2019-10-16,0.1037,0,0,0,0
2019-10-17,-0.0779,0,0,0,0
2019-10-18,0.1979,0,0,0,0
2019-10-21,0.0417,0,0,0,0
2019-10-22,0.2625,0,0,0,0
2019-10-23,0.1347,0,0,0,0
2019-10-24,-0.1687,0,0,0,0
2019-10-25,-0.0076,0,0,0,0
2019-10-28,0.4477,0,0,0,0
2019-10-29,0.3242,0,0,0,0
2019-10-30,0.4693,0,0,0,0
2019-10-31,0.5261,0,0,0,0
2019-11-01,0.2556,0,0,0,0
2019-11-04,0.0644,0,0,0,0
2019-11-05,0.0196,0,0,0,0
2019-11-06,-0.0987,0,0,0,0
2019-11-07,0.0234,0,0,0,0
2019-11-08,0.2148,0,0,0,0
2019-11-11,0.0657,0,0,0,0
2019-11-12,-0.0244,0,0,0,0
2019-11-13,0.3414,0,0,0,0
2019-11-14,0.3701,0,0,0,0
2019-11-15,0.2283,0,0,0,0
2019-11-18,0.0747,0,0,0,0
2019-11-19,0.5692,0,0,0,0
2019-11-20,0.2813,0,0,0,0
2019-11-21,-0.1036,0,0,0,0
2019-11-22,-0.4986,0,0,0,0
2019-11-25,-0.804,-1,-1,-1,-1
2019-11-26,-0.7876,-1,-1,-1,-1
2019-11-27,-0.7297,-1,-1,-1,-1
2019-11-28,-0.645,-1,-1,-1,-1
2019-11-29,-0.4851,-1,-1,-1,-1
2019-12-02,0.0863,-1,-1,0,-1
2019-12-03,-0.2099,-1,-1,0,-1
2019-12-04,-0.116,-1,-1,0,-1
2019-12-05,0.1523,-1,-1,0,-1
2019-12-06,0.4737,0,0,0,0
2019-12-09,0.3001,0,0,0,0
2019-12-10,0.4564,0,0,0,0
2019-12-11,0.1798,0,0,0,0
2019-12-12,-0.0466,0,0,0,0
2019-12-13,-0.1572,0,0,0,0
2019-12-16,0.177,0,0,0,0
2019-12-17,-0.0115,0,0,0,0
2019-12-18,0.1375,0,0,0,0
2019-12-19,0.0026,0,0,0,0
2019-12-20,-0.1823,0,0,0,0
2019-12-23,-0.3086,0,0,0,0
2019-12-24,-0.1137,0,0,0,0
2019-12-25,0.1595,0,0,0,0
2019-12-26,0.189,0,0,0,0
2019-12-27,0.1844,0,0,0,0
2019-12-30,0.1093,0,0,0,0
2019-12-31,-0.0122,0,0,0,0
2020-01-02,-0.2154,0,0,0,0
2020-01-03,-0.2351,0,0,0,0
2020-01-06,0.1433,0,0,0,0
2020-01-07,0.2626,0,0,0,0
2020-01-08,0.2237,0,0,0,0
2020-01-09,0.5454,0,0,0,0
2020-01-10,0.5643,0,0,0,0
2020-01-13,0.5609,0,0,0,0
2020-01-14,0.3913,0,0,0,0
2020-01-15,0.5773,0,0,0,0
2020-01-16,0.3563,0,0,0,0
2020-01-17,0.3163,0,0,0,0
2020-01-20,0.2511,0,0,0,0
2020-01-21,0.4907,0,0,0,0
2020-01-22,0.4115,0,0,0,0
2020-01-23,0.1415,0,0,0,0
2020-02-03,0.2133,0,0,0,0
2020-02-04,0.4562,0,0,0,0
2020-02-05,0.478,0,0,0,0
2020-02-06,0.5164,0,0,0,0
2020-02-07,0.6658,0,0,1,0
2020-02-10,0.3883,0,0,1,0
2020-02-11,-0.0493,0,0,1,0
2020-02-12,0.0217,0,0,1,0
2020-02-13,-0.3892,0,0,1,0
2020-02-14,-0.6172,0,0,1,0
2020-02-17,-0.3287,0,0,1,0
2020-02-18,-0.2206,0,0,1,0
2020-02-19,-0.5006,0,0,1,0
2020-02-20,-0.3933,0,0,1,0
2020-02-21,-0.1116,0,0,1,0
2020-02-24,0.0409,0,0,1,0
2020-02-25,0.0893,0,0,1,0
2020-02-26,-0.5162,0,0,1,0
2020-02-27,-0.4527,0,0,1,0
2020-02-28,-0.6889,0,0,0,0
2020-03-02,-0.7746,-1,-1,0,-1
2020-03-03,-0.7163,-1,-1,0,-1
2020-03-04,-0.4148,-1,-1,0,-1
2020-03-05,-0.4476,-1,-1,0,-1
2020-03-06,-0.1606,-1,-1,0,-1
2020-03-09,-0.2688,-1,-1,0,-1
2020-03-10,-0.1551,-1,-1,0,-1
2020-03-11,0.0288,-1,-1,0,-1
2020-03-12,-0.1166,-1,-1,0,-1
2020-03-13,-0.1829,-1,-1,0,-1
2020-03-16,-0.3192,-1,-1,0,-1
2020-03-17,-0.5057,-1,-1,0,-1
2020-03-18,-0.2827,-1,-1,0,-1
2020-03-19,0.0203,-1,-1,0,-1
2020-03-20,0.0352,-1,-1,0,-1
2020-03-23,0.3661,-1,-1,0,-1
2020-03-24,0.4895,0,0,0,0
2020-03-25,0.5441,0,0,0,0
2020-03-26,0.3303,0,0,0,0
2020-03-27,0.0648,0,0,0,0
2020-03-30,-0.0182,0,0,0,0
2020-03-31,0.276,0,0,0,0
2020-04-01,0.1008,0,0,0,0
2020-04-02,0.5281,0,0,0,0
2020-04-03,0.7112,0,1,1,1
2020-04-07,0.849,1,1,1,1
2020-04-08,0.6502,1,1,1,1
2020-04-09,0.6325,1,1,1,1
2020-04-10,0.0967,1,1,1,1
2020-04-13,-0.0523,1,1,1,1
2020-04-14,-0.0365,1,1,1,1
2020-04-15,-0.0942,1,1,1,1
2020-04-16,-0.1365,1,1,1,1
2020-04-17,0.2328,1,1,1,1
2020-04-20,0.4268,1,1,1,1
2020-04-21,0.0298,1,1,1,1
2020-04-22,0.1953,1,1,1,1
2020-04-23,-0.0406,1,1,1,1
2020-04-24,-0.1974,1,1,1,1
2020-04-27,-0.2876,1,1,1,1
2020-04-28,0.0771,1,1,1,1
2020-04-29,-0.4638,1,1,1,1
2020-04-30,-0.2763,1,1,1,1
2020-05-06,0.1337,1,1,1,1
2020-05-07,0.1662,1,1,1,1
2020-05-08,-0.1269,1,1,1,1
2020-05-11,0.1345,1,1,1,1
2020-05-12,0.4125,1,1,1,1
2020-05-13,0.1746,1,1,1,1
2020-05-14,0.0269,1,1,1,1
2020-05-15,-0.0277,1,1,1,1
2020-05-18,0.2159,1,1,1,1
2020-05-19,-0.041,1,1,1,1
2020-05-20,-0.489,1,1,1,1
2020-05-21,-0.4827,1,1,1,1
2020-05-22,-0.5344,1,1,1,1
2020-05-25,-0.4893,1,1,1,1
2020-05-26,-0.3243,1,1,1,1
2020-05-27,-0.4622,1,1,1,1
2020-05-28,-0.5223,1,1,1,1
2020-05-29,0.0033,1,1,1,1
2020-06-01,0.3185,1,1,1,1
2020-06-02,-0.3748,1,1,1,1
2020-06-03,0.1294,1,1,1,1
2020-06-04,0.4441,1,1,1,1
2020-06-05,0.1672,1,1,1,1
2020-06-08,-0.3399,1,1,1,1
2020-06-09,0.2738,1,1,1,1
2020-06-10,0.4587,1,1,1,1
2020-06-11,0.4927,1,1,1,1
2020-06-12,0.4113,1,1,1,1
2020-06-15,0.5607,1,1,1,1
2020-06-16,0.5921,1,1,1,1
2020-06-17,0.357,1,1,1,1
2020-06-18,0.1106,1,1,1,1
2020-06-19,0.2966,1,1,1,1
2020-06-22,0.4305,1,1,1,1
2020-06-23,0.5839,1,1,1,1
2020-06-24,0.57,1,1,1,1
2020-06-29,0.6626,1,1,1,1
2020-06-30,0.6883,1,1,1,1
2020-07-01,0.2092,1,1,1,1
2020-07-02,-0.6754,0,1,0,0
2020-07-03,-0.7627,-1,-1,0,-1
2020-07-06,-0.8545,-1,-1,-1,-1
2020-07-07,-0.75,-1,-1,-1,-1
2020-07-08,-0.6178,-1,-1,-1,-1
2020-07-09,-0.1274,-1,-1,0,-1
2020-07-10,0.3678,-1,-1,0,-1
2020-07-13,0.6804,0,0,1,0
2020-07-14,0.3334,0,0,1,0
2020-07-15,0.3374,0,0,1,0
2020-07-16,-0.1646,0,0,1,0
2020-07-17,-0.2352,0,0,1,0
2020-07-20,-0.5226,0,0,1,0
2020-07-21,-0.3032,0,0,1,0
2020-07-22,-0.2427,0,0,1,0
2020-07-23,0.2158,0,0,1,0
2020-07-24,-0.1212,0,0,1,0
2020-07-27,0.2414,0,0,1,0
2020-07-28,0.2197,0,0,1,0
2020-07-29,0.2303,0,0,1,0
2020-07-30,0.0483,0,0,1,0
2020-07-31,0.3358,0,0,1,0
2020-08-03,0.2283,0,0,1,0
2020-08-04,-0.1498,0,0,1,0
2020-08-05,-0.1572,0,0,1,0
2020-08-06,-0.2055,0,0,1,0
2020-08-07,-0.3285,0,0,1,0
2020-08-10,-0.4819,0,0,1,0
2020-08-11,-0.2656,0,0,1,0
2020-08-12,-0.6297,0,0,1,0
2020-08-13,-0.5458,0,0,1,0
2020-08-14,-0.3589,0,0,1,0
2020-08-17,-0.317,0,0,1,0
2020-08-18,-0.2638,0,0,1,0
2020-08-19,-0.2154,0,0,1,0
2020-08-20,-0.0485,0,0,1,0
2020-08-21,-0.0706,0,0,1,0
2020-08-24,0.4083,0,0,1,0
2020-08-25,0.4545,0,0,1,0
2020-08-26,0.5916,0,0,1,0
2020-08-27,0.628,0,0,1,0
2020-08-28,0.5629,0,0,1,0
2020-08-31,0.363,0,0,1,0
2020-09-01,0.2766,0,0,1,0
2020-09-02,0.4096,0,0,1,0
2020-09-03,0.2106,0,0,1,0
2020-09-04,0.0639,0,0,1,0
2020-09-07,-0.2676,0,0,1,0
2020-09-08,-0.4859,0,0,1,0
2020-09-09,-0.7066,-1,-1,0,-1
2020-09-10,-0.6711,-1,-1,0,-1
2020-09-11,-0.4668,-1,-1,0,-1
2020-09-14,-0.1289,-1,-1,0,-1
2020-09-15,0.1208,-1,-1,0,-1
2020-09-16,0.1948,-1,-1,0,-1
2020-09-17,0.1102,-1,-1,0,-1
2020-09-18,-0.2094,-1,-1,0,-1
2020-09-21,-0.3071,-1,-1,0,-1
2020-09-22,-0.2622,-1,-1,0,-1
2020-09-23,0.1737,-1,-1,0,-1
2020-09-24,0.2047,-1,-1,0,-1
2020-09-25,0.3925,-1,-1,0,-1
2020-09-28,0.3527,-1,-1,0,-1
2020-09-29,0.4483,-1,-1,0,-1
2020-09-30,0.3937,-1,-1,0,-1
2020-10-09,0.5606,0,0,0,0
2020-10-12,0.5546,0,0,0,0
2020-10-13,0.6113,0,0,1,0
2020-10-14,0.3982,0,0,1,0
2020-10-15,0.0818,0,0,1,0
2020-10-16,-0.3793,0,0,1,0
2020-10-19,-0.5963,0,0,1,0
2020-10-20,-0.5576,0,0,1,0
2020-10-21,-0.6203,0,0,1,0
2020-10-22,-0.4633,0,0,1,0
2020-10-23,-0.533,0,0,1,0
2020-10-26,-0.2845,0,0,1,0
2020-10-27,-0.2157,0,0,1,0
2020-10-28,0.1584,0,0,1,0
2020-10-29,0.2354,0,0,1,0
2020-10-30,0.4525,0,0,1,0
2020-11-02,0.2692,0,0,1,0
2020-11-03,0.0324,0,0,1,0
2020-11-04,-0.1366,0,0,1,0
2020-11-05,-0.1189,0,0,1,0
2020-11-06,-0.2275,0,0,1,0
2020-11-09,-0.059,0,0,1,0
2020-11-10,-0.1144,0,0,1,0
2020-11-11,-0.453,0,0,1,0
2020-11-12,-0.3431,0,0,1,0
2020-11-13,0.0327,0,0,1,0
2020-11-16,-0.3325,0,0,1,0
2020-11-17,-0.5072,0,0,1,0
2020-11-18,-0.5042,0,0,1,0
2020-11-19,-0.4168,0,0,1,0
2020-11-20,-0.5024,0,0,1,0
2020-11-23,-0.4359,0,0,1,0
2020-11-24,-0.1024,0,0,1,0
2020-11-25,0.1473,0,0,1,0
2020-11-26,-0.1491,0,0,1,0
2020-11-27,-0.2117,0,0,1,0
2020-11-30,0.0573,0,0,1,0
2020-12-01,0.0841,0,0,1,0
2020-12-02,0.3829,0,0,1,0
2020-12-03,0.6939,0,0,1,0
2020-12-04,0.7955,1,1,1,1
2020-12-07,0.7939,1,1,1,1
2020-12-08,0.745,1,1,1,1
2020-12-09,0.6492,1,1,1,1
2020-12-10,0.568,1,1,1,1
2020-12-11,0.3516,1,1,1,1
2020-12-14,0.2462,1,1,1,1
2020-12-15,0.211,1,1,1,1
2020-12-16,0.218,1,1,1,1
2020-12-17,0.0586,1,1,1,1
2020-12-18,-0.03,1,1,1,1
2020-12-21,0.0117,1,1,1,1
2020-12-22,0.0061,1,1,1,1
2020-12-23,0.0032,1,1,1,1
2020-12-24,0.0621,1,1,1,1
2020-12-25,0.1091,1,1,1,1
2020-12-28,-0.3392,1,1,1,1
2020-12-29,-0.5091,1,1,1,1
2020-12-30,-0.3607,1,1,1,1
2020-12-31,-0.1555,1,1,1,1
2021-01-04,0.371,1,1,1,1
2021-01-05,0.7575,1,1,1,1
2021-01-06,0.6819,1,1,1,1
2021-01-07,0.6283,1,1,1,1
2021-01-08,0.2509,1,1,1,1
2021-01-11,-0.2126,1,1,1,1
2021-01-12,-0.3957,1,1,1,1
2021-01-13,-0.4462,1,1,1,1
2021-01-14,-0.5161,1,1,1,1
2021-01-15,-0.443,1,1,1,1
2021-01-18,-0.3798,1,1,1,1
2021-01-19,-0.5543,1,1,1,1
2021-01-20,-0.1728,1,1,1,1
2021-01-21,0.123,1,1,1,1
2021-01-22,0.5225,1,1,1,1
2021-01-25,0.4656,1,1,1,1
2021-01-26,0.4462,1,1,1,1
2021-01-27,0.1333,1,1,1,1
2021-01-28,-0.2037,1,1,1,1
2021-01-29,-0.4337,1,1,1,1
2021-02-01,-0.4792,1,1,1,1
2021-02-02,-0.1412,1,1,1,1
2021-02-03,-0.1299,1,1,1,1
2021-02-04,0.0267,1,1,1,1
2021-02-05,-0.0377,1,1,1,1
2021-02-08,0.0548,1,1,1,1
2021-02-09,-0.0644,1,1,1,1
2021-02-10,0.1877,1,1,1,1
2021-02-18,-0.2855,1,1,1,1
2021-02-19,-0.3815,1,1,1,1
2021-02-22,-0.6561,0,1,0,0
2021-02-23,-0.7137,-1,-1,0,-1
2021-02-24,-0.7483,-1,-1,0,-1
2021-02-25,-0.5983,-1,-1,0,-1
2021-02-26,-0.4433,-1,-1,0,-1
2021-03-01,0.0004,-1,-1,0,-1
2021-03-02,0.0979,-1,-1,0,-1
2021-03-03,0.1113,-1,-1,0,-1
2021-03-04,0.0136,-1,-1,0,-1
2021-03-05,0.0926,-1,-1,0,-1
2021-03-08,-0.3637,-1,-1,0,-1
2021-03-09,-0.4993,-1,-1,0,-1
2021-03-10,-0.2033,-1,-1,0,-1
2021-03-11,0.0856,-1,-1,0,-1
2021-03-12,-0.1654,-1,-1,0,-1
2021-03-15,-0.1606,-1,-1,0,-1
2021-03-16,0.0893,-1,-1,0,-1
2021-03-17,0.2575,-1,-1,0,-1
2021-03-18,0.3358,-1,-1,0,-1
2021-03-19,0.4613,0,0,0,0
2021-03-22,0.6152,0,0,1,0
2021-03-23,0.6308,0,0,1,0
2021-03-24,0.355,0,0,1,0
2021-03-25,0.4102,0,0,1,0
2021-03-26,0.6004,0,0,1,0
2021-03-29,0.6338,0,0,1,0
2021-03-30,0.6358,0,0,1,0
2021-03-31,0.5073,0,0,1,0
2021-04-01,0.444,0,0,1,0
2021-04-02,0.4684,0,0,1,0
2021-04-06,0.4474,0,0,1,0
2021-04-07,0.1021,0,0,1,0
2021-04-08,0.3437,0,0,1,0
2021-04-09,-0.0226,0,0,1,0
2021-04-12,-0.5738,0,0,1,0
2021-04-13,-0.3939,0,0,1,0
2021-04-14,-0.051,0,0,1,0
2021-04-15,-0.2633,0,0,1,0
2021-04-16,-0.2324,0,0,1,0
2021-04-19,0.4395,0,0,1,0
2021-04-20,0.2435,0,0,1,0
2021-04-21,0.1921,0,0,1,0
2021-04-22,0.2464,0,0,1,0
2021-04-23,0.5763,0,0,1,0
2021-04-26,0.1402,0,0,1,0
2021-04-27,0.1979,0,0,1,0
2021-04-28,0.2475,0,0,1,0
2021-04-29,-0.059,0,0,1,0
2021-04-30,-0.1325,0,0,1,0
2021-05-06,-0.5397,0,0,1,0
2021-05-07,-0.8162,-1,-1,-1,-1
2021-05-10,-0.8154,-1,-1,-1,-1
2021-05-11,-0.6256,-1,-1,-1,-1
2021-05-12,-0.6147,-1,-1,-1,-1
2021-05-13,-0.2721,-1,-1,0,-1
2021-05-14,0.2628,-1,-1,0,-1
2021-05-17,0.5691,0,0,0,0
2021-05-18,0.3786,0,0,0,0
2021-05-19,0.3959,0,0,0,0
2021-05-20,0.446,0,0,0,0
2021-05-21,0.2119,0,0,0,0
2021-05-24,0.0521,0,0,0,0
2021-05-25,0.2506,0,0,0,0
2021-05-26,0.0096,0,0,0,0
2021-05-27,-0.0011,0,0,0,0
2021-05-28,0.1144,0,0,0,0
2021-05-31,0.2455,0,0,0,0
2021-06-01,0.1315,0,0,0,0
2021-06-02,0.1527,0,0,0,0
2021-06-03,-0.013,0,0,0,0
2021-06-04,0.112,0,0,0,0
2021-06-07,-0.1643,0,0,0,0
2021-06-08,-0.3949,0,0,0,0
2021-06-09,-0.3439,0,0,0,0
2021-06-10,0.0311,0,0,0,0
2021-06-11,-0.2652,0,0,0,0
2021-06-15,-0.1314,0,0,0,0
2021-06-16,-0.4621,0,0,0,0
2021-06-17,0.1268,0,0,0,0
2021-06-18,-0.0152,0,0,0,0
2021-06-21,0.5886,0,0,0,0
2021-06-22,0.2734,0,0,0,0
2021-06-23,0.7259,0,1,1,1
2021-06-24,0.0594,0,1,1,1
2021-06-25,-0.1096,0,1,1,1
2021-06-28,-0.0466,0,1,1,1
2021-06-29,0.2123,0,1,1,1
2021-06-30,0.4171,0,1,1,1
2021-07-01,0.4153,0,1,1,1
2021-07-02,-0.1246,0,1,1,1
2021-07-05,-0.4108,0,1,1,1
2021-07-06,-0.6736,0,1,0,0
2021-07-07,-0.4346,0,1,0,0
2021-07-08,0.0228,0,1,0,0
2021-07-09,0.1845,0,1,0,0
2021-07-12,0.4418,0,1,0,0
2021-07-13,0.5086,0,1,0,0
2021-07-14,-0.0112,0,1,0,0
2021-07-15,-0.2789,0,1,0,0
2021-07-16,-0.45,0,1,0,0
2021-07-19,-0.5751,0,1,0,0
2021-07-20,-0.2135,0,1,0,0
2021-07-21,0.2153,0,1,0,0
2021-07-22,-0.0908,0,1,0,0
2021-07-23,0.0821,0,1,0,0
2021-07-26,-0.1482,0,1,0,0
2021-07-27,-0.3821,0,1,0,0
2021-07-28,-0.4766,0,1,0,0
2021-07-29,0.2191,0,1,0,0
2021-07-30,0.2083,0,1,0,0
2021-08-02,0.3667,0,1,0,0
2021-08-03,0.4429,0,1,0,0
2021-08-04,0.4791,0,1,0,0
2021-08-05,-0.0585,0,1,0,0
2021-08-06,-0.1168,0,1,0,0
2021-08-09,-0.4003,0,1,0,0
2021-08-10,-0.2707,0,1,0,0
2021-08-11,-0.6189,0,1,0,0
2021-08-12,-0.677,0,1,0,0
2021-08-13,-0.6085,0,1,0,0
2021-08-16,-0.5743,0,1,0,0
2021-08-17,-0.6904,0,1,0,0
2021-08-18,-0.6236,0,1,0,0
2021-08-19,-0.3021,0,1,0,0
2021-08-20,-0.3331,0,1,0,0
2021-08-23,-0.001,0,1,0,0
2021-08-24,0.2424,0,1,0,0
2021-08-25,0.3356,0,1,0,0
2021-08-26,-0.0548,0,1,0,0
2021-08-27,0.0822,0,1,0,0
2021-08-30,-0.0554,0,1,0,0
2021-08-31,-0.4387,0,1,0,0
2021-09-01,-0.5149,0,1,0,0
2021-09-02,-0.5866,0,1,0,0
2021-09-03,-0.5268,0,1,0,0
2021-09-06,-0.2924,0,1,0,0
2021-09-07,0.03,0,1,0,0
2021-09-08,-0.0787,0,1,0,0
2021-09-09,0.1725,0,1,0,0
2021-09-10,0.3873,0,1,0,0
2021-09-13,-0.2384,0,1,0,0
2021-09-14,0.2824,0,1,0,0
2021-09-15,0.3467,0,1,0,0
2021-09-16,0.4564,0,1,0,0
2021-09-17,0.4542,0,1,0,0
2021-09-22,0.5134,0,1,0,0
2021-09-23,0.2429,0,1,0,0
2021-09-24,0.6733,0,1,1,0
2021-09-27,0.7961,1,1,1,1
2021-09-28,0.5158,1,1,1,1
2021-09-29,0.6236,1,1,1,1
2021-09-30,0.6496,1,1,1,1
2021-10-08,0.3712,1,1,1,1
2021-10-11,-0.0606,1,1,1,1
2021-10-12,0.1748,1,1,1,1
2021-10-13,0.4459,1,1,1,1
2021-10-14,0.2649,1,1,1,1
2021-10-15,0.2994,1,1,1,1
2021-10-18,0.0563,1,1,1,1
2021-10-19,0.0834,1,1,1,1
2021-10-20,-0.3812,1,1,1,1
2021-10-21,-0.6041,1,1,1,1
2021-10-22,-0.4687,1,1,1,1
2021-10-25,-0.0608,1,1,1,1
2021-10-26,-0.1213,1,1,1,1
2021-10-27,-0.2233,1,1,1,1
2021-10-28,0.1733,1,1,1,1
2021-10-29,0.1502,1,1,1,1
2021-11-01,-0.1363,1,1,1,1
2021-11-02,0.3076,1,1,1,1
2021-11-03,0.1642,1,1,1,1
2021-11-04,0.2165,1,1,1,1
2021-11-05,0.2031,1,1,1,1
2021-11-08,0.405,1,1,1,1
2021-11-09,-0.0498,1,1,1,1
2021-11-10,0.2337,1,1,1,1
2021-11-11,-0.2118,1,1,1,1
2021-11-12,-0.3743,1,1,1,1
2021-11-15,-0.3164,1,1,1,1
2021-11-16,-0.183,1,1,1,1
2021-11-17,-0.1436,1,1,1,1
2021-11-18,-0.1487,1,1,1,1
2021-11-19,-0.384,1,1,1,1
2021-11-22,0.0946,1,1,1,1
2021-11-23,-0.327,1,1,1,1
2021-11-24,-0.4067,1,1,1,1
2021-11-25,-0.1563,1,1,1,1
2021-11-26,0.0493,1,1,1,1
2021-11-29,-0.1607,1,1,1,1
2021-11-30,-0.1612,1,1,1,1
2021-12-01,-0.5303,1,1,1,1
2021-12-02,-0.6414,1,1,1,1
2021-12-03,-0.6637,0,1,0,0
2021-12-06,-0.8008,-1,-1,-1,-1
2021-12-07,-0.7511,-1,-1,-1,-1
2021-12-08,-0.268,-1,-1,0,-1
2021-12-09,0.0354,-1,-1,0,-1
2021-12-10,0.1531,-1,-1,0,-1
2021-12-13,0.4547,0,0,0,0
2021-12-14,0.7008,0,1,1,1
2021-12-15,0.1709,0,1,1,1
2021-12-16,-0.1212,0,1,1,1
2021-12-17,-0.4544,0,1,1,1
2021-12-20,-0.6215,0,1,1,1
2021-12-21,-0.718,-1,-1,0,-1
2021-12-22,-0.399,-1,-1,0,-1
2021-12-23,-0.2859,-1,-1,0,-1
2021-12-24,-0.003,-1,-1,0,-1
2021-12-27,0.1301,-1,-1,0,-1
2021-12-28,0.467,0,0,0,0
2021-12-29,0.2072,0,0,0,0
2021-12-30,0.2974,0,0,0,0
2021-12-31,0.2528,0,0,0,0
2022-01-04,-0.0682,0,0,0,0
2022-01-05,-0.5759,0,0,0,0
2022-01-06,-0.5736,0,0,0,0
2022-01-07,-0.7257,-1,-1,0,-1
2022-01-10,-0.6662,-1,-1,0,-1
2022-01-11,-0.5314,-1,-1,0,-1
2022-01-12,0.0088,-1,-1,0,-1
2022-01-13,-0.0502,-1,-1,0,-1
2022-01-14,0.5495,0,0,0,0
2022-01-17,0.6112,0,0,1,0
2022-01-18,0.5996,0,0,1,0
2022-01-19,0.1274,0,0,1,0
2022-01-20,0.1721,0,0,1,0
2022-01-21,-0.1593,0,0,1,0
2022-01-24,-0.1352,0,0,1,0
2022-01-25,0.1238,0,0,1,0
2022-01-26,0.3476,0,0,1,0
2022-01-27,0.324,0,0,1,0
2022-01-28,0.3303,0,0,1,0
2022-02-07,-0.132,0,0,1,0
2022-02-08,-0.6133,0,0,1,0
2022-02-09,-0.5024,0,0,1,0
2022-02-10,-0.5659,0,0,1,0
2022-02-11,-0.6912,0,0,0,0
2022-02-14,-0.3404,0,0,0,0
2022-02-15,0.4896,0,0,0,0
2022-02-16,0.3114,0,0,0,0
2022-02-17,0.5971,0,0,0,0
2022-02-18,0.588,0,0,0,0
2022-02-21,0.3983,0,0,0,0
2022-02-22,0.0207,0,0,0,0
2022-02-23,0.4174,0,0,0,0
2022-02-24,0.3045,0,0,0,0
2022-02-25,0.5726,0,0,0,0
2022-02-28,0.5988,0,0,0,0
2022-03-01,0.5308,0,0,0,0
2022-03-02,0.1167,0,0,0,0
2022-03-03,-0.2122,0,0,0,0
2022-03-04,-0.332,0,0,0,0
2022-03-07,-0.5323,0,0,0,0
2022-03-08,-0.4018,0,0,0,0
2022-03-09,-0.2131,0,0,0,0
2022-03-10,0.2358,0,0,0,0
2022-03-11,0.1504,0,0,0,0
2022-03-14,0.3039,0,0,0,0
2022-03-15,0.3681,0,0,0,0
2022-03-16,0.3179,0,0,0,0
2022-03-17,0.3008,0,0,0,0
2022-03-18,-0.0006,0,0,0,0
2022-03-21,0.206,0,0,0,0
2022-03-22,-0.4128,0,0,0,0
2022-03-23,-0.3194,0,0,0,0
2022-03-24,-0.4962,0,0,0,0
2022-03-25,-0.3461,0,0,0,0
2022-03-28,-0.6085,0,0,0,0
2022-03-29,-0.4006,0,0,0,0
2022-03-30,-0.3307,0,0,0,0
2022-03-31,-0.4741,0,0,0,0
2022-04-01,-0.3438,0,0,0,0
2022-04-06,-0.4572,0,0,0,0
2022-04-07,-0.3834,0,0,0,0
2022-04-08,-0.6262,0,0,0,0
2022-04-11,-0.5629,0,0,0,0
2022-04-12,-0.3362,0,0,0,0
2022-04-13,-0.054,0,0,0,0
2022-04-14,0.0038,0,0,0,0
2022-04-15,0.2229,0,0,0,0
2022-04-18,0.7912,1,1,1,1
2022-04-19,0.5117,1,1,1,1
2022-04-20,0.6879,1,1,1,1
2022-04-21,0.5711,1,1,1,1
2022-04-22,0.3335,1,1,1,1
2022-04-25,-0.3127,1,1,1,1
2022-04-26,0.0753,1,1,1,1
2022-04-27,0.4209,1,1,1,1
2022-04-28,0.3388,1,1,1,1
2022-04-29,0.6993,1,1,1,1
2022-05-05,0.7062,1,1,1,1
2022-05-06,0.5717,1,1,1,1
2022-05-09,0.1574,1,1,1,1
2022-05-10,0.3241,1,1,1,1
2022-05-11,0.3749,1,1,1,1
2022-05-12,0.4458,1,1,1,1
2022-05-13,0.2138,1,1,1,1
2022-05-16,0.1296,1,1,1,1
2022-05-17,0.1444,1,1,1,1
2022-05-18,-0.2153,1,1,1,1
2022-05-19,-0.1779,1,1,1,1
2022-05-20,0.1033,1,1,1,1
2022-05-23,0.242,1,1,1,1
2022-05-24,-0.1755,1,1,1,1
2022-05-25,-0.388,1,1,1,1
2022-05-26,-0.5934,1,1,1,1
2022-05-27,-0.6423,1,1,1,1
2022-05-30,-0.4556,1,1,1,1
2022-05-31,0.0489,1,1,1,1
2022-06-01,0.2741,1,1,1,1
2022-06-02,0.6335,1,1,1,1
2022-06-06,0.8163,1,1,1,1
2022-06-07,0.6114,1,1,1,1
2022-06-08,0.389,1,1,1,1
2022-06-09,0.0204,1,1,1,1
2022-06-10,-0.1031,1,1,1,1
2022-06-13,-0.314,1,1,1,1
2022-06-14,-0.4712,1,1,1,1
2022-06-15,-0.5261,1,1,1,1
2022-06-16,0.0775,1,1,1,1
2022-06-17,0.222,1,1,1,1
2022-06-20,0.2256,1,1,1,1
2022-06-21,0.3552,1,1,1,1
2022-06-22,0.4512,1,1,1,1
2022-06-23,0.2545,1,1,1,1
2022-06-24,0.1818,1,1,1,1
2022-06-27,0.0209,1,1,1,1
2022-06-28,0.2331,1,1,1,1
2022-06-29,-0.1718,1,1,1,1
2022-06-30,-0.0395,1,1,1,1
2022-07-01,-0.3467,1,1,1,1
2022-07-04,-0.2515,1,1,1,1
2022-07-05,-0.3474,1,1,1,1
2022-07-06,0.2511,1,1,1,1
2022-07-07,-0.0011,1,1,1,1
2022-07-08,-0.1256,1,1,1,1
2022-07-11,-0.5986,1,1,1,1
2022-07-12,-0.7606,-1,-1,0,-1
2022-07-13,-0.7235,-1,-1,0,-1
2022-07-14,-0.3803,-1,-1,0,-1
2022-07-15,0.0398,-1,-1,0,-1
2022-07-18,0.0467,-1,-1,0,-1
2022-07-19,0.2782,-1,-1,0,-1
2022-07-20,0.1434,-1,-1,0,-1
2022-07-21,-0.235,-1,-1,0,-1
2022-07-22,-0.5587,-1,-1,0,-1
2022-07-25,-0.367,-1,-1,0,-1
2022-07-26,-0.1647,-1,-1,0,-1
2022-07-27,-0.1486,-1,-1,0,-1
2022-07-28,-0.2439,-1,-1,0,-1
2022-07-29,-0.2337,-1,-1,0,-1
2022-08-01,0.3374,-1,-1,0,-1
2022-08-02,0.4368,-1,-1,0,-1
2022-08-03,0.4804,0,0,0,0
2022-08-04,0.4203,0,0,0,0
2022-08-05,0.6454,0,0,1,0
2022-08-08,0.306,0,0,1,0
2022-08-09,0.3025,0,0,1,0
2022-08-10,0.082,0,0,1,0
2022-08-11,0.0759,0,0,1,0
2022-08-12,-0.4602,0,0,1,0
2022-08-15,-0.1985,0,0,1,0
2022-08-16,-0.4199,0,0,1,0
2022-08-17,-0.3334,0,0,1,0
2022-08-18,-0.1823,0,0,1,0
2022-08-19,-0.4104,0,0,1,0
2022-08-22,-0.5077,0,0,1,0
2022-08-23,-0.4392,0,0,1,0
2022-08-24,-0.6549,0,0,0,0
2022-08-25,-0.8162,-1,-1,-1,-1
2022-08-26,-0.5759,-1,-1,-1,-1
2022-08-29,-0.6159,-1,-1,-1,-1
2022-08-30,-0.5724,-1,-1,-1,-1
2022-08-31,-0.4558,-1,-1,-1,-1
2022-09-01,-0.27,-1,-1,0,-1
2022-09-02,-0.2483,-1,-1,0,-1
2022-09-05,-0.3574,-1,-1,0,-1
2022-09-06,-0.23,-1,-1,0,-1
2022-09-07,0.2753,-1,-1,0,-1
2022-09-08,0.3625,-1,-1,0,-1
2022-09-09,0.255,-1,-1,0,-1
2022-09-13,0.5441,0,0,0,0
2022-09-14,0.4652,0,0,0,0
2022-09-15,-0.2745,0,0,0,0
2022-09-16,0.1751,0,0,0,0
2022-09-19,0.2449,0,0,0,0
2022-09-20,0.4559,0,0,0,0
2022-09-21,0.0305,0,0,0,0
2022-09-22,0.5471,0,0,0,0
2022-09-23,0.0947,0,0,0,0
2022-09-26,0.5986,0,0,0,0
2022-09-27,0.5262,0,0,0,0
2022-09-28,0.5853,0,0,0,0
2022-09-29,0.7231,0,1,1,1
2022-09-30,0.4318,0,1,1,1
2022-10-10,-0.6096,0,1,1,1
2022-10-11,-0.6587,0,1,0,0
2022-10-12,-0.2269,0,1,0,0
2022-10-13,-0.3716,0,1,0,0
2022-10-14,0.4712,0,1,0,0
2022-10-17,0.7616,1,1,1,1
2022-10-18,0.6812,1,1,1,1
2022-10-19,0.5007,1,1,1,1
2022-10-20,0.4096,1,1,1,1
2022-10-21,-0.0564,1,1,1,1
2022-10-24,-0.019,1,1,1,1
2022-10-25,-0.0724,1,1,1,1
2022-10-26,0.231,1,1,1,1
2022-10-27,-0.0415,1,1,1,1
2022-10-28,0.0117,1,1,1,1
2022-10-31,0.1299,1,1,1,1
2022-11-01,0.3338,1,1,1,1
2022-11-02,0.1875,1,1,1,1
2022-11-03,0.4902,1,1,1,1
2022-11-04,0.5653,1,1,1,1
2022-11-07,0.2696,1,1,1,1
2022-11-08,-0.1052,1,1,1,1
2022-11-09,-0.476,1,1,1,1
2022-11-10,-0.7413,-1,-1,0,-1
2022-11-11,-0.7957,-1,-1,0,-1
2022-11-14,-0.7798,-1,-1,0,-1
2022-11-15,-0.5495,-1,-1,0,-1
2022-11-16,-0.459,-1,-1,0,-1
2022-11-17,-0.2286,-1,-1,0,-1
2022-11-18,-0.1168,-1,-1,0,-1
2022-11-21,0.1671,-1,-1,0,-1
2022-11-22,-0.3946,-1,-1,0,-1
2022-11-23,-0.3328,-1,-1,0,-1
2022-11-24,-0.3035,-1,-1,0,-1
2022-11-25,-0.5414,-1,-1,0,-1
2022-11-28,-0.5419,-1,-1,0,-1
2022-11-29,-0.4217,-1,-1,0,-1
2022-11-30,-0.3065,-1,-1,0,-1
2022-12-01,0.0081,-1,-1,0,-1
2022-12-02,0.5187,0,0,0,0
2022-12-05,0.187,0,0,0,0
2022-12-06,0.6201,0,0,1,0
2022-12-07,0.6352,0,0,1,0
2022-12-08,0.2641,0,0,1,0
2022-12-09,0.2155,0,0,1,0
2022-12-12,0.6861,0,0,1,0
2022-12-13,0.1959,0,0,1,0
2022-12-14,0.0908,0,0,1,0
2022-12-15,0.4722,0,0,1,0
2022-12-16,0.0586,0,0,1,0
2022-12-19,0.0738,0,0,1,0
2022-12-20,0.3497,0,0,1,0
2022-12-21,0.1987,0,0,1,0
2022-12-22,-0.2235,0,0,1,0
2022-12-23,0.0548,0,0,1,0
2022-12-26,0.3087,0,0,1,0
2022-12-27,0.3408,0,0,1,0
2022-12-28,0.1731,0,0,1,0
2022-12-29,0.4323,0,0,1,0
2022-12-30,0.3331,0,0,1,0
2023-01-03,-0.2682,0,0,1,0
2023-01-04,-0.5889,0,0,1,0
2023-01-05,0.0398,0,0,1,0
2023-01-06,0.1433,0,0,1,0
2023-01-09,0.4316,0,0,1,0
2023-01-10,0.6522,0,0,1,0
2023-01-11,0.6851,0,0,1,0
2023-01-12,0.3625,0,0,1,0
2023-01-13,-0.0606,0,0,1,0
2023-01-16,0.0592,0,0,1,0
2023-01-17,-0.1305,0,0,1,0
2023-01-18,0.1388,0,0,1,0
2023-01-19,0.1156,0,0,1,0
2023-01-20,0.1622,0,0,1,0
2023-01-30,0.1928,0,0,1,0
2023-01-31,-0.1745,0,0,1,0
2023-02-01,0.0684,0,0,1,0
2023-02-02,0.0446,0,0,1,0
2023-02-03,0.1333,0,0,1,0
2023-02-06,-0.2588,0,0,1,0
2023-02-07,-0.3168,0,0,1,0
2023-02-08,-0.5799,0,0,1,0
2023-02-09,-0.4132,0,0,1,0
2023-02-10,-0.6314,0,0,1,0
2023-02-13,-0.4206,0,0,1,0
2023-02-14,-0.3526,0,0,1,0
2023-02-15,-0.1827,0,0,1,0
2023-02-16,-0.7198,-1,-1,0,-1
2023-02-17,-0.7214,-1,-1,0,-1
2023-02-20,-0.8519,-1,-1,-1,-1
2023-02-21,-0.7589,-1,-1,-1,-1
2023-02-22,-0.7235,-1,-1,-1,-1
2023-02-23,-0.4926,-1,-1,-1,-1
2023-02-24,-0.2594,-1,-1,0,-1
2023-02-27,0.0622,-1,-1,0,-1
2023-02-28,0.1291,-1,-1,0,-1
2023-03-01,-0.0317,-1,-1,0,-1
2023-03-02,-0.3796,-1,-1,0,-1
2023-03-03,-0.4159,-1,-1,0,-1
2023-03-06,-0.0113,-1,-1,0,-1
2023-03-07,-0.1702,-1,-1,0,-1
2023-03-08,0.0549,-1,-1,0,-1
2023-03-09,0.4437,-1,-1,0,-1
2023-03-10,0.6815,0,0,1,0
2023-03-13,0.1901,0,0,1,0
2023-03-14,0.5399,0,0,1,0
2023-03-15,0.1343,0,0,1,0
2023-03-16,-0.2271,0,0,1,0
2023-03-17,-0.5787,0,0,1,0
2023-03-20,-0.1664,0,0,1,0
2023-03-21,0.0525,0,0,1,0
2023-03-22,0.3135,0,0,1,0
2023-03-23,0.574,0,0,1,0
2023-03-24,0.7489,0,1,1,1
2023-03-27,0.7347,0,1,1,1
2023-03-28,0.3142,0,1,1,1
2023-03-29,0.5626,0,1,1,1
2023-03-30,0.4642,0,1,1,1
2023-03-31,0.224,0,1,1,1
2023-04-03,0.0821,0,1,1,1
2023-04-04,0.0324,0,1,1,1
2023-04-06,0.0829,0,1,1,1
2023-04-07,0.0618,0,1,1,1
2023-04-10,0.0272,0,1,1,1
2023-04-11,-0.2611,0,1,1,1
2023-04-12,-0.1636,0,1,1,1
2023-04-13,-0.5733,0,1,1,1
2023-04-14,-0.4204,0,1,1,1
2023-04-17,-0.6012,0,1,1,1
2023-04-18,-0.5711,0,1,1,1
2023-04-19,-0.4137,0,1,1,1
2023-04-20,-0.4742,0,1,1,1
2023-04-21,-0.6423,0,1,1,1
2023-04-24,-0.625,0,1,1,1
2023-04-25,-0.7309,-1,-1,0,-1
2023-04-26,-0.4653,-1,-1,0,-1
2023-04-27,-0.2535,-1,-1,0,-1
2023-04-28,-0.3577,-1,-1,0,-1
2023-05-04,-0.5308,-1,-1,0,-1
2023-05-05,-0.29,-1,-1,0,-1
2023-05-08,-0.6973,-1,-1,0,-1
2023-05-09,-0.6351,-1,-1,0,-1
2023-05-10,-0.0578,-1,-1,0,-1
2023-05-11,0.5828,0,0,0,0
2023-05-12,0.653,0,0,1,0
2023-05-15,0.8461,1,1,1,1
2023-05-16,0.8131,1,1,1,1
2023-05-17,0.6598,1,1,1,1
2023-05-18,0.5053,1,1,1,1
2023-05-19,0.6047,1,1,1,1
2023-05-22,0.4435,1,1,1,1
2023-05-23,0.3944,1,1,1,1
2023-05-24,0.4672,1,1,1,1
2023-05-25,0.5141,1,1,1,1
2023-05-26,0.2174,1,1,1,1
2023-05-29,-0.0097,1,1,1,1
2023-05-30,-0.0937,1,1,1,1
2023-05-31,-0.3272,1,1,1,1
2023-06-01,-0.2759,1,1,1,1
2023-06-02,-0.0964,1,1,1,1
2023-06-05,-0.149,1,1,1,1
2023-06-06,-0.3738,1,1,1,1
2023-06-07,-0.5595,1,1,1,1
2023-06-08,-0.7251,-1,-1,0,-1
2023-06-09,-0.6533,-1,-1,0,-1
2023-06-12,-0.3081,-1,-1,0,-1
2023-06-13,0.0279,-1,-1,0,-1
2023-06-14,0.3506,-1,-1,0,-1
2023-06-15,0.7277,0,1,1,1
2023-06-16,0.6942,0,1,1,1
2023-06-19,0.6183,0,1,1,1
2023-06-20,0.6042,0,1,1,1
2023-06-21,0.4231,0,1,1,1
2023-06-26,0.2181,0,1,1,1
2023-06-27,-0.0845,0,1,1,1
2023-06-28,-0.2223,0,1,1,1
2023-06-29,-0.3226,0,1,1,1
2023-06-30,-0.0736,0,1,1,1
2023-07-03,-0.2218,0,1,1,1
2023-07-04,0.1078,0,1,1,1
2023-07-05,0.0726,0,1,1,1
2023-07-06,-0.0283,0,1,1,1
2023-07-07,-0.3508,0,1,1,1
2023-07-10,-0.2023,0,1,1,1
2023-07-11,-0.321,0,1,1,1
2023-07-12,-0.2845,0,1,1,1
2023-07-13,-0.1321,0,1,1,1
2023-07-14,-0.0479,0,1,1,1
2023-07-17,-0.2719,0,1,1,1
2023-07-18,-0.3049,0,1,1,1
2023-07-19,-0.4866,0,1,1,1
2023-07-20,-0.5716,0,1,1,1
2023-07-21,-0.3435,0,1,1,1
2023-07-24,-0.465,0,1,1,1
2023-07-25,-0.5769,0,1,1,1
2023-07-26,-0.2277,0,1,1,1
2023-07-27,-0.3855,0,1,1,1
2023-07-28,-0.5739,0,1,1,1
2023-07-31,-0.3664,0,1,1,1
2023-08-01,-0.2116,0,1,1,1
2023-08-02,-0.0488,0,1,1,1
2023-08-03,0.1543,0,1,1,1
2023-08-04,0.5567,0,1,1,1
2023-08-07,0.5544,0,1,1,1
2023-08-08,0.5071,0,1,1,1
2023-08-09,0.3869,0,1,1,1
2023-08-10,0.4484,0,1,1,1
2023-08-11,0.4655,0,1,1,1
2023-08-14,0.1393,0,1,1,1
2023-08-15,-0.3242,0,1,1,1
2023-08-16,-0.5312,0,1,1,1
2023-08-17,-0.3156,0,1,1,1
2023-08-18,-0.4798,0,1,1,1
2023-08-21,-0.3156,0,1,1,1
2023-08-22,-0.121,0,1,1,1
2023-08-23,-0.2561,0,1,1,1
2023-08-24,-0.0105,0,1,1,1
2023-08-25,-0.2916,0,1,1,1
2023-08-28,-0.5477,0,1,1,1
2023-08-29,0.4678,0,1,1,1
2023-08-30,0.7809,1,1,1,1
2023-08-31,0.55,1,1,1,1
2023-09-01,0.5671,1,1,1,1
2023-09-04,0.6221,1,1,1,1
2023-09-05,0.269,1,1,1,1
2023-09-06,0.0016,1,1,1,1
2023-09-07,-0.3262,1,1,1,1
2023-09-08,-0.0673,1,1,1,1
2023-09-11,0.0258,1,1,1,1
2023-09-12,-0.1117,1,1,1,1
2023-09-13,-0.3121,1,1,1,1
2023-09-14,-0.3178,1,1,1,1
2023-09-15,-0.3281,1,1,1,1
2023-09-18,-0.2173,1,1,1,1
2023-09-19,-0.4263,1,1,1,1
2023-09-20,-0.4348,1,1,1,1
2023-09-21,-0.2145,1,1,1,1
2023-09-22,-0.0392,1,1,1,1
2023-09-25,-0.106,1,1,1,1
2023-09-26,0.0525,1,1,1,1
2023-09-27,0.5516,1,1,1,1
2023-09-28,0.6174,1,1,1,1
2023-10-09,0.5019,1,1,1,1
2023-10-10,0.5717,1,1,1,1
2023-10-11,0.7354,1,1,1,1
2023-10-12,0.4725,1,1,1,1
2023-10-13,0.2689,1,1,1,1
2023-10-16,-0.2019,1,1,1,1
2023-10-17,-0.3309,1,1,1,1
2023-10-18,-0.5144,1,1,1,1
2023-10-19,-0.4071,1,1,1,1
2023-10-20,-0.2515,1,1,1,1
2023-10-23,0.0304,1,1,1,1
2023-10-24,0.1675,1,1,1,1
2023-10-25,0.0742,1,1,1,1
2023-10-26,-0.2264,1,1,1,1
2023-10-27,0.2864,1,1,1,1
2023-10-30,0.6822,1,1,1,1
2023-10-31,0.5001,1,1,1,1
2023-11-01,0.4799,1,1,1,1
2023-11-02,0.3419,1,1,1,1
2023-11-03,0.2998,1,1,1,1
2023-11-06,0.0906,1,1,1,1
2023-11-07,0.2492,1,1,1,1
2023-11-08,0.4149,1,1,1,1
2023-11-09,0.5811,1,1,1,1
2023-11-10,0.2569,1,1,1,1
2023-11-13,-0.0339,1,1,1,1
2023-11-14,-0.0872,1,1,1,1
2023-11-15,-0.1725,1,1,1,1
2023-11-16,-0.4499,1,1,1,1
2023-11-17,-0.3799,1,1,1,1
2023-11-20,-0.4318,1,1,1,1
2023-11-21,-0.5475,1,1,1,1
2023-11-22,-0.7194,-1,-1,0,-1
2023-11-23,-0.5581,-1,-1,0,-1
2023-11-24,-0.6989,-1,-1,0,-1
2023-11-27,-0.6256,-1,-1,0,-1
2023-11-28,-0.4198,-1,-1,0,-1
2023-11-29,-0.0607,-1,-1,0,-1
2023-11-30,-0.1343,-1,-1,0,-1
2023-12-01,0.0674,-1,-1,0,-1
2023-12-04,-0.1318,-1,-1,0,-1
2023-12-05,-0.3192,-1,-1,0,-1
2023-12-06,-0.1165,-1,-1,0,-1
2023-12-07,-0.1945,-1,-1,0,-1
2023-12-08,0.244,-1,-1,0,-1
2023-12-11,0.5074,0,0,0,0
2023-12-12,0.3159,0,0,0,0
2023-12-13,-0.2659,0,0,0,0
2023-12-14,-0.1286,0,0,0,0
2023-12-15,-0.3482,0,0,0,0
2023-12-18,-0.6394,0,0,0,0
2023-12-19,-0.0673,0,0,0,0
2023-12-20,-0.0101,0,0,0,0
2023-12-21,0.4984,0,0,0,0
2023-12-22,0.5215,0,0,0,0
2023-12-25,0.7896,1,1,1,1
2023-12-26,0.4582,1,1,1,1
2023-12-27,0.4361,1,1,1,1
2023-12-28,0.7165,1,1,1,1
2023-12-29,0.6491,1,1,1,1
2024-01-02,0.04,1,1,1,1
2024-01-03,-0.2116,1,1,1,1
2024-01-04,-0.3988,1,1,1,1
2024-01-05,-0.8484,-1,-1,-1,-1
2024-01-08,-0.8282,-1,-1,-1,-1
2024-01-09,-0.6333,-1,-1,-1,-1
2024-01-10,-0.3498,-1,-1,-1,-1
2024-01-11,0.1357,-1,-1,0,-1
2024-01-12,0.2367,-1,-1,0,-1
2024-01-15,0.1395,-1,-1,0,-1
2024-01-16,0.1225,-1,-1,0,-1
2024-01-17,-0.2696,-1,-1,0,-1
2024-01-18,-0.183,-1,-1,0,-1
2024-01-19,-0.105,-1,-1,0,-1
2024-01-22,-0.0001,-1,-1,0,-1
2024-01-23,0.1059,-1,-1,0,-1
2024-01-24,-0.0033,-1,-1,0,-1
2024-01-25,-0.5098,-1,-1,0,-1
2024-01-26,-0.7369,-1,-1,0,-1
2024-01-29,-0.8182,-1,-1,-1,-1
2024-01-30,-0.824,-1,-1,-1,-1
2024-01-31,-0.6997,-1,-1,-1,-1
2024-02-01,-0.4393,-1,-1,-1,-1
2024-02-02,-0.3238,-1,-1,-1,-1
2024-02-05,-0.0137,-1,-1,0,-1
2024-02-06,0.508,0,0,0,0
2024-02-07,0.6423,0,0,1,0
2024-02-08,0.6314,0,0,1,0
2024-02-19,0.6886,0,0,1,0
2024-02-20,0.6108,0,0,1,0
2024-02-21,0.3901,0,0,1,0
2024-02-22,0.3033,0,0,1,0
2024-02-23,0.2103,0,0,1,0
2024-02-26,0.3549,0,0,1,0
2024-02-27,0.5011,0,0,1,0
2024-02-28,0.3173,0,0,1,0
2024-02-29,0.4381,0,0,1,0
2024-03-01,0.4158,0,0,1,0
2024-03-04,0.3276,0,0,1,0
2024-03-05,0.0903,0,0,1,0
2024-03-06,0.271,0,0,1,0
2024-03-07,-0.2917,0,0,1,0
2024-03-08,-0.4057,0,0,1,0
2024-03-11,-0.0628,0,0,1,0
2024-03-12,0.3552,0,0,1,0
2024-03-13,0.3184,0,0,1,0
2024-03-14,0.4823,0,0,1,0
2024-03-15,0.3275,0,0,1,0
2024-03-18,0.0184,0,0,1,0
2024-03-19,-0.2844,0,0,1,0
2024-03-20,-0.3591,0,0,1,0
2024-03-21,-0.3345,0,0,1,0
2024-03-22,-0.4547,0,0,1,0
2024-03-25,-0.7424,-1,-1,0,-1
2024-03-26,-0.7001,-1,-1,0,-1
2024-03-27,-0.7746,-1,-1,0,-1
2024-03-28,-0.6015,-1,-1,0,-1
2024-03-29,-0.5012,-1,-1,0,-1
2024-04-01,-0.1475,-1,-1,0,-1
2024-04-02,-0.1817,-1,-1,0,-1
2024-04-03,0.0542,-1,-1,0,-1
2024-04-08,-0.3126,-1,-1,0,-1
2024-04-09,-0.0214,-1,-1,0,-1
2024-04-10,-0.3506,-1,-1,0,-1
2024-04-11,-0.3828,-1,-1,0,-1
2024-04-12,-0.2688,-1,-1,0,-1
2024-04-15,-0.1056,-1,-1,0,-1
2024-04-16,-0.6698,-1,-1,0,-1
2024-04-17,-0.4256,-1,-1,0,-1
2024-04-18,-0.3238,-1,-1,0,-1
2024-04-19,-0.5512,-1,-1,0,-1
2024-04-22,-0.1624,-1,-1,0,-1
2024-04-23,0.4778,0,0,0,0
2024-04-24,0.4341,0,0,0,0
2024-04-25,0.4358,0,0,0,0
2024-04-26,0.7943,1,1,1,1
2024-04-29,0.7978,1,1,1,1
2024-04-30,0.5629,1,1,1,1
2024-05-06,0.588,1,1,1,1
2024-05-07,0.6161,1,1,1,1
2024-05-08,0.2972,1,1,1,1
2024-05-09,0.1216,1,1,1,1
2024-05-10,0.0251,1,1,1,1
2024-05-13,-0.3181,1,1,1,1
2024-05-14,-0.3353,1,1,1,1
2024-05-15,-0.2987,1,1,1,1
2024-05-16,-0.4617,1,1,1,1
2024-05-17,-0.2481,1,1,1,1
2024-05-20,0.0138,1,1,1,1
2024-05-21,-0.1961,1,1,1,1
2024-05-22,0.0155,1,1,1,1
2024-05-23,-0.0238,1,1,1,1
2024-05-24,-0.2192,1,1,1,1
2024-05-27,-0.3347,1,1,1,1
2024-05-28,-0.1336,1,1,1,1
2024-05-29,-0.1294,1,1,1,1
2024-05-30,0.1401,1,1,1,1
2024-05-31,0.3573,1,1,1,1
2024-06-03,0.5514,1,1,1,1
2024-06-04,0.6113,1,1,1,1
2024-06-05,0.5796,1,1,1,1
2024-06-06,0.2791,1,1,1,1
2024-06-07,-0.0594,1,1,1,1
2024-06-11,0.2275,1,1,1,1
2024-06-12,0.1286,1,1,1,1
2024-06-13,0.1271,1,1,1,1
2024-06-14,0.1531,1,1,1,1
2024-06-17,0.7339,1,1,1,1
2024-06-18,0.2542,1,1,1,1
2024-06-19,-0.0149,1,1,1,1
2024-06-20,-0.3237,1,1,1,1
2024-06-21,-0.3159,1,1,1,1
2024-06-24,-0.6899,0,1,0,0
2024-06-25,-0.7838,-1,-1,0,-1
2024-06-26,-0.4774,-1,-1,0,-1
2024-06-27,-0.5742,-1,-1,0,-1
2024-06-28,-0.5841,-1,-1,0,-1
2024-07-01,-0.629,-1,-1,0,-1
2024-07-02,-0.4665,-1,-1,0,-1
2024-07-03,-0.5538,-1,-1,0,-1
2024-07-04,-0.4262,-1,-1,0,-1
2024-07-05,-0.0143,-1,-1,0,-1
2024-07-08,0.0723,-1,-1,0,-1
2024-07-09,0.3558,-1,-1,0,-1
2024-07-10,0.4411,-1,-1,0,-1
2024-07-11,0.6578,0,0,1,0
2024-07-12,0.4978,0,0,1,0
2024-07-15,0.5577,0,0,1,0
2024-07-16,0.6351,0,0,1,0
2024-07-17,0.5164,0,0,1,0
2024-07-18,0.3225,0,0,1,0
2024-07-19,0.4885,0,0,1,0
2024-07-22,0.6035,0,0,1,0
2024-07-23,-0.0168,0,0,1,0
2024-07-24,-0.2248,0,0,1,0
2024-07-25,-0.3163,0,0,1,0
2024-07-26,-0.37,0,0,1,0
2024-07-29,-0.6318,0,0,1,0
2024-07-30,-0.2507,0,0,1,0
2024-07-31,0.2482,0,0,1,0
2024-08-01,0.076,0,0,1,0
2024-08-02,-0.2745,0,0,1,0
2024-08-05,-0.1553,0,0,1,0
2024-08-06,0.0975,0,0,1,0
2024-08-07,-0.2796,0,0,1,0
2024-08-08,-0.1812,0,0,1,0
2024-08-09,-0.0925,0,0,1,0
2024-08-12,0.0338,0,0,1,0
2024-08-13,-0.289,0,0,1,0
2024-08-14,-0.4062,0,0,1,0
2024-08-15,-0.2782,0,0,1,0
2024-08-16,-0.2067,0,0,1,0
2024-08-19,-0.327,0,0,1,0
2024-08-20,-0.4311,0,0,1,0
2024-08-21,-0.1637,0,0,1,0
2024-08-22,-0.3026,0,0,1,0
2024-08-23,-0.3783,0,0,1,0
2024-08-26,-0.1499,0,0,1,0
2024-08-27,-0.1785,0,0,1,0
2024-08-28,-0.0768,0,0,1,0
2024-08-29,0.7406,0,1,1,1
2024-08-30,0.8549,1,1,1,1
2024-09-02,0.6073,1,1,1,1
2024-09-03,0.7916,1,1,1,1
2024-09-04,0.7262,1,1,1,1
2024-09-05,0.4179,1,1,1,1
2024-09-06,-0.0973,1,1,1,1
2024-09-09,0.3649,1,1,1,1
2024-09-10,0.1488,1,1,1,1
2024-09-11,0.3864,1,1,1,1
2024-09-12,0.1912,1,1,1,1
2024-09-13,0.1576,1,1,1,1
2024-09-18,-0.1375,1,1,1,1
2024-09-19,-0.2521,1,1,1,1
2024-09-20,-0.6046,1,1,1,1
2024-09-23,-0.6197,1,1,1,1
2024-09-24,-0.4053,1,1,1,1
2024-09-25,-0.3756,1,1,1,1
2024-09-26,-0.3519,1,1,1,1
2024-09-27,0.4485,1,1,1,1
2024-09-30,0.8064,1,1,1,1
2024-10-08,0.8837,1,1,1,1
2024-10-09,0.8313,1,1,1,1
2024-10-10,0.6108,1,1,1,1
2024-10-11,0.0813,1,1,1,1
2024-10-14,-0.2517,1,1,1,1
2024-10-15,-0.5924,1,1,1,1
2024-10-16,-0.6419,1,1,1,1
2024-10-17,-0.3695,1,1,1,1
2024-10-18,0.0961,1,1,1,1
2024-10-21,0.2256,1,1,1,1
2024-10-22,0.1777,1,1,1,1
2024-10-23,0.3184,1,1,1,1
2024-10-24,0.1771,1,1,1,1
2024-10-25,-0.0149,1,1,1,1
2024-10-28,-0.1765,1,1,1,1
2024-10-29,-0.1999,1,1,1,1
2024-10-30,-0.2314,1,1,1,1
2024-10-31,-0.158,1,1,1,1
2024-11-01,-0.3884,1,1,1,1
2024-11-04,-0.2704,1,1,1,1
2024-11-05,-0.0667,1,1,1,1
2024-11-06,0.0483,1,1,1,1
2024-11-07,0.001,1,1,1,1
2024-11-08,0.3708,1,1,1,1
2024-11-11,0.5367,1,1,1,1
2024-11-12,0.3431,1,1,1,1
2024-11-13,0.2611,1,1,1,1
2024-11-14,0.0103,1,1,1,1
2024-11-15,-0.5291,1,1,1,1
2024-11-18,-0.8547,-1,-1,-1,-1
2024-11-19,-0.6664,-1,-1,-1,-1
2024-11-20,-0.5866,-1,-1,-1,-1
2024-11-21,-0.3436,-1,-1,-1,-1
2024-11-22,-0.122,-1,-1,0,-1
2024-11-25,0.2406,-1,-1,0,-1
2024-11-26,-0.2485,-1,-1,0,-1
2024-11-27,-0.1648,-1,-1,0,-1
2024-11-28,-0.2752,-1,-1,0,-1
2024-11-29,-0.0194,-1,-1,0,-1
2024-12-02,0.0499,-1,-1,0,-1
2024-12-03,0.0285,-1,-1,0,-1
2024-12-04,-0.1761,-1,-1,0,-1
2024-12-05,-0.0278,-1,-1,0,-1
2024-12-06,-0.1854,-1,-1,0,-1
2024-12-09,-0.2472,-1,-1,0,-1
2024-12-10,0.0584,-1,-1,0,-1
2024-12-11,0.1965,-1,-1,0,-1
2024-12-12,0.2253,-1,-1,0,-1
2024-12-13,0.1556,-1,-1,0,-1
2024-12-16,-0.1696,-1,-1,0,-1
2024-12-17,-0.2323,-1,-1,0,-1
2024-12-18,-0.3154,-1,-1,0,-1
2024-12-19,-0.0951,-1,-1,0,-1
2024-12-20,0.2791,-1,-1,0,-1
2024-12-23,0.3962,-1,-1,0,-1
2024-12-24,0.1617,-1,-1,0,-1
2024-12-25,-0.0229,-1,-1,0,-1
2024-12-26,0.0279,-1,-1,0,-1
2024-12-27,-0.3929,-1,-1,0,-1
2024-12-30,-0.1968,-1,-1,0,-1
2024-12-31,-0.419,-1,-1,0,-1
2025-01-02,-0.261,-1,-1,0,-1
2025-01-03,-0.603,-1,-1,0,-1
2025-01-06,-0.6622,-1,-1,0,-1
2025-01-07,-0.0645,-1,-1,0,-1
2025-01-08,0.0463,-1,-1,0,-1
2025-01-09,0.5152,0,0,0,0
2025-01-10,0.6621,0,0,1,0
2025-01-13,0.8104,1,1,1,1
2025-01-14,0.7568,1,1,1,1
2025-01-15,0.6409,1,1,1,1
2025-01-16,0.3344,1,1,1,1
2025-01-17,0.4154,1,1,1,1
2025-01-20,0.4225,1,1,1,1
2025-01-21,0.2698,1,1,1,1
2025-01-22,0.4515,1,1,1,1
2025-01-23,0.2144,1,1,1,1
2025-01-24,0.1221,1,1,1,1
2025-01-27,-0.4907,1,1,1,1
2025-02-05,-0.3334,1,1,1,1
2025-02-06,0.0425,1,1,1,1
2025-02-07,0.4819,1,1,1,1
2025-02-10,0.3734,1,1,1,1
2025-02-11,0.5195,1,1,1,1
2025-02-12,0.3248,1,1,1,1
2025-02-13,-0.4582,1,1,1,1
2025-02-14,-0.4588,1,1,1,1
2025-02-17,-0.3511,1,1,1,1
2025-02-18,-0.1674,1,1,1,1
2025-02-19,0.107,1,1,1,1
2025-02-20,0.4092,1,1,1,1
2025-02-21,0.6081,1,1,1,1
2025-02-24,0.3943,1,1,1,1
2025-02-25,0.5381,1,1,1,1
2025-02-26,0.1097,1,1,1,1
2025-02-27,-0.2003,1,1,1,1
2025-02-28,-0.7017,-1,-1,0,-1
2025-03-03,-0.5741,-1,-1,0,-1
2025-03-04,-0.6118,-1,-1,0,-1
2025-03-05,-0.6461,-1,-1,0,-1
2025-03-06,-0.2421,-1,-1,0,-1
2025-03-07,0.054,-1,-1,0,-1
2025-03-10,0.101,-1,-1,0,-1
2025-03-11,0.0327,-1,-1,0,-1
2025-03-12,0.0963,-1,-1,0,-1
2025-03-13,-0.4287,-1,-1,0,-1
2025-03-14,-0.195,-1,-1,0,-1
2025-03-17,-0.3364,-1,-1,0,-1
2025-03-18,-0.2109,-1,-1,0,-1
2025-03-19,-0.2775,-1,-1,0,-1
2025-03-20,-0.0243,-1,-1,0,-1
2025-03-21,-0.4742,-1,-1,0,-1
2025-03-24,-0.3829,-1,-1,0,-1
2025-03-25,-0.5514,-1,-1,0,-1
2025-03-26,-0.2822,-1,-1,0,-1
2025-03-27,-0.1285,-1,-1,0,-1
2025-03-28,0.1928,-1,-1,0,-1
2025-03-31,0.0512,-1,-1,0,-1
2025-04-01,0.2505,-1,-1,0,-1
2025-04-02,-0.1093,-1,-1,0,-1
2025-04-03,-0.4592,-1,-1,0,-1
2025-04-07,-0.6806,-1,-1,0,-1
2025-04-08,-0.7762,-1,-1,0,-1
2025-04-09,-0.4789,-1,-1,0,-1
2025-04-10,-0.133,-1,-1,0,-1
2025-04-11,0.5438,0,0,0,0
2025-04-14,0.768,1,1,1,1
2025-04-15,0.7568,1,1,1,1
2025-04-16,0.4387,1,1,1,1
2025-04-17,0.2112,1,1,1,1
2025-04-18,-0.2659,1,1,1,1
2025-04-21,0.1062,1,1,1,1
2025-04-22,0.1032,1,1,1,1
2025-04-23,0.3218,1,1,1,1
2025-04-24,0.1279,1,1,1,1
2025-04-25,0.3171,1,1,1,1
2025-04-28,-0.1,1,1,1,1
2025-04-29,0.1243,1,1,1,1
2025-04-30,0.3052,1,1,1,1
2025-05-06,0.5795,1,1,1,1
2025-05-07,0.3915,1,1,1,1
2025-05-08,0.471,1,1,1,1
2025-05-09,0.1608,1,1,1,1
2025-05-12,0.0369,1,1,1,1
2025-05-13,-0.429,1,1,1,1
2025-05-14,-0.3488,1,1,1,1
2025-05-15,-0.5796,1,1,1,1
2025-05-16,-0.1563,1,1,1,1
2025-05-19,-0.5562,1,1,1,1
2025-05-20,-0.2395,1,1,1,1
2025-05-21,-0.1473,1,1,1,1
2025-05-22,-0.0777,1,1,1,1
2025-05-23,-0.158,1,1,1,1
2025-05-26,-0.0344,1,1,1,1
2025-05-27,-0.3538,1,1,1,1
2025-05-28,-0.4198,1,1,1,1
2025-05-29,-0.0148,1,1,1,1
2025-05-30,-0.3389,1,1,1,1
2025-06-03,-0.3337,1,1,1,1
2025-06-04,0.0522,1,1,1,1
2025-06-05,0.5155,1,1,1,1
2025-06-06,0.194,1,1,1,1
2025-06-09,0.5711,1,1,1,1
2025-06-10,0.4339,1,1,1,1
2025-06-11,0.3876,1,1,1,1
2025-06-12,-0.0151,1,1,1,1
2025-06-13,0.0113,1,1,1,1
2025-06-16,-0.1538,1,1,1,1
2025-06-17,-0.0984,1,1,1,1
2025-06-18,0.135,1,1,1,1
2025-06-19,0.1614,1,1,1,1
2025-06-20,-0.152,1,1,1,1
2025-06-23,-0.0778,1,1,1,1
2025-06-24,0.3726,1,1,1,1
2025-06-25,0.2391,1,1,1,1
2025-06-26,-0.1112,1,1,1,1
2025-06-27,0.6596,1,1,1,1
2025-06-30,0.8287,1,1,1,1
2025-07-01,0.5107,1,1,1,1
2025-07-02,-0.1855,1,1,1,1
2025-07-03,0.2403,1,1,1,1
2025-07-04,-0.3319,1,1,1,1
2025-07-07,-0.761,-1,-1,0,-1
2025-07-08,-0.3968,-1,-1,0,-1
2025-07-09,-0.0053,-1,-1,0,-1
2025-07-10,-0.5008,-1,-1,0,-1
2025-07-11,-0.0015,-1,-1,0,-1
2025-07-14,0.1901,-1,-1,0,-1
2025-07-15,0.2992,-1,-1,0,-1
2025-07-16,0.4046,-1,-1,0,-1
2025-07-17,0.726,0,1,1,1
2025-07-18,0.5249,0,1,1,1
2025-07-21,0.3872,0,1,1,1
2025-07-22,-0.1003,0,1,1,1
2025-07-23,-0.1349,0,1,1,1
2025-07-24,-0.2668,0,1,1,1
2025-07-25,-0.112,0,1,1,1
2025-07-28,0.2214,0,1,1,1
2025-07-29,0.5713,0,1,1,1
2025-07-30,0.3344,0,1,1,1
2025-07-31,0.2435,0,1,1,1
2025-08-01,0.0019,0,1,1,1
2025-08-04,-0.0631,0,1,1,1
2025-08-05,-0.3877,0,1,1,1
2025-08-06,-0.0798,0,1,1,1
2025-08-07,-0.2618,0,1,1,1
2025-08-08,-0.3171,0,1,1,1
2025-08-11,-0.1667,0,1,1,1
2025-08-12,0.0525,0,1,1,1
2025-08-13,0.2946,0,1,1,1
2025-08-14,0.3493,0,1,1,1
2025-08-15,0.616,0,1,1,1
2025-08-18,0.62,0,1,1,1
2025-08-19,0.526,0,1,1,1
2025-08-20,0.2038,0,1,1,1
2025-08-21,0.076,0,1,1,1
2025-08-22,0.3099,0,1,1,1
2025-08-25,0.1756,0,1,1,1
2025-08-26,0.17,0,1,1,1
2025-08-27,0.4026,0,1,1,1
2025-08-28,0.7678,1,1,1,1
2025-08-29,0.5985,1,1,1,1
2025-09-01,0.5877,1,1,1,1
2025-09-02,0.21,1,1,1,1
2025-09-03,0.1054,1,1,1,1
2025-09-04,-0.6565,0,1,0,0
2025-09-05,-0.4403,0,1,0,0
2025-09-08,-0.6549,0,1,0,0
2025-09-09,-0.5392,0,1,0,0
2025-09-10,-0.5562,0,1,0,0
2025-09-11,0.3529,0,1,0,0
2025-09-12,-0.1548,0,1,0,0
2025-09-15,-0.0342,0,1,0,0
2025-09-16,0.3842,0,1,0,0
2025-09-17,0.3688,0,1,0,0
2025-09-18,0.1528,0,1,0,0
2025-09-19,0.0186,0,1,0,0
2025-09-22,0.1745,0,1,0,0
2025-09-23,0.0222,0,1,0,0
2025-09-24,0.1545,0,1,0,0
2025-09-25,0.2411,0,1,0,0
2025-09-26,0.0123,0,1,0,0
2025-09-29,-0.0609,0,1,0,0
2025-09-30,0.1348,0,1,0,0
2025-10-09,-0.0887,0,1,0,0
2025-10-10,-0.7775,-1,-1,0,-1
2025-10-13,-0.5796,-1,-1,0,-1
2025-10-14,-0.8502,-1,-1,-1,-1
2025-10-15,-0.7951,-1,-1,-1,-1
2025-10-16,-0.7506,-1,-1,-1,-1
2025-10-17,-0.5842,-1,-1,-1,-1
2025-10-20,-0.4942,-1,-1,-1,-1
2025-10-21,0.015,-1,-1,0,-1
2025-10-22,-0.1543,-1,-1,0,-1
2025-10-23,-0.1725,-1,-1,0,-1
2025-10-24,0.3674,-1,-1,0,-1
2025-10-27,0.4087,-1,-1,0,-1
2025-10-28,0.319,-1,-1,0,-1
2025-10-29,0.5104,0,0,0,0
2025-10-30,0.443,0,0,0,0
2025-10-31,0.0502,0,0,0,0
2025-11-03,-0.1588,0,0,0,0
2025-11-04,-0.3529,0,0,0,0
2025-11-05,-0.4267,0,0,0,0
2025-11-06,-0.1216,0,0,0,0
2025-11-07,-0.0739,0,0,0,0
2025-11-10,-0.0913,0,0,0,0
2025-11-11,-0.0289,0,0,0,0
2025-11-12,-0.1502,0,0,0,0
2025-11-13,-0.1854,0,0,0,0
2025-11-14,-0.3157,0,0,0,0
2025-11-17,-0.096,0,0,0,0
2025-11-18,0.1272,0,0,0,0
2025-11-19,0.1955,0,0,0,0
2025-11-20,-0.1102,0,0,0,0
2025-11-21,-0.0214,0,0,0,0
2025-11-24,0.0386,0,0,0,0
2025-11-25,0.1169,0,0,0,0
2025-11-26,0.3751,0,0,0,0
2025-11-27,0.5146,0,0,0,0
2025-11-28,0.744,0,1,1,1
2025-12-01,0.6533,0,1,1,1
2025-12-02,0.3963,0,1,1,1
2025-12-03,0.0316,0,1,1,1
2025-12-04,0.2958,0,1,1,1
2025-12-05,0.1031,0,1,1,1
2025-12-08,0.2978,0,1,1,1
2025-12-09,0.5437,0,1,1,1
2025-12-10,0.6503,0,1,1,1
2025-12-11,0.4022,0,1,1,1
2025-12-12,0.5425,0,1,1,1
2025-12-15,-0.1952,0,1,1,1
2025-12-16,-0.4871,0,1,1,1
2025-12-17,-0.2411,0,1,1,1
2025-12-18,-0.5326,0,1,1,1
2025-12-19,-0.6691,0,1,0,0
2025-12-22,0.0412,0,1,0,0
2025-12-23,0.2669,0,1,0,0
2025-12-24,-0.0127,0,1,0,0
2025-12-25,0.3953,0,1,0,0
2025-12-26,0.3556,0,1,0,0
2025-12-29,-0.1567,0,1,0,0
2025-12-30,-0.0325,0,1,0,0
2025-12-31,-0.2645,0,1,0,0
2026-01-05,0.1434,0,1,0,0
2026-01-06,0.0375,0,1,0,0
2026-01-07,0.2591,0,1,0,0
2026-01-08,0.1108,0,1,0,0
2026-01-09,0.365,0,1,0,0
2026-01-12,0.2105,0,1,0,0
2026-01-13,0.067,0,1,0,0
2026-01-14,0.1389,0,1,0,0
2026-01-15,0.3344,0,1,0,0
2026-01-16,0.4752,0,1,0,0
2026-01-19,0.0905,0,1,0,0
2026-01-20,-0.1912,0,1,0,0
2026-01-21,-0.0341,0,1,0,0
2026-01-22,-0.3759,0,1,0,0
2026-01-23,-0.5791,0,1,0,0
2026-01-26,-0.6296,0,1,0,0
2026-01-27,0.2134,0,1,0,0
2026-01-28,-0.329,0,1,0,0
2026-01-29,-0.6346,0,1,0,0
2026-01-30,-0.561,0,1,0,0
2026-02-02,-0.3775,0,1,0,0
2026-02-03,-0.3766,0,1,0,0
2026-02-04,-0.5541,0,1,0,0
2026-02-05,-0.3551,0,1,0,0
2026-02-06,-0.4618,0,1,0,0
2026-02-09,-0.1753,0,1,0,0
2026-02-10,-0.3797,0,1,0,0
2026-02-11,-0.111,0,1,0,0
2026-02-12,0.4532,0,1,0,0
2026-02-13,0.5942,0,1,0,0
2026-02-24,0.3206,0,1,0,0
2026-02-25,0.382,0,1,0,0
2026-02-26,0.6232,0,1,1,0
2026-02-27,0.1123,0,1,1,0
2026-03-02,-0.1434,0,1,1,0
2026-03-03,-0.5809,0,1,1,0
2026-03-04,-0.5525,0,1,1,0
2026-03-05,-0.5424,0,1,1,0
2026-03-06,-0.3757,0,1,1,0
2026-03-09,-0.307,0,1,1,0
2026-03-10,0.572,0,1,1,0
2026-03-11,0.3006,0,1,1,0
2026-03-12,-0.1164,0,1,1,0
2026-03-13,-0.1178,0,1,1,0
2026-03-16,0.1579,0,1,1,0
2026-03-17,-0.4171,0,1,1,0
2026-03-18,0.0743,0,1,1,0
2026-03-19,0.2033,0,1,1,0
2026-03-20,0.3402,0,1,1,0
2026-03-23,0.0455,0,1,1,0
2026-03-24,0.2358,0,1,1,0
2026-03-25,0.1328,0,1,1,0
2026-03-26,0.192,0,1,1,0
2026-03-27,0.2755,0,1,1,0
2026-03-30,0.3271,0,1,1,0
2026-03-31,0.0848,0,1,1,0
2026-04-01,0.116,0,1,1,0
2026-04-02,-0.0651,0,1,1,0
2026-04-03,-0.1425,0,1,1,0
2026-04-07,-0.2093,0,1,1,0
2026-04-08,0.7072,0,1,1,1
2026-04-09,0.5708,0,1,1,1
2026-04-10,0.7989,1,1,1,1
2026-04-13,0.6869,1,1,1,1
2026-04-14,0.767,1,1,1,1
2026-04-15,0.2587,1,1,1,1
2026-04-16,0.408,1,1,1,1
2026-04-17,0.3084,1,1,1,1
2026-04-20,0.3015,1,1,1,1
2026-04-21,-0.0255,1,1,1,1
2026-04-22,0.3317,1,1,1,1
2026-04-23,-0.2103,1,1,1,1
2026-04-24,-0.3192,1,1,1,1
2026-04-27,-0.2455,1,1,1,1
2026-04-28,-0.4131,1,1,1,1
2026-04-29,-0.5602,1,1,1,1
2026-04-30,-0.2129,1,1,1,1
2026-05-06,0.0662,1,1,1,1
2026-05-07,0.1892,1,1,1,1
2026-05-08,0.3834,1,1,1,1
2026-05-11,0.5398,1,1,1,1
2026-05-12,0.4409,1,1,1,1
2026-05-13,0.4502,1,1,1,1
2026-05-14,-0.041,1,1,1,1
2026-05-15,0.0844,1,1,1,1
2026-05-18,-0.0893,1,1,1,1
2026-05-19,-0.1573,1,1,1,1
2026-05-20,-0.1683,1,1,1,1
2026-05-21,-0.2159,1,1,1,1
2026-05-22,0.1156,1,1,1,1
2026-05-25,0.2931,1,1,1,1
2026-05-26,0.1554,1,1,1,1
2026-05-27,-0.2312,1,1,1,1
2026-05-28,0.1528,1,1,1,1
2026-05-29,-0.5933,1,1,1,1
2026-06-01,-0.8642,-1,-1,-1,-1
2026-06-02,-0.6842,-1,-1,-1,-1
2026-06-03,-0.496,-1,-1,-1,-1
2026-06-04,-0.5015,-1,-1,-1,-1
2026-06-05,-0.3666,-1,-1,-1,-1
2026-06-08,-0.1543,-1,-1,0,-1
2026-06-09,-0.0278,-1,-1,0,-1
2026-06-10,-0.3091,-1,-1,0,-1
2026-06-11,-0.3508,-1,-1,0,-1
2026-06-12,-0.1169,-1,-1,0,-1
2026-06-15,0.6314,0,0,1,0
2026-06-16,0.5555,0,0,1,0
2026-06-17,0.767,1,1,1,1
2026-06-18,0.823,1,1,1,1
