pit_policy,candidate,q,target,window,model,n,oos_r2,spearman_ic,partial_ic,cosine_early_late,confirmation_score_spearman,state_UU_share,state_DD_share,state_DIV_share,gate_name,gate_pass,is_in_sample,affects_verdict
ALL,,,,run,,,,,,,,,,,PIT_POLICY_FLIP,False,False,True
legal_deadline,B3_dual_target,,,2021-2023,,,,,,,,,,,m1_increment,False,False,True
legal_deadline,B3_dual_target,,,2021-2023,,,,,,,,,,,partial_ic,True,False,True
legal_deadline,B3_dual_target,,,2021-2023,,,,,,,,,,,stability,False,False,True
legal_deadline,B3_dual_target,,,2021-2023,,,,,,,,,,,state_coverage,False,False,True
legal_deadline,B3_dual_target,q1000,1000,2015-2017,M1,713.0,,,,,,0.5525946704067322,0.38429172510518933,0.06311360448807854,state_coverage,False,False,True
legal_deadline,B3_dual_target,q1000,1000,2015-2020,M1,71.0,,0.189570757880617,0.12612886254789799,,,,,,,,True,False
legal_deadline,B3_dual_target,q1000,1000,2015-2020,M1,1443.0,,,,,,0.5197505197505198,0.4074844074844075,0.07276507276507277,state_coverage,False,False,False
legal_deadline,B3_dual_target,q1000,1000,2018-2020,M1,730.0,,,,,,0.4876712328767123,0.4301369863013699,0.0821917808219178,state_coverage,False,False,True
legal_deadline,B3_dual_target,q1000,1000,2021,M1,11.0,-0.03089667432926957,0.20000000000000004,0.039399080975313965,,,,,,,,False,True
legal_deadline,B3_dual_target,q1000,1000,2021-2023,M0,35.0,0.0525066389711637,0.5022408963585435,,,,,,,,,False,True
legal_deadline,B3_dual_target,q1000,1000,2021-2023,M1,35.0,0.15024875370839852,0.434733893557423,0.17958602881149097,,,,,,,,False,True
legal_deadline,B3_dual_target,q1000,1000,2021-2023,M1,,,,,,,,,,m1_increment,False,False,True
legal_deadline,B3_dual_target,q1000,1000,2021-2023,M1,,,,0.17958602881149097,,,,,,partial_ic,True,False,True
legal_deadline,B3_dual_target,q1000,1000,2021-2023,M1,,,,,0.20774819466042463,0.30277737768046636,,,,stability,False,False,True
legal_deadline,B3_dual_target,q1000,1000,2021-2023,M1,727.0,,,,,,0.47042640990371387,0.39339752407152684,0.1361760660247593,state_coverage,True,False,True
legal_deadline,B3_dual_target,q1000,1000,2022,M1,11.0,0.09692029312416417,0.3727272727272728,0.07344036717206952,,,,,,,,False,True
legal_deadline,B3_dual_target,q1000,1000,2023,M1,11.0,0.46447631364340014,0.4909090909090909,-0.11166392221329094,,,,,,,,False,True
legal_deadline,B3_dual_target,q500,500,2015-2017,M1,713.0,,,,,,0.520336605890603,0.3800841514726508,0.09957924263674614,state_coverage,False,False,True
legal_deadline,B3_dual_target,q500,500,2015-2020,M1,71.0,,0.14507042253521124,0.07240947477411214,,,,,,,,True,False
legal_deadline,B3_dual_target,q500,500,2015-2020,M1,1443.0,,,,,,0.4941094941094941,0.404019404019404,0.10187110187110188,state_coverage,True,False,False
legal_deadline,B3_dual_target,q500,500,2018-2020,M1,730.0,,,,,,0.4684931506849315,0.4273972602739726,0.10410958904109589,state_coverage,True,False,True
legal_deadline,B3_dual_target,q500,500,2021,M1,11.0,0.1056288064184896,0.4090909090909091,0.11113946373886882,,,,,,,,False,True
legal_deadline,B3_dual_target,q500,500,2021-2023,M0,35.0,0.09768195527056733,0.35910364145658263,,,,,,,,,False,True
legal_deadline,B3_dual_target,q500,500,2021-2023,M1,35.0,0.1717125604646368,0.3495798319327731,0.10680673737075322,,,,,,,,False,True
legal_deadline,B3_dual_target,q500,500,2021-2023,M1,,,,,,,,,,m1_increment,False,False,True
legal_deadline,B3_dual_target,q500,500,2021-2023,M1,,,,0.10680673737075322,,,,,,partial_ic,True,False,True
legal_deadline,B3_dual_target,q500,500,2021-2023,M1,,,,,-0.20177407181210522,-0.034489800558326254,,,,stability,False,False,True
legal_deadline,B3_dual_target,q500,500,2021-2023,M1,727.0,,,,,,0.45254470426409904,0.390646492434663,0.15680880330123798,state_coverage,True,False,True
legal_deadline,B3_dual_target,q500,500,2022,M1,11.0,0.206488517044772,0.3727272727272728,0.026260333401097857,,,,,,,,False,True
legal_deadline,B3_dual_target,q500,500,2023,M1,11.0,-0.08957808292548997,0.08181818181818183,-0.36064072941889364,,,,,,,,False,True
legal_deadline,B3_unified,,,2021-2023,,,,,,,,,,,m1_increment,True,False,True
legal_deadline,B3_unified,,,2021-2023,,,,,,,,,,,partial_ic,False,False,True
legal_deadline,B3_unified,,,2021-2023,,,,,,,,,,,stability,False,False,True
legal_deadline,B3_unified,,,2021-2023,,,,,,,,,,,state_coverage,False,False,True
legal_deadline,B3_unified,qblend,blend,2015-2017,M1,713.0,,,,,,0.5399719495091164,0.38288920056100983,0.07713884992987377,state_coverage,False,False,True
legal_deadline,B3_unified,qblend,blend,2015-2020,M1,71.0,,0.14647887323943662,0.05191781756173299,,,,,,,,True,False
legal_deadline,B3_unified,qblend,blend,2015-2020,M1,1443.0,,,,,,0.5051975051975052,0.404019404019404,0.09078309078309078,state_coverage,False,False,False
legal_deadline,B3_unified,qblend,blend,2018-2020,M1,730.0,,,,,,0.4712328767123288,0.4246575342465753,0.10410958904109589,state_coverage,True,False,True
legal_deadline,B3_unified,qblend,blend,2021,M1,11.0,0.25290407244620017,0.7090909090909092,0.7063001655851698,,,,,,,,False,True
legal_deadline,B3_unified,qblend,blend,2021-2023,M0,35.0,0.0790933567698795,0.480952380952381,,,,,,,,,False,True
legal_deadline,B3_unified,qblend,blend,2021-2023,M1,35.0,0.19576228765447168,0.5386554621848739,0.23533960387979788,,,,,,,,False,True
legal_deadline,B3_unified,qblend,blend,2021-2023,M1,,,,,,,,,,m1_increment,True,False,True
legal_deadline,B3_unified,qblend,blend,2021-2023,M1,,,,0.23533960387979788,,,,,,partial_ic,False,False,True
legal_deadline,B3_unified,qblend,blend,2021-2023,M1,,,,,-0.283128743165306,-0.06517141730346682,,,,stability,False,False,True
legal_deadline,B3_unified,qblend,blend,2021-2023,M1,727.0,,,,,,0.45392022008253097,0.39614855570839064,0.1499312242090784,state_coverage,True,False,True
legal_deadline,B3_unified,qblend,blend,2022,M1,11.0,0.1548223113349564,0.44545454545454555,-0.0992344808811544,,,,,,,,False,True
legal_deadline,B3_unified,qblend,blend,2023,M1,11.0,0.2283142695289816,0.48181818181818187,-0.5058925820852154,,,,,,,,False,True
legal_deadline,PUBLIC,,,2021-2023,,35.0,,,,,,,,,interaction_axis_corr,True,False,True
legal_deadline,PUBLIC,,,structure,,3.0,,,,,,,,,beta_h_same_sign,True,False,True
legal_deadline,PUBLIC,,,structure,,110.0,,,,,,,,,hard_sort_complete,True,False,True
legal_deadline_plus_one_month_end,B3_dual_target,,,2021-2023,,,,,,,,,,,m1_increment,False,False,True
legal_deadline_plus_one_month_end,B3_dual_target,,,2021-2023,,,,,,,,,,,partial_ic,False,False,True
legal_deadline_plus_one_month_end,B3_dual_target,,,2021-2023,,,,,,,,,,,stability,False,False,True
legal_deadline_plus_one_month_end,B3_dual_target,,,2021-2023,,,,,,,,,,,state_coverage,False,False,True
legal_deadline_plus_one_month_end,B3_dual_target,q1000,1000,2015-2017,M1,713.0,,,,,,0.5525946704067322,0.38429172510518933,0.06311360448807854,state_coverage,False,False,True
legal_deadline_plus_one_month_end,B3_dual_target,q1000,1000,2015-2020,M1,71.0,,0.18467471495640508,0.11740885259015435,,,,,,,,True,False
legal_deadline_plus_one_month_end,B3_dual_target,q1000,1000,2015-2020,M1,1443.0,,,,,,0.5190575190575191,0.40817740817740816,0.07276507276507277,state_coverage,False,False,False
legal_deadline_plus_one_month_end,B3_dual_target,q1000,1000,2018-2020,M1,730.0,,,,,,0.4863013698630137,0.4315068493150685,0.0821917808219178,state_coverage,False,False,True
legal_deadline_plus_one_month_end,B3_dual_target,q1000,1000,2021,M1,11.0,-0.012952285343621028,0.23636363636363636,-0.02909325952399969,,,,,,,,False,True
legal_deadline_plus_one_month_end,B3_dual_target,q1000,1000,2021-2023,M0,35.0,0.04730711206240501,0.503641456582633,,,,,,,,,False,True
legal_deadline_plus_one_month_end,B3_dual_target,q1000,1000,2021-2023,M1,35.0,0.15744131454126276,0.42633053221288525,0.1378504756776296,,,,,,,,False,True
legal_deadline_plus_one_month_end,B3_dual_target,q1000,1000,2021-2023,M1,,,,,,,,,,m1_increment,False,False,True
legal_deadline_plus_one_month_end,B3_dual_target,q1000,1000,2021-2023,M1,,,,0.1378504756776296,,,,,,partial_ic,False,False,True
legal_deadline_plus_one_month_end,B3_dual_target,q1000,1000,2021-2023,M1,,,,,0.09462804183314101,0.11694985644591749,,,,stability,False,False,True
legal_deadline_plus_one_month_end,B3_dual_target,q1000,1000,2021-2023,M1,727.0,,,,,,0.47042640990371387,0.3920220082530949,0.1375515818431912,state_coverage,True,False,True
legal_deadline_plus_one_month_end,B3_dual_target,q1000,1000,2022,M1,11.0,0.11009177763747535,0.3545454545454546,0.05887914135121213,,,,,,,,False,True
legal_deadline_plus_one_month_end,B3_dual_target,q1000,1000,2023,M1,11.0,0.4602249364287506,0.4909090909090909,-0.11166392221329094,,,,,,,,False,True
legal_deadline_plus_one_month_end,B3_dual_target,q500,500,2015-2017,M1,713.0,,,,,,0.520336605890603,0.37727910238429174,0.10238429172510519,state_coverage,True,False,True
legal_deadline_plus_one_month_end,B3_dual_target,q500,500,2015-2020,M1,71.0,,0.1476525821596244,0.07504725054138389,,,,,,,,True,False
legal_deadline_plus_one_month_end,B3_dual_target,q500,500,2015-2020,M1,1443.0,,,,,,0.49272349272349275,0.40332640332640335,0.10395010395010396,state_coverage,True,False,False
legal_deadline_plus_one_month_end,B3_dual_target,q500,500,2018-2020,M1,730.0,,,,,,0.4657534246575342,0.42876712328767125,0.10547945205479452,state_coverage,True,False,True
legal_deadline_plus_one_month_end,B3_dual_target,q500,500,2021,M1,11.0,0.11108284719356509,0.4090909090909091,0.0951532808592604,,,,,,,,False,True
legal_deadline_plus_one_month_end,B3_dual_target,q500,500,2021-2023,M0,35.0,0.0962442024915342,0.3596638655462185,,,,,,,,,False,True
legal_deadline_plus_one_month_end,B3_dual_target,q500,500,2021-2023,M1,35.0,0.17093806233911502,0.3434173669467787,0.08177371895226346,,,,,,,,False,True
legal_deadline_plus_one_month_end,B3_dual_target,q500,500,2021-2023,M1,,,,,,,,,,m1_increment,False,False,True
legal_deadline_plus_one_month_end,B3_dual_target,q500,500,2021-2023,M1,,,,0.08177371895226346,,,,,,partial_ic,True,False,True
legal_deadline_plus_one_month_end,B3_dual_target,q500,500,2021-2023,M1,,,,,-0.26042518600187553,-0.08767220649801617,,,,stability,False,False,True
legal_deadline_plus_one_month_end,B3_dual_target,q500,500,2021-2023,M1,727.0,,,,,,0.4511691884456671,0.3920220082530949,0.15680880330123798,state_coverage,True,False,True
legal_deadline_plus_one_month_end,B3_dual_target,q500,500,2022,M1,11.0,0.19786487545014808,0.4090909090909091,0.06765024581001654,,,,,,,,False,True
legal_deadline_plus_one_month_end,B3_dual_target,q500,500,2023,M1,11.0,-0.06401953698286422,0.06363636363636364,-0.365654119623239,,,,,,,,False,True
legal_deadline_plus_one_month_end,B3_unified,,,2021-2023,,,,,,,,,,,m1_increment,True,False,True
legal_deadline_plus_one_month_end,B3_unified,,,2021-2023,,,,,,,,,,,partial_ic,False,False,True
legal_deadline_plus_one_month_end,B3_unified,,,2021-2023,,,,,,,,,,,stability,False,False,True
legal_deadline_plus_one_month_end,B3_unified,,,2021-2023,,,,,,,,,,,state_coverage,False,False,True
legal_deadline_plus_one_month_end,B3_unified,qblend,blend,2015-2017,M1,713.0,,,,,,0.5371669004207573,0.38288920056100983,0.07994389901823282,state_coverage,False,False,True
legal_deadline_plus_one_month_end,B3_unified,qblend,blend,2015-2020,M1,71.0,,0.14503688799463446,0.05094732575610428,,,,,,,,True,False
legal_deadline_plus_one_month_end,B3_unified,qblend,blend,2015-2020,M1,1443.0,,,,,,0.5038115038115039,0.40540540540540543,0.09078309078309078,state_coverage,False,False,False
legal_deadline_plus_one_month_end,B3_unified,qblend,blend,2018-2020,M1,730.0,,,,,,0.4712328767123288,0.4273972602739726,0.10136986301369863,state_coverage,True,False,True
legal_deadline_plus_one_month_end,B3_unified,qblend,blend,2021,M1,11.0,0.22503067044456115,0.6818181818181819,0.7198105361171916,,,,,,,,False,True
legal_deadline_plus_one_month_end,B3_unified,qblend,blend,2021-2023,M0,35.0,0.07672325142131031,0.4773109243697479,,,,,,,,,False,True
legal_deadline_plus_one_month_end,B3_unified,qblend,blend,2021-2023,M1,35.0,0.18822947530003686,0.49075630252100844,0.1328044377614438,,,,,,,,False,True
legal_deadline_plus_one_month_end,B3_unified,qblend,blend,2021-2023,M1,,,,,,,,,,m1_increment,True,False,True
legal_deadline_plus_one_month_end,B3_unified,qblend,blend,2021-2023,M1,,,,0.1328044377614438,,,,,,partial_ic,False,False,True
legal_deadline_plus_one_month_end,B3_unified,qblend,blend,2021-2023,M1,,,,,-0.2607365898130742,-0.05532341236355241,,,,stability,False,False,True
legal_deadline_plus_one_month_end,B3_unified,qblend,blend,2021-2023,M1,727.0,,,,,,0.45667125171939477,0.39614855570839064,0.14718019257221457,state_coverage,True,False,True
legal_deadline_plus_one_month_end,B3_unified,qblend,blend,2022,M1,11.0,0.14757734450378512,0.3727272727272728,-0.20159824892504868,,,,,,,,False,True
legal_deadline_plus_one_month_end,B3_unified,qblend,blend,2023,M1,11.0,0.21327261011395615,0.44545454545454555,-0.6131661898526826,,,,,,,,False,True
legal_deadline_plus_one_month_end,PUBLIC,,,2021-2023,,35.0,,,,,,,,,interaction_axis_corr,True,False,True
legal_deadline_plus_one_month_end,PUBLIC,,,structure,,3.0,,,,,,,,,beta_h_same_sign,True,False,True
legal_deadline_plus_one_month_end,PUBLIC,,,structure,,110.0,,,,,,,,,hard_sort_complete,True,False,True
