ts_code,list_date,first_eff
000032.SZ,1993-10-28,2025-04-01
000035.SZ,1994-04-08,2025-04-01
000036.SZ,1994-06-17,2025-04-01
000060.SZ,1997-01-23,2025-04-01
000061.SZ,1997-01-10,2025-04-01
000065.SZ,1998-06-05,2025-04-01
000100.SZ,2004-01-30,2025-04-01
000156.SZ,2000-09-06,2025-04-01
000301.SZ,2000-05-29,2025-04-01
000403.SZ,1996-06-28,2025-04-01
000410.SZ,1996-07-18,2025-04-01
000411.SZ,1996-07-16,2025-04-01
000430.SZ,1996-08-29,2025-04-01
000498.SZ,1997-06-09,2025-04-01
000547.SZ,1993-11-30,2025-04-01
000551.SZ,1994-01-06,2025-04-01
000561.SZ,1994-05-09,2025-04-01
000582.SZ,1995-11-02,2025-04-01
000599.SZ,1996-04-30,2025-04-01
000603.SZ,1996-08-23,2025-04-01
000615.SZ,1996-10-16,2025-04-01
000620.SZ,1996-10-29,2025-04-01
000635.SZ,1996-11-20,2025-04-01
000656.SZ,1996-11-28,2025-04-01
000670.SZ,1996-12-17,2025-04-01
000681.SZ,1997-01-21,2025-04-01
000688.SZ,1997-01-20,2025-04-01
000691.SZ,1997-02-28,2025-04-01
000697.SZ,1997-03-25,2025-04-01
000707.SZ,1997-04-15,2025-04-01
000713.SZ,1997-04-22,2025-04-01
000715.SZ,1997-05-08,2025-04-01
000811.SZ,1998-05-28,2025-04-01
000813.SZ,1998-05-19,2025-04-01
000820.SZ,1998-06-30,2025-04-01
000863.SZ,1997-09-25,2025-04-01
000878.SZ,1998-06-02,2025-04-01
000880.SZ,1998-04-02,2025-04-01
000883.SZ,1998-05-19,2025-04-01
000905.SZ,1999-04-29,2025-04-01
000908.SZ,1999-02-03,2025-04-01
000958.SZ,1999-12-23,2025-04-01
000973.SZ,2000-05-25,2025-04-01
000998.SZ,2000-12-11,2025-04-01
000999.SZ,2000-03-09,2025-04-01
001202.SZ,2021-04-29,2025-04-01
001207.SZ,2021-06-23,2025-04-01
001208.SZ,2021-06-24,2025-04-01
001210.SZ,2021-07-29,2025-04-01
001212.SZ,2021-08-23,2025-04-01
001216.SZ,2021-10-19,2025-04-01
001223.SZ,2022-12-12,2025-04-01
001255.SZ,2022-09-30,2025-04-01
001267.SZ,2021-11-17,2025-04-01
001282.SZ,2023-05-24,2025-04-01
001283.SZ,2022-09-05,2025-04-01
001288.SZ,2021-11-01,2025-04-01
001298.SZ,2022-10-31,2025-04-01
001299.SZ,2022-10-31,2025-04-01
001309.SZ,2022-07-01,2025-04-01
001311.SZ,2023-02-27,2025-04-01
001316.SZ,2022-06-24,2025-04-01
001317.SZ,2021-11-30,2025-04-01
001323.SZ,2022-06-23,2025-04-01
001331.SZ,2022-09-08,2025-04-01
001367.SZ,2023-04-10,2025-04-01
001380.SZ,2023-05-16,2025-04-01
002019.SZ,2004-07-13,2025-04-01
002027.SZ,2004-08-04,2025-04-01
002034.SZ,2004-08-26,2025-04-01
002050.SZ,2005-06-07,2025-04-01
002067.SZ,2006-09-15,2025-04-01
002079.SZ,2006-11-16,2025-04-01
002102.SZ,2006-12-29,2025-04-01
002112.SZ,2007-02-08,2025-04-01
002127.SZ,2007-04-18,2025-04-01
002130.SZ,2007-04-20,2025-04-01
002155.SZ,2007-08-16,2025-04-01
002171.SZ,2007-09-21,2025-04-01
002174.SZ,2007-09-25,2025-04-01
002200.SZ,2007-12-21,2025-04-01
002203.SZ,2008-01-16,2025-04-01
002225.SZ,2008-04-25,2025-04-01
002237.SZ,2008-05-20,2025-04-01
002239.SZ,2008-05-22,2025-04-01
002270.SZ,2008-09-05,2025-04-01
002278.SZ,2009-08-11,2025-04-01
002287.SZ,2009-08-28,2025-04-01
002307.SZ,2009-11-11,2025-04-01
002315.SZ,2009-12-09,2025-04-01
002323.SZ,2009-12-18,2025-04-01
002343.SZ,2010-01-26,2025-04-01
002355.SZ,2010-02-09,2025-04-01
002366.SZ,2010-03-12,2025-04-01
002371.SZ,2010-03-16,2025-04-01
002379.SZ,2010-03-31,2025-04-01
002384.SZ,2010-04-09,2025-04-01
002393.SZ,2010-04-23,2025-04-01
002455.SZ,2010-08-03,2025-04-01
002468.SZ,2010-09-08,2025-04-01
002517.SZ,2010-12-07,2025-04-01
002534.SZ,2011-01-10,2025-04-01
002552.SZ,2011-02-25,2025-04-01
002558.SZ,2011-03-02,2025-04-01
002560.SZ,2011-03-03,2025-04-01
002562.SZ,2011-03-10,2025-04-01
002581.SZ,2011-05-20,2025-04-01
002594.SZ,2011-06-30,2025-04-01
002595.SZ,2011-06-28,2025-04-01
002600.SZ,2011-07-15,2025-04-01
002607.SZ,2011-08-10,2025-04-01
002615.SZ,2011-09-09,2025-04-01
002616.SZ,2011-09-20,2025-04-01
002645.SZ,2011-12-20,2025-04-01
002667.SZ,2012-03-29,2025-04-01
002694.SZ,2012-08-16,2025-04-01
002709.SZ,2014-01-23,2025-04-01
002713.SZ,2014-02-19,2025-04-01
002714.SZ,2014-01-28,2025-04-01
002722.SZ,2014-01-28,2025-04-01
002734.SZ,2015-01-27,2025-04-01
002736.SZ,2014-12-29,2025-04-01
002742.SZ,2015-02-17,2025-04-01
002747.SZ,2015-03-20,2025-04-01
002753.SZ,2015-05-19,2025-04-01
002761.SZ,2015-06-10,2025-04-01
002768.SZ,2015-06-30,2025-04-01
002775.SZ,2015-06-29,2025-04-01
002779.SZ,2015-12-09,2025-04-01
002798.SZ,2016-05-25,2025-04-01
002803.SZ,2016-07-12,2025-04-01
002806.SZ,2016-07-26,2025-04-01
002809.SZ,2016-08-23,2025-04-01
002815.SZ,2016-10-12,2025-04-01
002822.SZ,2016-11-29,2025-04-01
002824.SZ,2017-01-12,2025-04-01
002837.SZ,2016-12-29,2025-04-01
002840.SZ,2017-01-10,2025-04-01
002842.SZ,2017-01-19,2025-04-01
002851.SZ,2017-03-06,2025-04-01
002862.SZ,2017-04-11,2025-04-01
002865.SZ,2017-04-25,2025-04-01
002871.SZ,2017-05-11,2025-04-01
002881.SZ,2017-06-22,2025-04-01
002889.SZ,2017-07-31,2025-04-01
002891.SZ,2017-08-21,2025-04-01
002892.SZ,2017-08-17,2025-04-01
002895.SZ,2017-08-25,2025-04-01
002896.SZ,2017-08-29,2025-04-01
002916.SZ,2017-12-13,2025-04-01
002920.SZ,2017-12-26,2025-04-01
002921.SZ,2017-12-27,2025-04-01
002922.SZ,2017-12-29,2025-04-01
002941.SZ,2018-11-28,2025-04-01
002953.SZ,2019-05-09,2025-04-01
002960.SZ,2019-08-09,2025-04-01
002961.SZ,2019-09-05,2025-04-01
002965.SZ,2019-10-25,2025-04-01
002967.SZ,2019-11-08,2025-04-01
002969.SZ,2019-12-02,2025-04-01
002975.SZ,2020-02-05,2025-04-01
002976.SZ,2020-03-06,2025-04-01
002980.SZ,2020-04-15,2025-04-01
002982.SZ,2020-04-24,2025-04-01
002987.SZ,2020-05-07,2025-04-01
002998.SZ,2020-09-25,2025-04-01
003001.SZ,2020-10-13,2025-04-01
003005.SZ,2020-09-22,2025-04-01
003009.SZ,2020-09-25,2025-04-01
003010.SZ,2020-09-25,2025-04-01
003013.SZ,2020-10-22,2025-04-01
003021.SZ,2020-12-04,2025-04-01
003025.SZ,2020-12-11,2025-04-01
003028.SZ,2020-12-28,2025-04-01
003043.SZ,2021-04-06,2025-04-01
300011.SZ,2009-10-30,2025-04-01
300014.SZ,2009-10-30,2025-04-01
300016.SZ,2009-10-30,2025-04-01
300021.SZ,2009-10-30,2025-04-01
300033.SZ,2009-12-25,2025-04-01
300040.SZ,2010-01-08,2025-04-01
300057.SZ,2010-02-26,2025-04-01
300058.SZ,2010-02-26,2025-04-01
300062.SZ,2010-03-19,2025-04-01
300073.SZ,2010-04-27,2025-04-01
300077.SZ,2010-04-30,2025-04-01
300091.SZ,2010-06-25,2025-04-01
300093.SZ,2010-07-08,2025-04-01
300095.SZ,2010-07-28,2025-04-01
300100.SZ,2010-08-06,2025-04-01
300125.SZ,2010-10-13,2025-04-01
300129.SZ,2010-10-19,2025-04-01
300159.SZ,2011-01-07,2025-04-01
300167.SZ,2011-01-25,2025-04-01
300190.SZ,2011-03-16,2025-04-01
300224.SZ,2011-05-31,2025-04-01
300227.SZ,2011-06-08,2025-04-01
300258.SZ,2011-08-26,2025-04-01
300263.SZ,2011-09-16,2025-04-01
300272.SZ,2011-11-02,2025-04-01
300277.SZ,2011-11-23,2025-04-01
300283.SZ,2012-01-10,2025-04-01
300313.SZ,2012-04-25,2025-04-01
300346.SZ,2012-08-07,2025-04-01
300358.SZ,2014-01-21,2025-04-01
300394.SZ,2015-02-17,2025-04-01
300398.SZ,2014-10-09,2025-04-01
300407.SZ,2014-12-03,2025-04-01
300428.SZ,2015-03-19,2025-04-01
300432.SZ,2015-03-19,2025-04-01
300433.SZ,2015-03-18,2025-04-01
300442.SZ,2015-04-24,2025-04-01
300450.SZ,2015-05-18,2025-04-01
300458.SZ,2015-05-15,2025-04-01
300471.SZ,2015-06-11,2025-04-01
300473.SZ,2015-06-12,2025-04-01
300476.SZ,2015-06-11,2025-04-01
300483.SZ,2015-06-30,2025-04-01
300486.SZ,2015-06-30,2025-04-01
300488.SZ,2015-07-01,2025-04-01
300492.SZ,2015-12-23,2025-04-01
300501.SZ,2016-02-04,2025-04-01
300502.SZ,2016-03-03,2025-04-01
300506.SZ,2016-03-24,2025-04-01
300511.SZ,2016-05-04,2025-04-01
300516.SZ,2016-06-02,2025-04-01
300532.SZ,2016-08-18,2025-04-01
300539.SZ,2016-08-30,2025-04-01
300540.SZ,2016-08-23,2025-04-01
300553.SZ,2016-10-21,2025-04-01
300557.SZ,2016-11-01,2025-04-01
300573.SZ,2016-12-08,2025-04-01
300576.SZ,2016-12-20,2025-04-01
300587.SZ,2017-01-05,2025-04-01
300619.SZ,2017-03-01,2025-04-01
300622.SZ,2017-03-15,2025-04-01
300627.SZ,2017-03-21,2025-04-01
300638.SZ,2017-04-13,2025-04-01
300648.SZ,2017-04-25,2025-04-01
300650.SZ,2017-05-03,2025-04-01
300651.SZ,2017-05-09,2025-04-01
300652.SZ,2017-05-16,2025-04-01
300660.SZ,2017-06-02,2025-04-01
300661.SZ,2017-06-06,2025-04-01
300665.SZ,2017-06-13,2025-04-01
300681.SZ,2017-07-25,2025-04-01
300692.SZ,2017-08-21,2025-04-01
300695.SZ,2017-09-08,2025-04-01
300697.SZ,2017-09-07,2025-04-01
300708.SZ,2017-10-16,2025-04-01
300711.SZ,2017-11-01,2025-04-01
300725.SZ,2017-11-10,2025-04-01
300727.SZ,2017-11-27,2025-04-01
300732.SZ,2017-12-12,2025-04-01
300739.SZ,2018-02-01,2025-04-01
300757.SZ,2019-01-08,2025-04-01
300779.SZ,2019-05-22,2025-04-01
300781.SZ,2019-06-06,2025-04-01
300782.SZ,2019-06-18,2025-04-01
300787.SZ,2019-08-15,2025-04-01
300791.SZ,2019-09-25,2025-04-01
300795.SZ,2019-10-22,2025-04-01
300826.SZ,2020-04-03,2025-04-01
300827.SZ,2020-04-10,2025-04-01
300829.SZ,2020-04-22,2025-04-01
300836.SZ,2020-05-28,2025-04-01
300839.SZ,2020-06-30,2025-04-01
300844.SZ,2021-08-13,2025-04-01
300845.SZ,2020-07-03,2025-04-01
300850.SZ,2020-07-13,2025-04-01
300852.SZ,2020-07-13,2025-04-01
300856.SZ,2020-07-22,2025-04-01
300857.SZ,2020-07-27,2025-04-01
300861.SZ,2020-08-24,2025-04-01
300863.SZ,2020-08-24,2025-04-01
300871.SZ,2020-08-24,2025-04-01
300872.SZ,2020-08-24,2025-04-01
300876.SZ,2020-08-24,2025-04-01
300889.SZ,2020-09-16,2025-04-01
300893.SZ,2020-09-24,2025-04-01
300897.SZ,2020-09-28,2025-04-01
300900.SZ,2020-10-29,2025-04-01
300911.SZ,2020-12-03,2025-04-01
300913.SZ,2020-12-07,2025-04-01
300915.SZ,2020-12-02,2025-04-01
300918.SZ,2020-12-22,2025-04-01
300919.SZ,2020-12-23,2025-04-01
300921.SZ,2020-12-22,2025-04-01
300932.SZ,2021-01-22,2025-04-01
300933.SZ,2021-01-22,2025-04-01
300938.SZ,2021-01-27,2025-04-01
300946.SZ,2021-02-08,2025-04-01
300948.SZ,2021-02-25,2025-04-01
300952.SZ,2021-03-11,2025-04-01
300953.SZ,2021-03-18,2025-04-01
300956.SZ,2021-03-26,2025-04-01
300960.SZ,2021-03-29,2025-04-01
300963.SZ,2021-04-09,2025-04-01
300969.SZ,2021-04-12,2025-04-01
300971.SZ,2021-04-15,2025-04-01
300972.SZ,2021-04-19,2025-04-01
300976.SZ,2021-04-19,2025-04-01
300981.SZ,2021-04-27,2025-04-01
300984.SZ,2021-06-18,2025-04-01
300986.SZ,2021-04-30,2025-04-01
300996.SZ,2021-06-03,2025-04-01
301002.SZ,2021-06-07,2025-04-01
301004.SZ,2021-06-25,2025-04-01
301008.SZ,2021-06-11,2025-04-01
301012.SZ,2021-06-22,2025-04-01
301016.SZ,2021-06-30,2025-04-01
301022.SZ,2021-07-02,2025-04-01
301023.SZ,2021-07-07,2025-04-01
301026.SZ,2021-07-16,2025-04-01
301031.SZ,2021-07-15,2025-04-01
301038.SZ,2021-08-04,2025-04-01
301046.SZ,2021-08-17,2025-04-01
301051.SZ,2021-08-27,2025-04-01
301053.SZ,2021-09-01,2025-04-01
301061.SZ,2021-09-13,2025-04-01
301066.SZ,2021-09-22,2025-04-01
301068.SZ,2021-09-28,2025-04-01
301069.SZ,2021-09-27,2025-04-01
301070.SZ,2021-09-23,2025-04-01
301076.SZ,2021-10-11,2025-04-01
301077.SZ,2021-09-30,2025-04-01
301080.SZ,2021-10-18,2025-04-01
301081.SZ,2021-10-20,2025-04-01
301082.SZ,2021-10-27,2025-04-01
301087.SZ,2021-10-25,2025-04-01
301091.SZ,2021-10-29,2025-04-01
301093.SZ,2021-11-01,2025-04-01
301099.SZ,2021-11-22,2025-04-01
301107.SZ,2022-05-24,2025-04-01
301108.SZ,2021-12-03,2025-04-01
301109.SZ,2022-04-13,2025-04-01
301113.SZ,2021-12-22,2025-04-01
301117.SZ,2022-01-17,2025-04-01
301121.SZ,2022-08-08,2025-04-01
301128.SZ,2021-11-10,2025-04-01
301131.SZ,2022-03-14,2025-04-01
301133.SZ,2021-11-26,2025-04-01
301150.SZ,2022-04-21,2025-04-01
301160.SZ,2022-06-06,2025-04-01
301162.SZ,2022-04-29,2025-04-01
301165.SZ,2022-11-21,2025-04-01
301171.SZ,2022-08-19,2025-04-01
301172.SZ,2023-07-26,2025-04-01
301179.SZ,2021-12-08,2025-04-01
301187.SZ,2022-04-22,2025-04-01
301188.SZ,2021-11-11,2025-04-01
301193.SZ,2021-12-09,2025-04-01
301199.SZ,2021-12-07,2025-04-01
301200.SZ,2022-02-28,2025-04-01
301209.SZ,2022-08-25,2025-04-01
301210.SZ,2023-06-30,2025-04-01
301211.SZ,2021-12-22,2025-04-01
301216.SZ,2022-03-29,2025-04-01
301220.SZ,2022-06-22,2025-04-01
301229.SZ,2022-02-22,2025-04-01
301236.SZ,2022-03-15,2025-04-01
301252.SZ,2023-05-25,2025-04-01
301255.SZ,2022-12-27,2025-04-01
301276.SZ,2022-09-09,2025-04-01
301277.SZ,2022-11-16,2025-04-01
301278.SZ,2022-08-04,2025-04-01
301279.SZ,2022-04-13,2025-04-01
301280.SZ,2022-12-26,2025-04-01
301282.SZ,2022-08-26,2025-04-01
301297.SZ,2022-12-30,2025-04-01
301312.SZ,2022-07-11,2025-04-01
301319.SZ,2022-09-29,2025-04-01
301327.SZ,2022-09-19,2025-04-01
301330.SZ,2022-08-17,2025-04-01
301339.SZ,2022-09-09,2025-04-01
301348.SZ,2023-08-10,2025-04-01
301349.SZ,2022-09-09,2025-04-01
301353.SZ,2023-05-30,2025-04-01
301358.SZ,2023-02-09,2025-04-01
301359.SZ,2022-11-09,2025-04-01
301363.SZ,2022-10-12,2025-04-01
301366.SZ,2022-09-26,2025-04-01
301371.SZ,2023-08-01,2025-04-01
301379.SZ,2022-11-01,2025-04-01
301380.SZ,2022-10-25,2025-04-01
301382.SZ,2023-05-17,2025-04-01
301395.SZ,2023-07-03,2025-04-01
301396.SZ,2022-11-11,2025-04-01
301397.SZ,2023-06-28,2025-04-01
301398.SZ,2022-12-15,2025-04-01
301399.SZ,2023-05-23,2025-04-01
301419.SZ,2023-02-09,2025-04-01
301459.SZ,2023-12-13,2025-04-01
301489.SZ,2023-10-24,2025-04-01
301500.SZ,2023-09-21,2025-04-01
301505.SZ,2023-07-19,2025-04-01
301517.SZ,2023-10-17,2025-04-01
301550.SZ,2023-09-15,2025-04-01
301578.SZ,2023-12-28,2025-04-01
600000.SH,1999-11-10,2025-04-01
600004.SH,2003-04-28,2025-04-01
600026.SH,2002-05-23,2025-04-01
600027.SH,2005-02-03,2025-04-01
600031.SH,2003-07-03,2025-04-01
600097.SH,1997-06-19,2025-04-01
600141.SH,1999-06-16,2025-04-01
600150.SH,1998-05-20,2025-04-01
600165.SH,1998-05-29,2025-04-01
600179.SH,1998-11-04,2025-04-01
600184.SH,2003-11-06,2025-04-01
600217.SH,1999-12-16,2025-04-01
600233.SH,2000-06-08,2025-04-01
600252.SH,2000-11-30,2025-04-01
600272.SH,2001-02-28,2025-04-01
600273.SH,2003-06-27,2025-04-01
600292.SH,2000-11-01,2025-04-01
600299.SH,2000-04-20,2025-04-01
600313.SH,2001-01-19,2025-04-01
600331.SH,2001-12-20,2025-04-01
600356.SH,2001-04-19,2025-04-01
600361.SH,2001-11-29,2025-04-01
600365.SH,2001-01-15,2025-04-01
600398.SH,2000-12-28,2025-04-01
600416.SH,2002-07-18,2025-04-01
600458.SH,2002-12-19,2025-04-01
600459.SH,2003-05-16,2025-04-01
600469.SH,2003-10-21,2025-04-01
600479.SH,2004-03-12,2025-04-01
600480.SH,2003-08-15,2025-04-01
600481.SH,2003-04-22,2025-04-01
600483.SH,2004-05-31,2025-04-01
600498.SH,2001-08-23,2025-04-01
600506.SH,2001-12-26,2025-04-01
600531.SH,2002-07-30,2025-04-01
600536.SH,2002-05-17,2025-04-01
600566.SH,2001-08-22,2025-04-01
600567.SH,2001-12-18,2025-04-01
600575.SH,2003-03-28,2025-04-01
600580.SH,2002-06-06,2025-04-01
600603.SH,1992-01-13,2025-04-01
600615.SH,1992-09-10,2025-04-01
600629.SH,1993-02-09,2025-04-01
600648.SH,1993-05-04,2025-04-01
600666.SH,1993-07-12,2025-04-01
600668.SH,1993-07-28,2025-04-01
600681.SH,1993-10-18,2025-04-01
600684.SH,1993-10-28,2025-04-01
600694.SH,1993-11-22,2025-04-01
600699.SH,1993-12-06,2025-04-01
600732.SH,1996-08-16,2025-04-01
600733.SH,1996-08-16,2025-04-01
600756.SH,1996-09-23,2025-04-01
600789.SH,1997-02-26,2025-04-01
600810.SH,1994-01-06,2025-04-01
600862.SH,1994-05-20,2025-04-01
600863.SH,1994-05-20,2025-04-01
600875.SH,1995-10-10,2025-04-01
600885.SH,1996-02-05,2025-04-01
600888.SH,1996-02-15,2025-04-01
600889.SH,1996-03-08,2025-04-01
600909.SH,2016-12-06,2025-04-01
600918.SH,2020-06-03,2025-04-01
600926.SH,2016-10-27,2025-04-01
600938.SH,2022-04-21,2025-04-01
600941.SH,2022-01-05,2025-04-01
600956.SH,2020-06-29,2025-04-01
601009.SH,2007-07-19,2025-04-01
601121.SH,2023-03-10,2025-04-01
601127.SH,2016-06-15,2025-04-01
601128.SH,2016-09-30,2025-04-01
601137.SH,2011-01-27,2025-04-01
601162.SH,2018-10-19,2025-04-01
601208.SH,2011-05-20,2025-04-01
601231.SH,2012-02-20,2025-04-01
601328.SH,2007-05-15,2025-04-01
601360.SH,2012-01-16,2017-01-01
601609.SH,2020-04-22,2025-04-01
601619.SH,2017-07-20,2025-04-01
601636.SH,2011-08-12,2025-04-01
601658.SH,2019-12-10,2025-04-01
601665.SH,2021-06-18,2025-04-01
601789.SH,2011-08-16,2025-04-01
601865.SH,2019-02-15,2025-04-01
601868.SH,2021-09-28,2025-04-01
601869.SH,2018-07-20,2025-04-01
601988.SH,2006-07-05,2025-04-01
601990.SH,2018-06-13,2025-04-01
603026.SH,2015-05-29,2025-04-01
603027.SH,2016-03-07,2025-04-01
603031.SH,2016-08-22,2025-04-01
603037.SH,2017-01-20,2025-04-01
603051.SH,2022-03-25,2025-04-01
603052.SH,2022-10-11,2025-04-01
603061.SH,2023-03-03,2025-04-01
603067.SH,2016-09-13,2025-04-01
603079.SH,2017-08-23,2025-04-01
603083.SH,2017-11-10,2025-04-01
603088.SH,2014-11-11,2025-04-01
603089.SH,2017-01-26,2025-04-01
603093.SH,2019-08-30,2025-04-01
603095.SH,2020-04-15,2025-04-01
603112.SH,2020-09-17,2025-04-01
603125.SH,2023-04-10,2025-04-01
603131.SH,2016-06-07,2025-04-01
603165.SH,2017-01-17,2025-04-01
603186.SH,2017-01-03,2025-04-01
603192.SH,2018-08-28,2025-04-01
603195.SH,2020-02-06,2025-04-01
603196.SH,2017-05-31,2025-04-01
603201.SH,2022-07-29,2025-04-01
603209.SH,2022-03-24,2025-04-01
603215.SH,2022-02-18,2025-04-01
603220.SH,2018-11-15,2025-04-01
603225.SH,2017-04-18,2025-04-01
603228.SH,2017-01-06,2025-04-01
603236.SH,2019-07-16,2025-04-01
603268.SH,2015-03-19,2025-04-01
603269.SH,2017-05-17,2025-04-01
603277.SH,2017-09-11,2025-04-01
603283.SH,2017-12-25,2025-04-01
603296.SH,2023-08-08,2025-04-01
603299.SH,2015-12-31,2025-04-01
603305.SH,2017-07-10,2025-04-01
603318.SH,2015-04-24,2025-04-01
603319.SH,2016-11-30,2025-04-01
603321.SH,2017-09-15,2025-04-01
603323.SH,2016-11-29,2025-04-01
603327.SH,2019-05-23,2025-04-01
603329.SH,2017-12-29,2025-04-01
603336.SH,2016-11-24,2025-04-01
603345.SH,2017-02-22,2025-04-01
603360.SH,2017-02-06,2025-04-01
603416.SH,2016-12-21,2025-04-01
603499.SH,2017-10-16,2025-04-01
603505.SH,2017-05-03,2025-04-01
603507.SH,2017-11-06,2025-04-01
603535.SH,2017-08-08,2025-04-01
603538.SH,2017-04-07,2025-04-01
603578.SH,2017-03-06,2025-04-01
603579.SH,2017-01-11,2025-04-01
603585.SH,2016-12-14,2025-04-01
603596.SH,2018-04-27,2025-04-01
603601.SH,2015-01-22,2025-04-01
603660.SH,2016-12-01,2025-04-01
603679.SH,2017-06-21,2025-04-01
603681.SH,2019-03-26,2025-04-01
603683.SH,2017-10-20,2025-04-01
603685.SH,2017-11-27,2025-04-01
603689.SH,2017-01-10,2025-04-01
603716.SH,2016-10-31,2025-04-01
603730.SH,2017-07-28,2025-04-01
603737.SH,2016-06-03,2025-04-01
603757.SH,2017-07-11,2025-04-01
603776.SH,2017-08-17,2025-04-01
603799.SH,2015-01-29,2025-04-01
603809.SH,2017-11-28,2025-04-01
603829.SH,2017-10-17,2025-04-01
603861.SH,2016-03-22,2025-04-01
603867.SH,2019-06-27,2025-04-01
603871.SH,2018-02-06,2025-04-01
603881.SH,2017-02-08,2025-04-01
603888.SH,2016-10-28,2025-04-01
603901.SH,2015-05-29,2025-04-01
603906.SH,2017-04-10,2025-04-01
603966.SH,2017-01-25,2025-04-01
603982.SH,2019-05-22,2025-04-01
603986.SH,2016-08-18,2025-04-01
603991.SH,2017-03-08,2025-04-01
603993.SH,2012-10-09,2025-04-01
605009.SH,2020-09-11,2025-04-01
605016.SH,2021-04-21,2025-04-01
605020.SH,2021-07-09,2025-04-01
605088.SH,2020-08-17,2025-04-01
605090.SH,2021-05-25,2025-04-01
605117.SH,2021-04-20,2025-04-01
605128.SH,2020-09-15,2025-04-01
605133.SH,2021-02-24,2025-04-01
605189.SH,2021-05-28,2025-04-01
605218.SH,2020-09-28,2025-04-01
605228.SH,2021-01-20,2025-04-01
605319.SH,2021-06-07,2025-04-01
605333.SH,2020-08-18,2025-04-01
605366.SH,2020-08-12,2025-04-01
605369.SH,2020-09-16,2025-04-01
605377.SH,2020-12-28,2025-04-01
605378.SH,2021-04-12,2025-04-01
605488.SH,2021-05-13,2025-04-01
605499.SH,2021-05-27,2025-04-01
605555.SH,2021-10-21,2025-04-01
688008.SH,2019-07-22,2025-04-01
688018.SH,2019-07-22,2025-04-01
688019.SH,2019-07-22,2025-04-01
688049.SH,2021-11-29,2025-04-01
688052.SH,2022-04-22,2025-04-01
688059.SH,2021-02-08,2025-04-01
688062.SH,2022-01-18,2025-04-01
688076.SH,2021-05-20,2025-04-01
688082.SH,2021-11-18,2025-04-01
688083.SH,2021-03-11,2025-04-01
688085.SH,2020-04-09,2025-04-01
688090.SH,2020-02-17,2025-04-01
688093.SH,2020-09-30,2025-04-01
688096.SH,2020-04-09,2025-04-01
688102.SH,2022-03-16,2025-04-01
688106.SH,2020-06-16,2025-04-01
688116.SH,2019-09-25,2025-04-01
688117.SH,2021-06-03,2025-04-01
688120.SH,2022-06-08,2025-04-01
688126.SH,2020-04-20,2025-04-01
688130.SH,2022-07-29,2025-04-01
688135.SH,2020-11-11,2025-04-01
688138.SH,2019-11-20,2025-04-01
688152.SH,2022-10-28,2025-04-01
688157.SH,2020-06-09,2025-04-01
688160.SH,2020-11-12,2025-04-01
688169.SH,2020-02-21,2025-04-01
688172.SH,2022-12-16,2025-04-01
688179.SH,2020-10-26,2025-04-01
688186.SH,2020-02-11,2025-04-01
688188.SH,2019-08-08,2025-04-01
688191.SH,2021-04-08,2025-04-01
688192.SH,2021-12-10,2025-04-01
688196.SH,2019-11-21,2025-04-01
688205.SH,2022-08-09,2025-04-01
688208.SH,2020-02-13,2025-04-01
688215.SH,2020-08-28,2025-04-01
688216.SH,2021-06-23,2025-04-01
688219.SH,2020-11-18,2025-04-01
688234.SH,2022-01-12,2025-04-01
688235.SH,2021-12-15,2025-04-01
688239.SH,2021-07-05,2025-04-01
688244.SH,2022-10-19,2025-04-01
688251.SH,2022-06-06,2025-04-01
688256.SH,2020-07-20,2025-04-01
688257.SH,2021-10-27,2025-04-01
688279.SH,2022-04-20,2025-04-01
688281.SH,2022-03-07,2025-04-01
688293.SH,2022-09-02,2025-04-01
688300.SH,2019-11-15,2025-04-01
688301.SH,2020-09-18,2025-04-01
688305.SH,2021-07-09,2025-04-01
688318.SH,2020-04-27,2025-04-01
688321.SH,2019-08-12,2025-04-01
688347.SH,2023-08-07,2025-04-01
688350.SH,2021-01-28,2025-04-01
688360.SH,2020-06-02,2025-04-01
688361.SH,2023-05-19,2025-04-01
688368.SH,2019-10-14,2025-04-01
688372.SH,2022-10-26,2025-04-01
688378.SH,2020-09-03,2025-04-01
688379.SH,2020-08-19,2025-04-01
688386.SH,2020-10-16,2025-04-01
688388.SH,2019-07-22,2025-04-01
688396.SH,2020-02-27,2025-04-01
688399.SH,2019-12-05,2025-04-01
688403.SH,2022-08-18,2025-04-01
688419.SH,2022-11-07,2025-04-01
688428.SH,2022-09-21,2025-04-01
688455.SH,2022-09-15,2025-04-01
688469.SH,2023-05-10,2025-04-01
688486.SH,2023-02-21,2025-04-01
688511.SH,2021-07-30,2025-04-01
688520.SH,2020-06-22,2025-04-01
688522.SH,2023-03-01,2025-04-01
688525.SH,2022-12-30,2025-04-01
688531.SH,2023-03-31,2025-04-01
688535.SH,2023-04-04,2025-04-01
688543.SH,2023-06-21,2025-04-01
688556.SH,2020-08-07,2025-04-01
688577.SH,2020-09-16,2025-04-01
688589.SH,2020-07-22,2025-04-01
688590.SH,2020-12-07,2025-04-01
688592.SH,2023-08-16,2025-04-01
688597.SH,2021-06-17,2025-04-01
688599.SH,2020-06-10,2025-04-01
688603.SH,2023-07-10,2025-04-01
688608.SH,2020-12-16,2025-04-01
688611.SH,2021-04-12,2025-04-01
688617.SH,2021-01-07,2025-04-01
688625.SH,2021-06-07,2025-04-01
688636.SH,2021-04-08,2025-04-01
688661.SH,2021-03-29,2025-04-01
688678.SH,2020-12-23,2025-04-01
688680.SH,2021-01-22,2025-04-01
688682.SH,2021-04-20,2025-04-01
688697.SH,2021-09-17,2025-04-01
688728.SH,2021-08-18,2025-04-01
688766.SH,2021-08-23,2025-04-01
688767.SH,2021-09-08,2025-04-01
688778.SH,2021-08-05,2025-04-01
688786.SH,2021-08-26,2025-04-01
688788.SH,2020-10-22,2025-04-01
688799.SH,2021-07-13,2025-04-01
688800.SH,2021-07-22,2025-04-01
688981.SH,2020-07-16,2025-04-01
689009.SH,2020-10-29,2025-04-01
