开始日期,2010-01-01
截止日期,当前日期
证券代码,000300.SH
证券简称,沪深300
日期,收盘价
Date,close
2010-01-04,3535.2290
2010-01-05,3564.0380
2010-01-06,3541.7270
2010-01-07,3471.4560
2010-01-08,3480.1300
2010-01-11,3482.0520
2010-01-12,3534.9160
2010-01-13,3421.1440
2010-01-14,3469.0510
2010-01-15,3482.7380
2010-01-18,3500.6840
2010-01-19,3507.4820
2010-01-20,3394.4340
2010-01-21,3408.5740
2010-01-22,3366.1970
2010-01-25,3328.0140
2010-01-26,3242.7970
2010-01-27,3198.5660
2010-01-28,3206.5700
2010-01-29,3204.1550
2010-02-01,3152.7070
2010-02-02,3146.1890
2010-02-03,3230.7150
2010-02-04,3218.8020
2010-02-05,3153.0870
2010-02-08,3150.9880
2010-02-09,3169.1900
2010-02-10,3214.1300
2010-02-11,3220.3980
2010-02-12,3251.2780
2010-02-22,3233.3450
2010-02-23,3198.6340
2010-02-24,3244.4830
2010-02-25,3292.1280
2010-02-26,3281.6660
2010-03-01,3324.4230
2010-03-02,3311.2360
2010-03-03,3335.0810
2010-03-04,3250.5730
2010-03-05,3259.7640
2010-03-08,3286.1780
2010-03-09,3305.8630
2010-03-10,3279.6940
2010-03-11,3276.7050
2010-03-12,3233.1260
2010-03-15,3183.1830
2010-03-16,3203.9710
2010-03-17,3273.9160
2010-03-18,3267.5550
2010-03-19,3293.8710
2010-03-22,3302.6280
2010-03-23,3275.5730
2010-03-24,3276.6690
2010-03-25,3229.1280
2010-03-26,3275.0020
2010-03-29,3358.5400
2010-03-30,3366.7080
2010-03-31,3345.6070
2010-04-01,3391.9350
2010-04-02,3407.3460
2010-04-06,3405.1450
2010-04-07,3386.9490
2010-04-08,3346.7440
2010-04-09,3379.1700
2010-04-12,3351.4780
2010-04-13,3391.7160
2010-04-14,3403.7070
2010-04-15,3394.5740
2010-04-16,3356.3320
2010-04-19,3176.4230
2010-04-20,3173.3740
2010-04-21,3236.6790
2010-04-22,3201.5410
2010-04-23,3190.0030
2010-04-26,3171.9970
2010-04-27,3108.4090
2010-04-28,3097.3530
2010-04-29,3060.0640
2010-04-30,3067.3650
2010-05-04,3019.4490
2010-05-05,3036.3940
2010-05-06,2896.8560
2010-05-07,2836.7890
2010-05-10,2858.2330
2010-05-11,2800.8170
2010-05-12,2818.1600
2010-05-13,2886.9110
2010-05-14,2868.0230
2010-05-17,2714.7150
2010-05-18,2771.3480
2010-05-19,2762.1740
2010-05-20,2726.0220
2010-05-21,2768.7910
2010-05-24,2873.4690
2010-05-25,2813.9430
2010-05-26,2813.9440
2010-05-27,2859.9790
2010-05-28,2850.3020
2010-05-31,2773.2640
2010-06-01,2744.1620
2010-06-02,2757.5270
2010-06-03,2736.0760
2010-06-04,2744.3910
2010-06-07,2695.7150
2010-06-08,2699.3360
2010-06-09,2782.1330
2010-06-10,2750.0230
2010-06-11,2758.8660
2010-06-17,2742.7330
2010-06-18,2696.1660
2010-06-21,2780.6630
2010-06-22,2783.7200
2010-06-23,2758.4950
2010-06-24,2757.4980
2010-06-25,2736.2870
2010-06-28,2716.7770
2010-06-29,2592.0190
2010-06-30,2563.0700
2010-07-01,2526.0710
2010-07-02,2534.1050
2010-07-05,2512.6510
2010-07-06,2562.9020
2010-07-07,2580.4770
2010-07-08,2575.9210
2010-07-09,2647.1040
2010-07-12,2676.2180
2010-07-13,2634.5930
2010-07-14,2653.6090
2010-07-15,2608.5190
2010-07-16,2616.1280
2010-07-19,2682.4720
2010-07-20,2741.5030
2010-07-21,2747.3350
2010-07-22,2781.2860
2010-07-23,2793.0760
2010-07-26,2811.0550
2010-07-27,2795.7240
2010-07-28,2863.7240
2010-07-29,2877.9760
2010-07-30,2868.8460
2010-08-02,2917.2750
2010-08-03,2865.9710
2010-08-04,2876.4340
2010-08-05,2850.8290
2010-08-06,2897.6590
2010-08-09,2918.2410
2010-08-10,2832.6380
2010-08-11,2850.2110
2010-08-12,2816.3860
2010-08-13,2855.5470
2010-08-16,2922.0830
2010-08-17,2942.2910
2010-08-18,2937.3620
2010-08-19,2955.3950
2010-08-20,2898.3330
2010-08-23,2896.1920
2010-08-24,2911.8270
2010-08-25,2843.0230
2010-08-26,2850.0930
2010-08-27,2858.5660
2010-08-30,2915.0100
2010-08-31,2903.1880
2010-09-01,2884.0420
2010-09-02,2921.3930
2010-09-03,2920.2050
2010-09-06,2975.0900
2010-09-07,2983.1080
2010-09-08,2980.9670
2010-09-09,2926.4600
2010-09-10,2932.5540
2010-09-13,2962.3190
2010-09-14,2965.0090
2010-09-15,2913.1940
2010-09-16,2857.7890
2010-09-17,2861.3690
2010-09-20,2849.8280
2010-09-21,2857.4760
2010-09-27,2905.0290
2010-09-28,2880.9070
2010-09-29,2874.8120
2010-09-30,2935.5740
2010-10-08,3044.2330
2010-10-11,3132.8950
2010-10-12,3172.7260
2010-10-13,3217.5770
2010-10-14,3224.1400
2010-10-15,3327.6830
2010-10-18,3306.1600
2010-10-19,3375.6740
2010-10-20,3396.8790
2010-10-21,3374.6850
2010-10-22,3378.6550
2010-10-25,3481.0810
2010-10-26,3466.0840
2010-10-27,3403.8720
2010-10-28,3397.6920
2010-10-29,3379.9830
2010-11-01,3472.9950
2010-11-02,3463.1310
2010-11-03,3420.3410
2010-11-04,3480.5050
2010-11-05,3520.7980
2010-11-08,3548.5660
2010-11-09,3523.9540
2010-11-10,3499.1110
2010-11-11,3509.9750
2010-11-12,3291.8330
2010-11-15,3314.8930
2010-11-16,3169.5380
2010-11-17,3103.9060
2010-11-18,3147.9620
2010-11-19,3178.8460
2010-11-22,3171.9410
2010-11-23,3107.1760
2010-11-24,3177.0430
2010-11-25,3223.4840
2010-11-26,3194.8530
2010-11-29,3190.0500
2010-11-30,3136.9850
2010-12-01,3136.0240
2010-12-02,3155.0590
2010-12-03,3158.1560
2010-12-06,3165.5700
2010-12-07,3200.3390
2010-12-08,3171.8820
2010-12-09,3123.3660
2010-12-10,3161.9770
2010-12-13,3261.0610
2010-12-14,3269.4740
2010-12-15,3247.6440
2010-12-16,3230.6650
2010-12-17,3225.6610
2010-12-20,3178.6570
2010-12-21,3249.5090
2010-12-22,3215.4530
2010-12-23,3188.6070
2010-12-24,3162.9550
2010-12-27,3099.7090
2010-12-28,3044.9310
2010-12-29,3061.8300
2010-12-30,3064.0980
2010-12-31,3128.2610
2011-01-04,3189.6820
2011-01-05,3175.6620
2011-01-06,3159.6430
2011-01-07,3166.6240
2011-01-10,3108.1870
2011-01-11,3124.9220
2011-01-12,3142.3370
2011-01-13,3141.2840
2011-01-14,3091.8620
2011-01-17,2974.3500
2011-01-18,2977.6480
2011-01-19,3044.8510
2011-01-20,2944.7130
2011-01-21,2983.4560
2011-01-24,2954.2320
2011-01-25,2938.6540
2011-01-26,2978.4310
2011-01-27,3026.4660
2011-01-28,3036.7350
2011-01-31,3076.5080
2011-02-01,3077.2830
2011-02-09,3040.9490
2011-02-10,3104.1630
2011-02-11,3120.9560
2011-02-14,3219.1430
2011-02-15,3217.6710
2011-02-16,3248.5270
2011-02-17,3245.9070
2011-02-18,3211.8760
2011-02-21,3257.9080
2011-02-22,3163.5780
2011-02-23,3174.7420
2011-02-24,3190.9350
2011-02-25,3197.6170
2011-02-28,3239.5590
2011-03-01,3254.8930
2011-03-02,3243.2980
2011-03-03,3221.7180
2011-03-04,3270.6660
2011-03-07,3334.5100
2011-03-08,3337.4570
2011-03-09,3338.8580
2011-03-10,3280.2590
2011-03-11,3247.3760
2011-03-14,3262.9200
2011-03-15,3203.9610
2011-03-16,3248.1950
2011-03-17,3197.1000
2011-03-18,3215.6850
2011-03-21,3207.1100
2011-03-22,3222.9610
2011-03-23,3264.9260
2011-03-24,3251.3610
2011-03-25,3294.4840
2011-03-28,3290.5710
2011-03-29,3257.9790
2011-03-30,3256.0800
2011-03-31,3223.2880
2011-04-01,3272.7290
2011-04-06,3311.0670
2011-04-07,3324.4190
2011-04-08,3353.3580
2011-04-11,3333.4270
2011-04-12,3326.7710
2011-04-13,3372.0310
2011-04-14,3353.5600
2011-04-15,3358.9440
2011-04-18,3359.4380
2011-04-19,3295.8120
2011-04-20,3295.7580
2011-04-21,3317.3670
2011-04-22,3299.9420
2011-04-25,3249.5740
2011-04-26,3230.9600
2011-04-27,3209.5030
2011-04-28,3161.7760
2011-04-29,3192.7230
2011-05-03,3211.1320
2011-05-04,3129.0280
2011-05-05,3126.1170
2011-05-06,3121.3960
2011-05-09,3129.7590
2011-05-10,3153.2210
2011-05-11,3145.0850
2011-05-12,3101.6030
2011-05-13,3128.0930
2011-05-16,3100.4630
2011-05-17,3116.0280
2011-05-18,3139.3790
2011-05-19,3120.6390
2011-05-20,3121.5960
2011-05-23,3022.9800
2011-05-24,3026.2230
2011-05-25,2990.3430
2011-05-26,2978.3810
2011-05-27,2963.3080
2011-05-30,2954.5060
2011-05-31,3001.5560
2011-06-01,3004.1730
2011-06-02,2955.7050
2011-06-03,2986.3490
2011-06-07,3004.2620
2011-06-08,3008.6520
2011-06-09,2951.8890
2011-06-10,2961.9320
2011-06-13,2950.3480
2011-06-14,2993.5590
2011-06-15,2963.1190
2011-06-16,2917.5780
2011-06-17,2892.1570
2011-06-20,2874.8960
2011-06-21,2909.0730
2011-06-22,2908.5820
2011-06-23,2957.6290
2011-06-24,3027.4700
2011-06-27,3036.4910
2011-06-28,3041.7340
2011-06-29,3000.1690
2011-06-30,3044.0890
2011-07-01,3049.7450
2011-07-04,3121.9800
2011-07-05,3122.5000
2011-07-06,3113.7120
2011-07-07,3101.6800
2011-07-08,3109.1830
2011-07-11,3113.2060
2011-07-12,3056.9050
2011-07-13,3106.2470
2011-07-14,3115.7450
2011-07-15,3128.8890
2011-07-18,3122.6000
2011-07-19,3095.1250
2011-07-20,3091.5670
2011-07-21,3059.1390
2011-07-22,3067.9850
2011-07-25,2968.2890
2011-07-26,2977.7660
2011-07-27,3000.0520
2011-07-28,2981.0020
2011-07-29,2972.0790
2011-08-01,2977.7210
2011-08-02,2956.3830
2011-08-03,2954.8700
2011-08-04,2960.3090
2011-08-05,2897.4170
2011-08-08,2793.8970
2011-08-09,2798.1900
2011-08-10,2824.1200
2011-08-11,2866.9240
2011-08-12,2875.3650
2011-08-15,2917.8830
2011-08-16,2897.5810
2011-08-17,2886.0130
2011-08-18,2834.2540
2011-08-19,2807.6640
2011-08-22,2777.7870
2011-08-23,2821.0030
2011-08-24,2810.0160
2011-08-25,2903.8370
2011-08-26,2901.2160
2011-08-29,2852.8090
2011-08-30,2841.7400
2011-08-31,2846.7760
2011-09-01,2834.5350
2011-09-02,2803.8540
2011-09-05,2743.8170
2011-09-06,2723.3030
2011-09-07,2779.0900
2011-09-08,2756.1050
2011-09-09,2751.0950
2011-09-13,2720.2830
2011-09-14,2733.1080
2011-09-15,2729.0510
2011-09-16,2733.9870
2011-09-19,2679.2700
2011-09-20,2689.8450
2011-09-21,2771.0110
2011-09-22,2685.6880
2011-09-23,2669.4780
2011-09-26,2610.9190
2011-09-27,2637.8790
2011-09-28,2610.5900
2011-09-29,2588.1850
2011-09-30,2581.3510
2011-10-10,2557.0820
2011-10-11,2551.9940
2011-10-12,2644.7580
2011-10-13,2662.6010
2011-10-14,2653.7820
2011-10-17,2666.9510
2011-10-18,2592.2090
2011-10-19,2583.0810
2011-10-20,2520.5320
2011-10-21,2507.8770
2011-10-24,2576.6690
2011-10-25,2625.4250
2011-10-26,2651.6520
2011-10-27,2657.4780
2011-10-28,2709.0170
2011-10-31,2695.3070
2011-11-01,2697.5340
2011-11-02,2742.3900
2011-11-03,2744.3010
2011-11-04,2763.7460
2011-11-07,2736.2480
2011-11-08,2727.7100
2011-11-09,2751.6540
2011-11-10,2699.5880
2011-11-11,2695.0020
2011-11-14,2750.1950
2011-11-15,2744.6800
2011-11-16,2670.1160
2011-11-17,2662.0170
2011-11-18,2606.4950
2011-11-21,2609.6870
2011-11-22,2609.4750
2011-11-23,2584.0110
2011-11-24,2588.9150
2011-11-25,2569.9730
2011-11-28,2573.3210
2011-11-29,2608.5690
2011-11-30,2521.5200
2011-12-01,2583.6130
2011-12-02,2557.3110
2011-12-05,2521.3850
2011-12-06,2516.3410
2011-12-07,2528.2280
2011-12-08,2525.0010
2011-12-09,2503.4610
2011-12-12,2477.6920
2011-12-13,2421.9280
2011-12-14,2397.4800
2011-12-15,2340.7880
2011-12-16,2390.1290
2011-12-19,2384.4080
2011-12-20,2377.0730
2011-12-21,2339.1080
2011-12-22,2341.3350
2011-12-23,2359.1590
2011-12-26,2335.7020
2011-12-27,2305.0350
2011-12-28,2307.9280
2011-12-29,2311.3610
2011-12-30,2345.7420
2012-01-04,2298.7530
2012-01-05,2276.3850
2012-01-06,2290.6010
2012-01-09,2368.5700
2012-01-10,2447.3490
2012-01-11,2435.6080
2012-01-12,2435.2190
2012-01-13,2394.3340
2012-01-16,2345.6490
2012-01-17,2460.6010
2012-01-18,2422.1890
2012-01-19,2468.3500
2012-01-20,2504.0860
2012-01-30,2460.7200
2012-01-31,2464.2600
2012-02-01,2428.9940
2012-02-02,2486.2380
2012-02-03,2506.0900
2012-02-06,2504.3220
2012-02-07,2457.9540
2012-02-08,2528.2360
2012-02-09,2529.2310
2012-02-10,2533.6240
2012-02-13,2531.9810
2012-02-14,2522.1070
2012-02-15,2549.6070
2012-02-16,2536.0740
2012-02-17,2537.0860
2012-02-20,2540.7060
2012-02-21,2562.4530
2012-02-22,2597.4760
2012-02-23,2606.2560
2012-02-24,2648.0170
2012-02-27,2656.5730
2012-02-28,2662.4630
2012-02-29,2634.1430
2012-03-01,2633.3450
2012-03-02,2679.9340
2012-03-05,2662.6980
2012-03-06,2621.0520
2012-03-07,2603.0050
2012-03-08,2635.7910
2012-03-09,2664.3020
2012-03-12,2654.4020
2012-03-13,2681.0730
2012-03-14,2605.1060
2012-03-15,2585.5460
2012-03-16,2623.5200
2012-03-19,2630.0130
2012-03-20,2584.4450
2012-03-21,2587.7930
2012-03-22,2583.7470
2012-03-23,2552.9400
2012-03-26,2555.4420
2012-03-27,2547.1430
2012-03-28,2474.9000
2012-03-29,2443.1220
2012-03-30,2454.8990
2012-04-05,2512.8320
2012-04-06,2519.8300
2012-04-09,2495.1460
2012-04-10,2519.7880
2012-04-11,2520.0360
2012-04-12,2570.4360
2012-04-13,2580.4540
2012-04-16,2574.0440
2012-04-17,2541.8830
2012-04-18,2599.9080
2012-04-19,2596.0560
2012-04-20,2626.8390
2012-04-23,2606.0380
2012-04-24,2604.8660
2012-04-25,2625.9900
2012-04-26,2631.4870
2012-04-27,2626.1570
2012-05-02,2683.4870
2012-05-03,2691.5180
2012-05-04,2715.8790
2012-05-07,2717.7780
2012-05-08,2709.1160
2012-05-09,2657.5140
2012-05-10,2657.2140
2012-05-11,2636.9170
2012-05-14,2615.5340
2012-05-15,2617.3740
2012-05-16,2574.6470
2012-05-17,2613.9420
2012-05-18,2573.9760
2012-05-21,2587.2310
2012-05-22,2627.5250
2012-05-23,2616.8690
2012-05-24,2595.2600
2012-05-25,2573.1030
2012-05-28,2614.6890
2012-05-29,2650.8540
2012-05-30,2642.2580
2012-05-31,2632.0420
2012-06-01,2632.9980
2012-06-04,2559.0260
2012-06-05,2558.8420
2012-06-06,2557.4010
2012-06-07,2542.1840
2012-06-08,2524.3290
2012-06-11,2558.2650
2012-06-12,2540.1780
2012-06-13,2580.6360
2012-06-14,2560.4210
2012-06-15,2568.0540
2012-06-18,2581.2120
2012-06-19,2558.6210
2012-06-20,2552.6110
2012-06-21,2512.1850
2012-06-25,2456.5180
2012-06-26,2454.9150
2012-06-27,2447.1950
2012-06-28,2425.7290
2012-06-29,2461.6120
2012-07-02,2465.2380
2012-07-03,2468.7210
2012-07-04,2464.9190
2012-07-05,2430.3700
2012-07-06,2472.6140
2012-07-09,2416.0360
2012-07-10,2406.7060
2012-07-11,2425.5720
2012-07-12,2449.1810
2012-07-13,2450.6330
2012-07-16,2399.7310
2012-07-17,2414.2010
2012-07-18,2414.3350
2012-07-19,2424.3220
2012-07-20,2398.4550
2012-07-23,2365.4310
2012-07-24,2375.9920
2012-07-25,2360.0830
2012-07-26,2347.4880
2012-07-27,2349.1080
2012-07-30,2335.7930
2012-07-31,2332.9220
2012-08-01,2358.6510
2012-08-02,2334.8820
2012-08-03,2353.7370
2012-08-06,2385.6110
2012-08-07,2388.8730
2012-08-08,2389.7950
2012-08-09,2411.7000
2012-08-10,2399.7510
2012-08-13,2351.9310
2012-08-14,2357.0160
2012-08-15,2331.6150
2012-08-16,2319.6700
2012-08-17,2313.4760
2012-08-20,2301.7880
2012-08-21,2313.7030
2012-08-22,2295.5860
2012-08-23,2302.1990
2012-08-24,2275.6770
2012-08-27,2228.2040
2012-08-28,2238.4110
2012-08-29,2214.8140
2012-08-30,2211.3700
2012-08-31,2204.8680
2012-09-03,2228.3690
2012-09-04,2204.4070
2012-09-05,2199.8750
2012-09-06,2217.8230
2012-09-07,2317.1790
2012-09-10,2326.6660
2012-09-11,2311.8900
2012-09-12,2320.0710
2012-09-13,2298.4610
2012-09-14,2315.5420
2012-09-17,2258.7050
2012-09-18,2235.2390
2012-09-19,2246.2360
2012-09-20,2195.9510
2012-09-21,2199.0630
2012-09-24,2215.5160
2012-09-25,2210.1540
2012-09-26,2184.8910
2012-09-27,2251.7170
2012-09-28,2293.1060
2012-10-08,2270.0540
2012-10-09,2320.1570
2012-10-10,2324.1170
2012-10-11,2302.5330
2012-10-12,2304.5310
2012-10-15,2294.8570
2012-10-16,2298.1620
2012-10-17,2300.8030
2012-10-18,2336.0770
2012-10-19,2332.4700
2012-10-22,2341.5920
2012-10-23,2312.0770
2012-10-24,2307.7790
2012-10-25,2291.2390
2012-10-26,2247.9070
2012-10-29,2235.8540
2012-10-30,2239.8820
2012-10-31,2254.8200
2012-11-01,2297.8840
2012-11-02,2306.7740
2012-11-05,2301.8800
2012-11-06,2292.2060
2012-11-07,2287.5050
2012-11-08,2245.4050
2012-11-09,2240.9240
2012-11-12,2251.8480
2012-11-13,2212.4400
2012-11-14,2223.1100
2012-11-15,2193.6230
2012-11-16,2177.2400
2012-11-19,2174.9850
2012-11-20,2164.8810
2012-11-21,2194.8960
2012-11-22,2177.5460
2012-11-23,2192.6760
2012-11-26,2175.5990
2012-11-27,2150.6380
2012-11-28,2129.1610
2012-11-29,2115.6760
2012-11-30,2139.6610
2012-12-03,2108.8500
2012-12-04,2131.4730
2012-12-05,2207.8780
2012-12-06,2203.6020
2012-12-07,2246.7570
2012-12-10,2271.0460
2012-12-11,2258.5000
2012-12-12,2267.7670
2012-12-13,2242.6350
2012-12-14,2355.8650
2012-12-17,2366.7000
2012-12-18,2368.1200
2012-12-19,2371.1090
2012-12-20,2384.8160
2012-12-21,2372.0020
2012-12-24,2381.2170
2012-12-25,2448.3950
2012-12-26,2457.6190
2012-12-27,2444.5940
2012-12-28,2480.0490
2012-12-31,2522.9520
2013-01-04,2524.4090
2013-01-07,2535.9850
2013-01-08,2525.3300
2013-01-09,2526.1260
2013-01-10,2530.5690
2013-01-11,2483.2300
2013-01-14,2577.7250
2013-01-15,2595.8560
2013-01-16,2577.0920
2013-01-17,2552.7580
2013-01-18,2595.4390
2013-01-21,2610.8980
2013-01-22,2596.8980
2013-01-23,2607.4560
2013-01-24,2582.7550
2013-01-25,2571.6740
2013-01-28,2651.8630
2013-01-29,2675.8660
2013-01-30,2688.7110
2013-01-31,2686.8820
2013-02-01,2743.3240
2013-02-04,2748.0280
2013-02-05,2771.6750
2013-02-06,2775.8440
2013-02-07,2759.8700
2013-02-08,2771.7250
2013-02-18,2737.4710
2013-02-19,2685.6060
2013-02-20,2702.6350
2013-02-21,2610.5490
2013-02-22,2596.6040
2013-02-25,2604.9600
2013-02-26,2567.5950
2013-02-27,2594.6770
2013-02-28,2673.3270
2013-03-01,2668.8360
2013-03-04,2545.7150
2013-03-05,2622.8070
2013-03-06,2650.2020
2013-03-07,2619.4790
2013-03-08,2606.9270
2013-03-11,2592.3720
2013-03-12,2555.6150
2013-03-13,2527.4860
2013-03-14,2534.2730
2013-03-15,2539.8730
2013-03-18,2502.4930
2013-03-19,2525.0970
2013-03-20,2610.1740
2013-03-21,2614.9880
2013-03-22,2618.3080
2013-03-25,2613.0970
2013-03-26,2575.0500
2013-03-27,2583.5300
2013-03-28,2499.3020
2013-03-29,2495.0830
2013-04-01,2493.1870
2013-04-02,2486.3910
2013-04-03,2483.5470
2013-04-08,2472.2990
2013-04-09,2489.4300
2013-04-10,2485.3090
2013-04-11,2477.8760
2013-04-12,2462.1120
2013-04-15,2436.8180
2013-04-16,2459.5920
2013-04-17,2458.4730
2013-04-18,2464.8510
2013-04-19,2533.8270
2013-04-22,2530.6700
2013-04-23,2449.4710
2013-04-24,2495.5790
2013-04-25,2467.8750
2013-04-26,2447.3060
2013-05-02,2449.6390
2013-05-03,2492.9120
2013-05-06,2525.9830
2013-05-07,2529.9380
2013-05-08,2542.7980
2013-05-09,2527.7940
2013-05-10,2540.8360
2013-05-13,2530.7680
2013-05-14,2493.3380
2013-05-15,2506.9250
2013-05-16,2552.7090
2013-05-17,2592.0480
2013-05-20,2609.6070
2013-05-21,2614.8530
2013-05-22,2618.0340
2013-05-23,2582.8490
2013-05-24,2597.2280
2013-05-27,2599.5870
2013-05-28,2644.3590
2013-05-29,2642.5610
2013-05-30,2634.3230
2013-05-31,2606.4260
2013-06-03,2602.6230
2013-06-04,2565.6660
2013-06-05,2560.5390
2013-06-06,2527.8450
2013-06-07,2484.1600
2013-06-13,2399.9370
2013-06-14,2416.7710
2013-06-17,2403.8390
2013-06-18,2418.7450
2013-06-19,2400.7650
2013-06-20,2321.4660
2013-06-21,2317.3940
2013-06-24,2171.2100
2013-06-25,2165.4210
2013-06-26,2168.2970
2013-06-27,2160.7350
2013-06-28,2200.6390
2013-07-01,2213.3170
2013-07-02,2221.9840
2013-07-03,2203.8280
2013-07-04,2221.9790
2013-07-05,2226.8490
2013-07-08,2163.6190
2013-07-09,2162.6690
2013-07-10,2224.0650
2013-07-11,2326.6880
2013-07-12,2275.3730
2013-07-15,2307.2970
2013-07-16,2317.8480
2013-07-17,2282.8360
2013-07-18,2245.3280
2013-07-19,2190.4780
2013-07-22,2202.1890
2013-07-23,2265.8450
2013-07-24,2249.1510
2013-07-25,2237.6830
2013-07-26,2224.0080
2013-07-29,2175.9700
2013-07-30,2189.3880
2013-07-31,2193.0210
2013-08-01,2245.3640
2013-08-02,2247.2630
2013-08-05,2278.3290
2013-08-06,2293.6410
2013-08-07,2280.6230
2013-08-08,2276.7820
2013-08-09,2286.0100
2013-08-12,2352.7940
2013-08-13,2359.0680
2013-08-14,2349.0800
2013-08-15,2321.5760
2013-08-16,2304.1440
2013-08-19,2331.4300
2013-08-20,2312.4650
2013-08-21,2308.5890
2013-08-22,2303.9320
2013-08-23,2286.9290
2013-08-26,2335.6160
2013-08-27,2340.8810
2013-08-28,2328.0560
2013-08-29,2318.3110
2013-08-30,2313.9100
2013-09-02,2320.3440
2013-09-03,2354.5020
2013-09-04,2350.6990
2013-09-05,2341.7350
2013-09-06,2357.7820
2013-09-09,2440.6090
2013-09-10,2474.8940
2013-09-11,2482.8890
2013-09-12,2507.4550
2013-09-13,2488.9020
2013-09-16,2478.3900
2013-09-17,2427.3220
2013-09-18,2432.5100
2013-09-23,2472.2880
2013-09-24,2443.8850
2013-09-25,2429.0300
2013-09-26,2384.4430
2013-09-27,2394.9710
2013-09-30,2409.0370
2013-10-08,2441.8110
2013-10-09,2453.5830
2013-10-10,2429.3170
2013-10-11,2468.5080
2013-10-14,2472.5420
2013-10-15,2467.5170
2013-10-16,2421.3710
2013-10-17,2413.3300
2013-10-18,2426.0540
2013-10-21,2471.3220
2013-10-22,2445.8910
2013-10-23,2418.4910
2013-10-24,2400.5110
2013-10-25,2368.5590
2013-10-28,2365.9540
2013-10-29,2372.0530
2013-10-30,2407.4710
2013-10-31,2373.7180
2013-11-01,2384.9600
2013-11-04,2380.4540
2013-11-05,2383.7690
2013-11-06,2353.5680
2013-11-07,2340.5520
2013-11-08,2307.9450
2013-11-11,2315.8890
2013-11-12,2340.0000
2013-11-13,2288.1160
2013-11-14,2304.5010
2013-11-15,2350.7340
2013-11-18,2428.9030
2013-11-19,2412.1630
2013-11-20,2424.8500
2013-11-21,2409.9890
2013-11-22,2397.9620
2013-11-25,2388.6290
2013-11-26,2387.4160
2013-11-27,2414.4810
2013-11-28,2439.5300
2013-11-29,2438.9440
2013-12-02,2418.7880
2013-12-03,2442.7840
2013-12-04,2475.1350
2013-12-05,2468.1970
2013-12-06,2452.2870
2013-12-09,2450.8720
2013-12-10,2453.3220
2013-12-11,2412.7630
2013-12-12,2410.0150
2013-12-13,2406.6390
2013-12-16,2367.9230
2013-12-17,2356.3760
2013-12-18,2357.2260
2013-12-19,2332.4100
2013-12-20,2278.1360
2013-12-23,2284.6020
2013-12-24,2288.2480
2013-12-25,2305.1100
2013-12-26,2265.3340
2013-12-27,2303.4780
2013-12-30,2299.4580
2013-12-31,2330.0260
2014-01-02,2321.9780
2014-01-03,2290.7790
2014-01-06,2238.6370
2014-01-07,2238.0010
2014-01-08,2241.9110
2014-01-09,2222.2210
2014-01-10,2204.8510
2014-01-13,2193.6790
2014-01-14,2212.8460
2014-01-15,2208.9410
2014-01-16,2211.8440
2014-01-17,2178.4880
2014-01-20,2165.9930
2014-01-21,2187.4100
2014-01-22,2243.7960
2014-01-23,2231.8890
2014-01-24,2245.6780
2014-01-27,2215.9190
2014-01-28,2219.8550
2014-01-29,2227.7810
2014-01-30,2202.4500
2014-02-07,2212.4830
2014-02-10,2267.5340
2014-02-11,2285.5620
2014-02-12,2291.2460
2014-02-13,2279.5540
2014-02-14,2295.5750
2014-02-17,2311.6470
2014-02-18,2282.4420
2014-02-19,2308.6560
2014-02-20,2287.4360
2014-02-21,2264.2940
2014-02-24,2214.5090
2014-02-25,2157.9090
2014-02-26,2163.4050
2014-02-27,2154.1080
2014-02-28,2178.9710
2014-03-03,2190.3700
2014-03-04,2184.2730
2014-03-05,2163.9760
2014-03-06,2173.6340
2014-03-07,2168.3580
2014-03-10,2097.7870
2014-03-11,2108.6610
2014-03-12,2114.1340
2014-03-13,2140.3330
2014-03-14,2122.8360
2014-03-17,2143.0380
2014-03-18,2138.1330
2014-03-19,2120.8700
2014-03-20,2086.9670
2014-03-21,2158.7980
2014-03-24,2176.5540
2014-03-25,2174.4400
2014-03-26,2171.0470
2014-03-27,2155.7070
2014-03-28,2151.9650
2014-03-31,2146.3050
2014-04-01,2163.1150
2014-04-02,2180.7270
2014-04-03,2165.0080
2014-04-04,2185.4720
2014-04-08,2237.3160
2014-04-09,2238.6200
2014-04-10,2273.7610
2014-04-11,2270.6660
2014-04-14,2268.6130
2014-04-15,2229.4630
2014-04-16,2232.5260
2014-04-17,2224.8030
2014-04-18,2224.4790
2014-04-21,2187.2480
2014-04-22,2196.7950
2014-04-23,2194.6680
2014-04-24,2190.4740
2014-04-25,2167.8260
2014-04-28,2134.9690
2014-04-29,2158.4700
2014-04-30,2158.6590
2014-05-05,2156.4700
2014-05-06,2157.3280
2014-05-07,2137.3160
2014-05-08,2135.4960
2014-05-09,2133.9110
2014-05-12,2180.0540
2014-05-13,2174.8520
2014-05-14,2172.3720
2014-05-15,2144.0840
2014-05-16,2145.9520
2014-05-19,2115.1430
2014-05-20,2115.7710
2014-05-21,2135.9050
2014-05-22,2130.8680
2014-05-23,2148.4140
2014-05-26,2155.9760
2014-05-27,2147.2800
2014-05-28,2169.3520
2014-05-29,2155.1640
2014-05-30,2156.4640
2014-06-03,2149.9180
2014-06-04,2128.2740
2014-06-05,2150.6020
2014-06-06,2134.7160
2014-06-09,2134.2810
2014-06-10,2161.2680
2014-06-11,2160.7660
2014-06-12,2153.4100
2014-06-13,2176.2420
2014-06-16,2191.8550
2014-06-17,2169.6740
2014-06-18,2160.2390
2014-06-19,2126.9070
2014-06-20,2136.7290
2014-06-23,2134.1100
2014-06-24,2144.8210
2014-06-25,2133.3710
2014-06-26,2149.0760
2014-06-27,2150.2580
2014-06-30,2165.1180
2014-07-01,2164.5590
2014-07-02,2170.8670
2014-07-03,2180.1920
2014-07-04,2178.6950
2014-07-07,2176.2890
2014-07-08,2180.4730
2014-07-09,2148.7100
2014-07-10,2142.8470
2014-07-11,2148.0090
2014-07-14,2171.7580
2014-07-15,2174.9760
2014-07-16,2170.8680
2014-07-17,2157.0680
2014-07-18,2164.1440
2014-07-21,2166.2950
2014-07-22,2192.6980
2014-07-23,2197.8330
2014-07-24,2237.0150
2014-07-25,2260.4540
2014-07-28,2323.8970
2014-07-29,2331.3690
2014-07-30,2322.0110
2014-07-31,2350.2510
2014-08-01,2329.4020
2014-08-04,2375.6200
2014-08-05,2369.3530
2014-08-06,2363.2210
2014-08-07,2327.4570
2014-08-08,2331.1340
2014-08-11,2365.3490
2014-08-12,2357.0520
2014-08-13,2358.9010
2014-08-14,2335.9450
2014-08-15,2360.6350
2014-08-18,2374.5620
2014-08-19,2374.7680
2014-08-20,2366.1400
2014-08-21,2354.2440
2014-08-22,2365.3640
2014-08-25,2342.8630
2014-08-26,2324.0920
2014-08-27,2327.5950
2014-08-28,2311.2780
2014-08-29,2338.2870
2014-09-01,2355.3170
2014-09-02,2386.4600
2014-09-03,2408.8380
2014-09-04,2426.2240
2014-09-05,2449.2590
2014-09-09,2445.2240
2014-09-10,2432.4330
2014-09-11,2423.4540
2014-09-12,2438.3580
2014-09-15,2437.1890
2014-09-16,2388.7650
2014-09-17,2401.3260
2014-09-18,2408.6640
2014-09-19,2425.2110
2014-09-22,2378.9200
2014-09-23,2399.4620
2014-09-24,2441.8640
2014-09-25,2436.9650
2014-09-26,2437.2010
2014-09-29,2447.7990
2014-09-30,2450.9880
2014-10-08,2478.3830
2014-10-09,2481.9550
2014-10-10,2466.7890
2014-10-13,2454.9460
2014-10-14,2446.5620
2014-10-15,2463.8740
2014-10-16,2444.3950
2014-10-17,2441.7320
2014-10-20,2454.7110
2014-10-21,2433.3910
2014-10-22,2418.6410
2014-10-23,2395.9360
2014-10-24,2390.7060
2014-10-27,2368.8320
2014-10-28,2416.6530
2014-10-29,2451.3840
2014-10-30,2468.9250
2014-10-31,2508.3250
2014-11-03,2512.5480
2014-11-04,2513.1720
2014-11-05,2503.4480
2014-11-06,2506.0670
2014-11-07,2502.1530
2014-11-10,2565.7300
2014-11-11,2558.6120
2014-11-12,2594.3180
2014-11-13,2579.7500
2014-11-14,2581.0930
2014-11-17,2567.1010
2014-11-18,2541.4160
2014-11-19,2537.2230
2014-11-20,2537.0990
2014-11-21,2583.4550
2014-11-24,2649.2580
2014-11-25,2685.5610
2014-11-26,2723.0180
2014-11-27,2754.4900
2014-11-28,2808.8190
2014-12-01,2819.8120
2014-12-02,2923.9400
2014-12-03,2967.5490
2014-12-04,3104.3510
2014-12-05,3124.8850
2014-12-08,3252.8810
2014-12-09,3106.9130
2014-12-10,3221.5460
2014-12-11,3183.0120
2014-12-12,3193.2270
2014-12-15,3217.2280
2014-12-16,3303.4020
2014-12-17,3360.5980
2014-12-18,3345.9270
2014-12-19,3383.1670
2014-12-22,3394.4810
2014-12-23,3324.9240
2014-12-24,3230.3850
2014-12-25,3335.4190
2014-12-26,3445.8390
2014-12-29,3455.4550
2014-12-30,3457.5540
2014-12-31,3533.7050
2015-01-05,3641.5410
2015-01-06,3641.0590
2015-01-07,3643.7900
2015-01-08,3559.2590
2015-01-09,3546.7230
2015-01-12,3513.5760
2015-01-13,3514.0400
2015-01-14,3502.4230
2015-01-15,3604.1210
2015-01-16,3635.1460
2015-01-19,3355.1550
2015-01-20,3396.2220
2015-01-21,3548.8850
2015-01-22,3567.6130
2015-01-23,3571.7320
2015-01-26,3607.9850
2015-01-27,3574.9310
2015-01-28,3525.3230
2015-01-29,3481.7980
2015-01-30,3434.3900
2015-02-02,3353.9600
2015-02-03,3437.4450
2015-02-04,3401.7680
2015-02-05,3366.9460
2015-02-06,3312.4200
2015-02-09,3345.9210
2015-02-10,3406.9430
2015-02-11,3434.1240
2015-02-12,3442.8740
2015-02-13,3469.8280
2015-02-16,3499.4830
2015-02-17,3522.3220
2015-02-25,3478.7290
2015-02-26,3566.2950
2015-02-27,3572.8430
2015-03-02,3601.2650
2015-03-03,3507.9000
2015-03-04,3530.8220
2015-03-05,3496.3440
2015-03-06,3478.5200
2015-03-09,3537.7500
2015-03-10,3520.6110
2015-03-11,3524.6530
2015-03-12,3592.8440
2015-03-13,3617.6570
2015-03-16,3705.6710
2015-03-17,3757.1220
2015-03-18,3846.0550
2015-03-19,3839.7390
2015-03-20,3892.5740
2015-03-23,3972.0610
2015-03-24,3973.0460
2015-03-25,3940.4120
2015-03-26,3949.9990
2015-03-27,3971.6970
2015-03-30,4088.1780
2015-03-31,4051.2040
2015-04-01,4123.8950
2015-04-02,4124.7760
2015-04-03,4170.5380
2015-04-07,4260.0440
2015-04-08,4295.8030
2015-04-09,4262.1380
2015-04-10,4344.4160
2015-04-13,4421.0730
2015-04-14,4438.1840
2015-04-15,4380.5130
2015-04-16,4513.5460
2015-04-17,4596.1360
2015-04-20,4521.9190
2015-04-21,4619.1640
2015-04-22,4739.8140
2015-04-23,4740.8920
2015-04-24,4702.6410
2015-04-27,4807.5920
2015-04-28,4741.8610
2015-04-29,4774.3260
2015-04-30,4749.8860
2015-05-04,4787.7410
2015-05-05,4596.8370
2015-05-06,4553.3270
2015-05-07,4470.0890
2015-05-08,4558.4040
2015-05-11,4690.5320
2015-05-12,4747.4210
2015-05-13,4718.4360
2015-05-14,4700.7780
2015-05-15,4617.4700
2015-05-18,4575.1400
2015-05-19,4731.2220
2015-05-20,4754.9190
2015-05-21,4840.9760
2015-05-22,4951.3350
2015-05-25,5099.4950
2015-05-26,5198.9180
2015-05-27,5181.4340
2015-05-28,4834.0070
2015-05-29,4840.8290
2015-06-01,5076.1790
2015-06-02,5161.8700
2015-06-03,5143.5900
2015-06-04,5181.4160
2015-06-05,5230.5520
2015-06-08,5353.7510
2015-06-09,5317.4610
2015-06-10,5309.1120
2015-06-11,5306.5900
2015-06-12,5335.1151
2015-06-15,5221.1665
2015-06-16,5064.8212
2015-06-17,5138.8307
2015-06-18,4930.5491
2015-06-19,4637.0517
2015-06-23,4786.0906
2015-06-24,4880.1261
2015-06-25,4706.5159
2015-06-26,4336.1947
2015-06-29,4191.5486
2015-06-30,4472.9976
2015-07-01,4253.0210
2015-07-02,4107.9961
2015-07-03,3885.9169
2015-07-06,3998.5370
2015-07-07,3928.0025
2015-07-08,3663.0375
2015-07-09,3897.6263
2015-07-10,4106.5561
2015-07-13,4211.8116
2015-07-14,4112.1488
2015-07-15,3966.7585
2015-07-16,3997.3555
2015-07-17,4151.4956
2015-07-20,4160.6120
2015-07-21,4166.0057
2015-07-22,4157.1604
2015-07-23,4250.8050
2015-07-24,4176.2787
2015-07-27,3818.7314
2015-07-28,3811.0926
2015-07-29,3930.3791
2015-07-30,3815.4118
2015-07-31,3816.6993
2015-08-03,3829.2354
2015-08-04,3948.1554
2015-08-05,3866.8998
2015-08-06,3831.8516
2015-08-07,3906.9448
2015-08-10,4084.3646
2015-08-11,4066.6692
2015-08-12,4016.1262
2015-08-13,4075.4630
2015-08-14,4073.5400
2015-08-17,4077.8721
2015-08-18,3825.4122
2015-08-19,3886.1357
2015-08-20,3761.4541
2015-08-21,3589.5358
2015-08-24,3275.5342
2015-08-25,3042.9266
2015-08-26,3025.6920
2015-08-27,3205.6375
2015-08-28,3342.2863
2015-08-31,3366.5359
2015-09-01,3362.0827
2015-09-02,3365.8318
2015-09-07,3250.4850
2015-09-08,3334.0233
2015-09-09,3399.3054
2015-09-10,3357.5610
2015-09-11,3347.1878
2015-09-14,3281.1317
2015-09-15,3152.2319
2015-09-16,3309.2484
2015-09-17,3236.9986
2015-09-18,3251.2732
2015-09-21,3308.2467
2015-09-22,3339.0300
2015-09-23,3263.0275
2015-09-24,3284.9991
2015-09-25,3231.9514
2015-09-28,3242.7524
2015-09-29,3178.8544
2015-09-30,3202.9475
2015-10-08,3296.4820
2015-10-09,3340.1159
2015-10-12,3447.6934
2015-10-13,3445.0431
2015-10-14,3406.1116
2015-10-15,3486.8150
2015-10-16,3534.0653
2015-10-19,3534.1821
2015-10-20,3577.7027
2015-10-21,3473.2544
2015-10-22,3524.5339
2015-10-23,3571.2411
2015-10-26,3589.2611
2015-10-27,3592.8794
2015-10-28,3524.9199
2015-10-29,3533.3065
2015-10-30,3534.0788
2015-11-02,3475.9623
2015-11-03,3465.4927
2015-11-04,3628.5377
2015-11-05,3705.9697
2015-11-06,3793.3739
2015-11-09,3840.3547
2015-11-10,3833.2379
2015-11-11,3833.6457
2015-11-12,3795.3241
2015-11-13,3746.2422
2015-11-16,3764.1262
2015-11-17,3758.3869
2015-11-18,3715.5796
2015-11-19,3774.9690
2015-11-20,3774.3833
2015-11-23,3753.3351
2015-11-24,3753.8887
2015-11-25,3781.6069
2015-11-26,3759.4286
2015-11-27,3556.9924
2015-11-30,3566.4122
2015-12-01,3591.6960
2015-12-02,3721.9545
2015-12-03,3749.2985
2015-12-04,3677.5922
2015-12-07,3687.6073
2015-12-08,3623.0202
2015-12-09,3635.9382
2015-12-10,3623.0842
2015-12-11,3608.0587
2015-12-14,3711.3220
2015-12-15,3694.3885
2015-12-16,3685.4398
2015-12-17,3755.8881
2015-12-18,3767.9128
2015-12-21,3865.9650
2015-12-22,3876.7325
2015-12-23,3866.3814
2015-12-24,3829.4022
2015-12-25,3838.2010
2015-12-28,3727.6316
2015-12-29,3761.8745
2015-12-30,3765.1752
2015-12-31,3731.0047
2016-01-04,3469.0662
2016-01-05,3478.7797
2016-01-06,3539.8082
2016-01-07,3294.3839
2016-01-08,3361.5632
2016-01-11,3192.4499
2016-01-12,3215.7099
2016-01-13,3155.8787
2016-01-14,3221.5714
2016-01-15,3118.7301
2016-01-18,3130.7289
2016-01-19,3223.1251
2016-01-20,3174.3781
2016-01-21,3081.3454
2016-01-22,3113.4626
2016-01-25,3128.8860
2016-01-26,2940.5085
2016-01-27,2930.3519
2016-01-28,2853.7562
2016-01-29,2946.0902
2016-02-01,2901.0477
2016-02-02,2961.3337
2016-02-03,2948.6386
2016-02-04,2984.7598
2016-02-05,2963.7894
2016-02-15,2946.7066
2016-02-16,3037.0353
2016-02-17,3063.3199
2016-02-18,3053.6985
2016-02-19,3051.5850
2016-02-22,3118.8675
2016-02-23,3089.3632
2016-02-24,3109.5454
2016-02-25,2918.7501
2016-02-26,2948.0306
2016-02-29,2877.4666
2016-03-01,2930.6937
2016-03-02,3051.3327
2016-03-03,3058.4219
2016-03-04,3093.8895
2016-03-07,3104.8397
2016-03-08,3107.6727
2016-03-09,3071.9070
2016-03-10,3013.1457
2016-03-11,3018.2844
2016-03-14,3065.6904
2016-03-15,3074.7796
2016-03-16,3090.0328
2016-03-17,3124.2039
2016-03-18,3171.9630
2016-03-21,3249.4372
2016-03-22,3225.7903
2016-03-23,3236.0924
2016-03-24,3181.8507
2016-03-25,3197.8169
2016-03-28,3169.7283
2016-03-29,3135.4098
2016-03-30,3216.2753
2016-03-31,3218.0879
2016-04-01,3221.8948
2016-04-05,3264.4858
2016-04-06,3257.5276
2016-04-07,3209.2902
2016-04-08,3185.7258
2016-04-11,3230.0957
2016-04-12,3218.4497
2016-04-13,3261.3831
2016-04-14,3275.8321
2016-04-15,3272.2053
2016-04-18,3228.4531
2016-04-19,3238.3029
2016-04-20,3181.0264
2016-04-21,3160.6033
2016-04-22,3174.9012
2016-04-25,3162.0331
2016-04-26,3179.1605
2016-04-27,3165.9156
2016-04-28,3160.5809
2016-04-29,3156.7451
2016-05-03,3213.5397
2016-05-04,3209.4614
2016-05-05,3213.9199
2016-05-06,3130.3544
2016-05-09,3065.6154
2016-05-10,3069.1124
2016-05-11,3082.8086
2016-05-12,3090.1372
2016-05-13,3074.9351
2016-05-16,3095.3085
2016-05-17,3086.0249
2016-05-18,3068.0358
2016-05-19,3062.5002
2016-05-20,3078.2183
2016-05-23,3087.2225
2016-05-24,3063.5556
2016-05-25,3059.2259
2016-05-26,3064.2111
2016-05-27,3062.4993
2016-05-30,3066.7095
2016-05-31,3169.5598
2016-06-01,3160.5470
2016-06-02,3167.0997
2016-06-03,3189.3255
2016-06-06,3178.7883
2016-06-07,3177.0536
2016-06-08,3163.9864
2016-06-13,3066.3413
2016-06-14,3075.9834
2016-06-15,3116.3682
2016-06-16,3094.6748
2016-06-17,3110.3572
2016-06-20,3112.6744
2016-06-21,3106.3175
2016-06-22,3133.9611
2016-06-23,3117.3168
2016-06-24,3077.1554
2016-06-27,3120.5443
2016-06-28,3136.4013
2016-06-29,3151.3898
2016-06-30,3153.9210
2016-07-01,3154.2003
2016-07-04,3204.6962
2016-07-05,3207.3827
2016-07-06,3216.8035
2016-07-07,3209.9542
2016-07-08,3192.2804
2016-07-11,3203.3298
2016-07-12,3273.1823
2016-07-13,3282.8681
2016-07-14,3276.7637
2016-07-15,3276.2775
2016-07-18,3262.0222
2016-07-19,3248.2341
2016-07-20,3237.6051
2016-07-21,3252.5227
2016-07-22,3225.1621
2016-07-25,3230.8850
2016-07-26,3269.5882
2016-07-27,3218.2430
2016-07-28,3221.1365
2016-07-29,3203.9304
2016-08-01,3176.8091
2016-08-02,3189.0529
2016-08-03,3193.5073
2016-08-04,3201.2888
2016-08-05,3205.1101
2016-08-08,3234.1833
2016-08-09,3256.9813
2016-08-10,3243.3409
2016-08-11,3233.3604
2016-08-12,3294.2337
2016-08-15,3393.4239
2016-08-16,3378.2451
2016-08-17,3373.0476
2016-08-18,3364.4851
2016-08-19,3365.0197
2016-08-22,3336.7949
2016-08-23,3341.8298
2016-08-24,3329.8631
2016-08-25,3308.9721
2016-08-26,3307.0902
2016-08-29,3307.7812
2016-08-30,3311.9872
2016-08-31,3327.7938
2016-09-01,3301.5767
2016-09-02,3314.1142
2016-09-05,3319.6803
2016-09-06,3342.6259
2016-09-07,3340.8172
2016-09-08,3339.5640
2016-09-09,3318.0440
2016-09-12,3262.6043
2016-09-13,3260.3330
2016-09-14,3238.7299
2016-09-19,3263.1242
2016-09-20,3257.4034
2016-09-21,3266.6363
2016-09-22,3291.1211
2016-09-23,3275.6665
2016-09-26,3220.2838
2016-09-27,3240.7546
2016-09-28,3230.8904
2016-09-29,3244.3874
2016-09-30,3253.2848
2016-10-10,3293.8689
2016-10-11,3306.5573
2016-10-12,3300.0099
2016-10-13,3302.6455
2016-10-14,3305.8481
2016-10-17,3277.8787
2016-10-18,3321.3324
2016-10-19,3316.2407
2016-10-20,3318.6044
2016-10-21,3327.7400
2016-10-24,3367.5778
2016-10-25,3367.4547
2016-10-26,3354.8003
2016-10-27,3345.6950
2016-10-28,3340.1262
2016-10-31,3336.2778
2016-11-01,3359.0515
2016-11-02,3333.3524
2016-11-03,3365.0850
2016-11-04,3354.1749
2016-11-07,3356.5916
2016-11-08,3371.1177
2016-11-09,3353.0547
2016-11-10,3390.6119
2016-11-11,3417.2211
2016-11-14,3430.2482
2016-11-15,3429.8697
2016-11-16,3429.5921
2016-11-17,3436.5350
2016-11-18,3417.4554
2016-11-21,3441.1106
2016-11-22,3468.3637
2016-11-23,3474.7289
2016-11-24,3488.7402
2016-11-25,3521.2984
2016-11-28,3535.0807
2016-11-29,3564.0404
2016-11-30,3538.0010
2016-12-01,3565.0360
2016-12-02,3528.9547
2016-12-05,3469.4073
2016-12-06,3459.1533
2016-12-07,3475.7473
2016-12-08,3470.1426
2016-12-09,3493.7004
2016-12-12,3409.1794
2016-12-13,3405.0355
2016-12-14,3378.9453
2016-12-15,3340.4338
2016-12-16,3346.0305
2016-12-19,3328.9827
2016-12-20,3309.0641
2016-12-21,3338.5360
2016-12-22,3335.6720
2016-12-23,3307.5991
2016-12-26,3322.4006
2016-12-27,3316.3852
2016-12-28,3301.8887
2016-12-29,3297.7648
2016-12-30,3310.0808
2017-01-03,3342.2272
2017-01-04,3368.3117
2017-01-05,3367.7892
2017-01-06,3347.6665
2017-01-09,3363.9014
2017-01-10,3358.2716
2017-01-11,3334.4954
2017-01-12,3317.6241
2017-01-13,3319.9122
2017-01-16,3319.4455
2017-01-17,3326.3563
2017-01-18,3339.3653
2017-01-19,3329.2891
2017-01-20,3354.8891
2017-01-23,3364.0808
2017-01-24,3364.4509
2017-01-25,3375.9042
2017-01-26,3387.9606
2017-02-03,3364.4923
2017-02-06,3373.2051
2017-02-07,3365.6849
2017-02-08,3383.2878
2017-02-09,3396.2924
2017-02-10,3413.4868
2017-02-13,3436.2750
2017-02-14,3435.8042
2017-02-15,3421.7131
2017-02-16,3440.9331
2017-02-17,3421.4419
2017-02-20,3471.3926
2017-02-21,3482.8230
2017-02-22,3489.7567
2017-02-23,3473.3236
2017-02-24,3473.8517
2017-02-27,3446.2228
2017-02-28,3452.8103
2017-03-01,3458.4376
2017-03-02,3435.0963
2017-03-03,3427.8628
2017-03-06,3446.4840
2017-03-07,3453.9565
2017-03-08,3448.7313
2017-03-09,3426.9438
2017-03-10,3427.8916
2017-03-13,3458.0980
2017-03-14,3456.6934
2017-03-15,3463.6436
2017-03-16,3481.5066
2017-03-17,3445.8051
2017-03-20,3449.6126
2017-03-21,3466.3468
2017-03-22,3450.0502
2017-03-23,3461.9782
2017-03-24,3489.5997
2017-03-27,3478.0385
2017-03-28,3469.8093
2017-03-29,3465.1933
2017-03-30,3436.7580
2017-03-31,3456.0455
2017-04-05,3503.8932
2017-04-06,3514.0469
2017-04-07,3517.4634
2017-04-10,3505.1392
2017-04-11,3517.3280
2017-04-12,3509.4387
2017-04-13,3514.5662
2017-04-14,3486.5045
2017-04-17,3479.9417
2017-04-18,3462.7429
2017-04-19,3445.8761
2017-04-20,3461.5481
2017-04-21,3466.7865
2017-04-24,3431.2587
2017-04-25,3440.9743
2017-04-26,3445.1832
2017-04-27,3446.7202
2017-04-28,3439.7530
2017-05-02,3426.5766
2017-05-03,3413.1282
2017-05-04,3404.3864
2017-05-05,3382.5502
2017-05-08,3358.8125
2017-05-09,3352.5324
2017-05-10,3337.7007
2017-05-11,3356.6459
2017-05-12,3385.3787
2017-05-15,3399.1937
2017-05-16,3428.6491
2017-05-17,3409.9656
2017-05-18,3398.1127
2017-05-19,3403.8492
2017-05-22,3411.2387
2017-05-23,3424.1940
2017-05-24,3424.1669
2017-05-25,3485.6581
2017-05-26,3480.4345
2017-05-31,3492.8845
2017-06-01,3497.7382
2017-06-02,3486.5074
2017-06-05,3468.7538
2017-06-06,3492.8816
2017-06-07,3533.8718
2017-06-08,3560.9786
2017-06-09,3576.1703
2017-06-12,3574.3894
2017-06-13,3582.2674
2017-06-14,3535.2987
2017-06-15,3528.7926
2017-06-16,3518.7611
2017-06-19,3553.6653
2017-06-20,3546.4940
2017-06-21,3587.9550
2017-06-22,3590.3425
2017-06-23,3622.8831
2017-06-26,3668.0919
2017-06-27,3674.7152
2017-06-28,3646.1666
2017-06-29,3668.8279
2017-06-30,3666.7977
2017-07-03,3650.8463
2017-07-04,3619.9841
2017-07-05,3659.6795
2017-07-06,3660.0967
2017-07-07,3655.9293
2017-07-10,3653.6868
2017-07-11,3670.8086
2017-07-12,3658.8236
2017-07-13,3686.9205
2017-07-14,3703.0940
2017-07-17,3663.5575
2017-07-18,3667.1807
2017-07-19,3729.7466
2017-07-20,3747.8843
2017-07-21,3728.5976
2017-07-24,3743.4686
2017-07-25,3719.5590
2017-07-26,3705.3884
2017-07-27,3712.1947
2017-07-28,3721.8914
2017-07-31,3737.8732
2017-08-01,3770.3828
2017-08-02,3760.8525
2017-08-03,3727.8264
2017-08-04,3707.5796
2017-08-07,3726.7948
2017-08-08,3732.2129
2017-08-09,3731.0440
2017-08-10,3715.9208
2017-08-11,3647.3503
2017-08-14,3694.6831
2017-08-15,3706.0566
2017-08-16,3701.4207
2017-08-17,3721.2770
2017-08-18,3724.6748
2017-08-21,3740.9941
2017-08-22,3752.2980
2017-08-23,3756.0884
2017-08-24,3734.6458
2017-08-25,3795.7544
2017-08-28,3842.7119
2017-08-29,3834.5376
2017-08-30,3834.3005
2017-08-31,3822.0928
2017-09-01,3830.5383
2017-09-04,3845.6163
2017-09-05,3857.0464
2017-09-06,3849.4499
2017-09-07,3829.8713
2017-09-08,3825.9895
2017-09-11,3825.6453
2017-09-12,3837.9341
2017-09-13,3842.6061
2017-09-14,3829.9554
2017-09-15,3831.2965
2017-09-18,3843.1428
2017-09-19,3832.1161
2017-09-20,3842.4353
2017-09-21,3837.8176
2017-09-22,3837.7304
2017-09-25,3817.7915
2017-09-26,3820.7816
2017-09-27,3821.2000
2017-09-28,3822.5386
2017-09-29,3836.5013
2017-10-09,3882.2076
2017-10-10,3889.8637
2017-10-11,3902.6868
2017-10-12,3912.9536
2017-10-13,3921.0017
2017-10-16,3913.4462
2017-10-17,3913.0688
2017-10-18,3944.1626
2017-10-19,3931.2495
2017-10-20,3926.8520
2017-10-23,3930.7981
2017-10-24,3959.3953
2017-10-25,3976.9490
2017-10-26,3993.5752
2017-10-27,4021.9676
2017-10-30,4009.7218
2017-10-31,4006.7179
2017-11-01,3996.6221
2017-11-02,3997.1343
2017-11-03,3992.6979
2017-11-06,4020.8896
2017-11-07,4054.2465
2017-11-08,4048.0057
2017-11-09,4075.8998
2017-11-10,4111.9112
2017-11-13,4128.0733
2017-11-14,4099.3510
2017-11-15,4073.6696
2017-11-16,4105.0122
2017-11-17,4120.8508
2017-11-20,4143.8334
2017-11-21,4217.7015
2017-11-22,4227.5666
2017-11-23,4102.3966
2017-11-24,4104.2034
2017-11-27,4049.9475
2017-11-28,4055.8235
2017-11-29,4053.7529
2017-11-30,4006.0993
2017-12-01,3998.1365
2017-12-04,4018.8571
2017-12-05,4040.1704
2017-12-06,4015.8211
2017-12-07,3971.0569
2017-12-08,4003.3792
2017-12-11,4069.4997
2017-12-12,4016.0163
2017-12-13,4050.0927
2017-12-14,4026.1516
2017-12-15,3980.8558
2017-12-18,3985.2914
2017-12-19,4035.3294
2017-12-20,4030.4898
2017-12-21,4067.8485
2017-12-22,4054.5984
2017-12-25,4041.5401
2017-12-26,4053.6224
2017-12-27,3991.2075
2017-12-28,4018.8974
2017-12-29,4030.8549
2018-01-02,4087.4012
2018-01-03,4111.3925
2018-01-04,4128.8119
2018-01-05,4138.7505
2018-01-08,4160.1595
2018-01-09,4189.2977
2018-01-10,4207.8132
2018-01-11,4205.5863
2018-01-12,4225.0010
2018-01-15,4225.2393
2018-01-16,4258.4730
2018-01-17,4248.1164
2018-01-18,4271.4168
2018-01-19,4285.3950
2018-01-22,4336.5974
2018-01-23,4382.6129
2018-01-24,4389.8853
2018-01-25,4365.0794
2018-01-26,4381.2996
2018-01-29,4302.0181
2018-01-30,4256.1021
2018-01-31,4275.8986
2018-02-01,4245.8978
2018-02-02,4271.2326
2018-02-05,4274.1464
2018-02-06,4148.8856
2018-02-07,4050.4972
2018-02-08,4012.0472
2018-02-09,3840.6527
2018-02-12,3890.1046
2018-02-13,3935.6324
2018-02-14,3966.9614
2018-02-22,4052.7332
2018-02-23,4071.0889
2018-02-26,4118.4186
2018-02-27,4058.9806
2018-02-28,4023.6415
2018-03-01,4049.0863
2018-03-02,4016.4610
2018-03-05,4018.0970
2018-03-06,4066.5647
2018-03-07,4036.6536
2018-03-08,4077.6001
2018-03-09,4108.8652
2018-03-12,4127.6662
2018-03-13,4091.2533
2018-03-14,4073.3447
2018-03-15,4096.1627
2018-03-16,4056.4226
2018-03-19,4074.2479
2018-03-20,4077.7041
2018-03-21,4061.0502
2018-03-22,4020.3490
2018-03-23,3904.9355
2018-03-26,3879.8930
2018-03-27,3913.2689
2018-03-28,3842.7155
2018-03-29,3894.0498
2018-03-30,3898.4977
2018-04-02,3886.9189
2018-04-03,3862.4796
2018-04-04,3854.8625
2018-04-09,3852.9292
2018-04-10,3927.1729
2018-04-11,3938.3434
2018-04-12,3898.6354
2018-04-13,3871.1443
2018-04-16,3808.8630
2018-04-17,3748.6412
2018-04-18,3766.2820
2018-04-19,3811.8430
2018-04-20,3760.8543
2018-04-23,3766.3257
2018-04-24,3843.4886
2018-04-25,3828.7015
2018-04-26,3755.4941
2018-04-27,3756.8765
2018-05-02,3763.6461
2018-05-03,3793.0001
2018-05-04,3774.5981
2018-05-07,3834.1877
2018-05-08,3878.6767
2018-05-09,3871.6152
2018-05-10,3893.0565
2018-05-11,3872.8383
2018-05-14,3909.2933
2018-05-15,3924.0975
2018-05-16,3892.8442
2018-05-17,3864.0507
2018-05-18,3903.0637
2018-05-21,3921.2421
2018-05-22,3906.2081
2018-05-23,3854.5825
2018-05-24,3827.2170
2018-05-25,3816.4980
2018-05-28,3833.2599
2018-05-29,3804.0093
2018-05-30,3723.3724
2018-05-31,3802.3759
2018-06-01,3770.5891
2018-06-04,3807.5781
2018-06-05,3845.3164
2018-06-06,3837.3511
2018-06-07,3831.0128
2018-06-08,3779.6159
2018-06-11,3779.9818
2018-06-12,3825.9534
2018-06-13,3788.3391
2018-06-14,3773.3655
2018-06-15,3753.4338
2018-06-19,3621.1166
2018-06-20,3635.4436
2018-06-21,3592.9650
2018-06-22,3608.9046
2018-06-25,3560.4777
2018-06-26,3531.1112
2018-06-27,3459.2621
2018-06-28,3423.5255
2018-06-29,3510.9845
2018-07-02,3407.9638
2018-07-03,3409.2801
2018-07-04,3363.7473
2018-07-05,3342.4379
2018-07-06,3365.1227
2018-07-09,3459.1837
2018-07-10,3467.5155
2018-07-11,3407.5297
2018-07-12,3481.0559
2018-07-13,3492.6897
2018-07-16,3472.0859
2018-07-17,3449.3773
2018-07-18,3431.3227
2018-07-19,3428.3430
2018-07-20,3492.8938
2018-07-23,3525.7503
2018-07-24,3581.7057
2018-07-25,3577.7522
2018-07-26,3536.2456
2018-07-27,3521.2269
2018-07-30,3515.0794
2018-07-31,3517.6568
2018-08-01,3447.3882
2018-08-02,3370.9579
2018-08-03,3315.2839
2018-08-06,3273.2728
2018-08-07,3368.8695
2018-08-08,3314.5075
2018-08-09,3397.5298
2018-08-10,3405.0191
2018-08-13,3390.3441
2018-08-14,3372.9137
2018-08-15,3291.9760
2018-08-16,3276.7276
2018-08-17,3229.6198
2018-08-20,3267.2498
2018-08-21,3326.6489
2018-08-22,3307.9545
2018-08-23,3320.0257
2018-08-24,3325.3347
2018-08-27,3406.5735
2018-08-28,3400.1705
2018-08-29,3386.5736
2018-08-30,3351.0942
2018-08-31,3334.5036
2018-09-03,3321.8248
2018-09-04,3363.8984
2018-09-05,3298.1412
2018-09-06,3262.8808
2018-09-07,3277.6438
2018-09-10,3230.0681
2018-09-11,3224.2116
2018-09-12,3202.0248
2018-09-13,3236.5662
2018-09-14,3242.0902
2018-09-17,3204.9224
2018-09-18,3269.4319
2018-09-19,3312.4823
2018-09-20,3310.1258
2018-09-21,3410.4856
2018-09-25,3379.8043
2018-09-26,3417.2413
2018-09-27,3403.5902
2018-09-28,3438.8649
2018-10-08,3290.8988
2018-10-09,3288.6906
2018-10-10,3281.5978
2018-10-11,3124.1139
2018-10-12,3170.7262
2018-10-15,3126.4516
2018-10-16,3100.9738
2018-10-17,3118.2463
2018-10-18,3044.3918
2018-10-19,3134.9455
2018-10-22,3270.2732
2018-10-23,3183.4257
2018-10-24,3188.2018
2018-10-25,3194.3084
2018-10-26,3173.6350
2018-10-29,3076.8889
2018-10-30,3110.2605
2018-10-31,3153.8234
2018-11-01,3177.0338
2018-11-02,3290.2455
2018-11-05,3262.8351
2018-11-06,3243.1504
2018-11-07,3221.9101
2018-11-08,3212.7737
2018-11-09,3167.4442
2018-11-12,3205.1407
2018-11-13,3237.3823
2018-11-14,3204.9427
2018-11-15,3242.3715
2018-11-16,3257.6735
2018-11-19,3294.6031
2018-11-20,3218.4076
2018-11-21,3226.4918
2018-11-22,3214.4273
2018-11-23,3143.4752
2018-11-26,3141.2434
2018-11-27,3137.2413
2018-11-28,3178.9326
2018-11-29,3137.6542
2018-11-30,3172.6900
2018-12-03,3260.9502
2018-12-04,3267.7095
2018-12-05,3252.0041
2018-12-06,3181.6730
2018-12-07,3181.5646
2018-12-10,3144.7631
2018-12-11,3159.8158
2018-12-12,3170.6092
2018-12-13,3219.6924
2018-12-14,3165.9109
2018-12-17,3161.1966
2018-12-18,3128.4265
2018-12-19,3091.1255
2018-12-20,3067.4169
2018-12-21,3029.3951
2018-12-24,3038.1981
2018-12-25,3017.2815
2018-12-26,3002.0327
2018-12-27,2990.5057
2018-12-28,3010.6536
2019-01-02,2969.5353
2019-01-03,2964.8421
2019-01-04,3035.8741
2019-01-07,3054.3030
2019-01-08,3047.7035
2019-01-09,3078.4759
2019-01-10,3072.6864
2019-01-11,3094.7782
2019-01-14,3067.7845
2019-01-15,3127.9904
2019-01-16,3128.6517
2019-01-17,3111.4168
2019-01-18,3168.1739
2019-01-21,3185.6364
2019-01-22,3143.3171
2019-01-23,3141.0532
2019-01-24,3158.7817
2019-01-25,3184.4696
2019-01-28,3183.7777
2019-01-29,3193.9698
2019-01-30,3168.4829
2019-01-31,3201.6331
2019-02-01,3247.3971
2019-02-11,3306.4725
2019-02-12,3330.3353
2019-02-13,3397.0276
2019-02-14,3402.1403
2019-02-15,3338.7047
2019-02-18,3445.7448
2019-02-19,3439.6078
2019-02-20,3451.9273
2019-02-21,3442.7056
2019-02-22,3520.1182
2019-02-25,3729.4831
2019-02-26,3684.6935
2019-02-27,3678.3921
2019-02-28,3669.3703
2019-03-01,3749.7143
2019-03-04,3794.1040
2019-03-05,3816.0132
2019-03-06,3848.0903
2019-03-07,3808.8497
2019-03-08,3657.5790
2019-03-11,3729.9546
2019-03-12,3755.3519
2019-03-13,3724.1941
2019-03-14,3698.4858
2019-03-15,3745.0050
2019-03-18,3851.7479
2019-03-19,3833.9626
2019-03-20,3835.4397
2019-03-21,3836.8913
2019-03-22,3833.8013
2019-03-25,3742.8252
2019-03-26,3700.4388
2019-03-27,3743.3878
2019-03-28,3728.3953
2019-03-29,3872.3412
2019-04-01,3973.9280
2019-04-02,3971.2852
2019-04-03,4022.1566
2019-04-04,4062.2309
2019-04-08,4057.2286
2019-04-09,4075.4301
2019-04-10,4085.8470
2019-04-11,3997.5778
2019-04-12,3988.6168
2019-04-15,3975.5244
2019-04-16,4085.7891
2019-04-17,4087.2398
2019-04-18,4072.0753
2019-04-19,4120.6078
2019-04-22,4025.6109
2019-04-23,4019.0053
2019-04-24,4030.0887
2019-04-25,3941.8160
2019-04-26,3889.2748
2019-04-29,3900.3339
2019-04-30,3913.2110
2019-05-06,3684.6168
2019-05-07,3720.6684
2019-05-08,3667.4574
2019-05-09,3599.7001
2019-05-10,3730.4513
2019-05-13,3668.7255
2019-05-14,3645.1503
2019-05-15,3727.0923
2019-05-16,3743.9635
2019-05-17,3648.7609
2019-05-20,3617.7924
2019-05-21,3666.7762
2019-05-22,3649.3796
2019-05-23,3583.9646
2019-05-24,3593.9139
2019-05-27,3637.1971
2019-05-28,3672.2605
2019-05-29,3663.9090
2019-05-30,3641.1833
2019-05-31,3629.7893
2019-06-03,3632.0127
2019-06-04,3598.4666
2019-06-05,3597.1050
2019-06-06,3564.6778
2019-06-10,3610.7435
2019-06-11,3719.2759
2019-06-12,3691.0957
2019-06-13,3685.3933
2019-06-14,3654.8799
2019-06-17,3654.8248
2019-06-18,3667.6185
2019-06-19,3715.9381
2019-06-20,3828.5183
2019-06-21,3833.9383
2019-06-24,3841.2659
2019-06-25,3801.3098
2019-06-26,3794.3310
2019-06-27,3834.8172
2019-06-28,3825.5873
2019-07-01,3935.8116
2019-07-02,3937.1691
2019-07-03,3893.5341
2019-07-04,3873.1019
2019-07-05,3893.2025
2019-07-08,3802.7897
2019-07-09,3793.1297
2019-07-10,3786.7390
2019-07-11,3785.2210
2019-07-12,3808.7311
2019-07-15,3824.1878
2019-07-16,3806.8449
2019-07-17,3804.6384
2019-07-18,3768.4019
2019-07-19,3807.9551
2019-07-22,3781.6832
2019-07-23,3789.9135
2019-07-24,3819.8325
2019-07-25,3851.0665
2019-07-26,3858.5688
2019-07-29,3854.2704
2019-07-30,3870.3176
2019-07-31,3835.3589
2019-08-01,3803.4694
2019-08-02,3747.4379
2019-08-05,3675.6884
2019-08-06,3636.3289
2019-08-07,3621.4310
2019-08-08,3669.2936
2019-08-09,3633.5296
2019-08-12,3699.1047
2019-08-13,3665.7515
2019-08-14,3682.4015
2019-08-15,3694.0006
2019-08-16,3710.5386
2019-08-19,3791.0946
2019-08-20,3787.7324
2019-08-21,3781.7579
2019-08-22,3793.5061
2019-08-23,3820.8638
2019-08-26,3765.9105
2019-08-27,3816.9459
2019-08-28,3802.5844
2019-08-29,3790.1867
2019-08-30,3799.5863
2019-09-02,3848.3198
2019-09-03,3853.6106
2019-09-04,3886.0012
2019-09-05,3925.3230
2019-09-06,3948.5075
2019-09-09,3972.9484
2019-09-10,3959.2650
2019-09-11,3930.0999
2019-09-12,3972.3799
2019-09-16,3957.7154
2019-09-17,3891.2208
2019-09-18,3910.0837
2019-09-19,3924.3823
2019-09-20,3935.6511
2019-09-23,3890.6616
2019-09-24,3901.0758
2019-09-25,3870.9837
2019-09-26,3841.1388
2019-09-27,3852.6534
2019-09-30,3814.5282
2019-10-08,3837.6791
2019-10-09,3843.2392
2019-10-10,3874.6391
2019-10-11,3911.7253
2019-10-14,3953.2411
2019-10-15,3936.2498
2019-10-16,3922.6854
2019-10-17,3925.2216
2019-10-18,3869.3777
2019-10-21,3880.8398
2019-10-22,3895.8809
2019-10-23,3871.0848
2019-10-24,3870.6678
2019-10-25,3896.7923
2019-10-28,3926.5850
2019-10-29,3910.2260
2019-10-30,3891.2255
2019-10-31,3886.7519
2019-11-01,3952.3872
2019-11-04,3978.1216
2019-11-05,4002.8128
2019-11-06,3984.8816
2019-11-07,3991.8749
2019-11-08,3973.0107
2019-11-11,3902.9783
2019-11-12,3903.6888
2019-11-13,3899.9815
2019-11-14,3905.8570
2019-11-15,3877.0892
2019-11-18,3907.9291
2019-11-19,3947.0392
2019-11-20,3907.8641
2019-11-21,3889.5980
2019-11-22,3849.9948
2019-11-25,3878.2061
2019-11-26,3891.6533
2019-11-27,3875.6186
2019-11-28,3862.3029
2019-11-29,3828.6706
2019-12-02,3836.0589
2019-12-03,3851.0873
2019-12-04,3849.8190
2019-12-05,3879.3638
2019-12-06,3902.3853
2019-12-09,3895.4468
2019-12-10,3900.3843
2019-12-11,3902.7492
2019-12-12,3891.0242
2019-12-13,3968.2211
2019-12-16,3987.5464
2019-12-17,4041.7996
2019-12-18,4032.7826
2019-12-19,4027.1495
2019-12-20,4017.2527
2019-12-23,3967.0962
2019-12-24,3992.9581
2019-12-25,3990.8671
2019-12-26,4025.9879
2019-12-27,4022.0278
2019-12-30,4081.6334
2019-12-31,4096.5821
2020-01-02,4152.2408
2020-01-03,4144.9649
2020-01-06,4129.2954
2020-01-07,4160.2274
2020-01-08,4112.3172
2020-01-09,4164.3697
2020-01-10,4163.1849
2020-01-13,4203.9883
2020-01-14,4189.8862
2020-01-15,4166.7344
2020-01-16,4149.0434
2020-01-17,4154.8530
2020-01-20,4185.8304
2020-01-21,4114.3085
2020-01-22,4131.9311
2020-01-23,4003.9013
2020-02-03,3688.3578
2020-02-04,3785.6376
2020-02-05,3828.5272
2020-02-06,3899.7751
2020-02-07,3899.8693
2020-02-10,3916.0052
2020-02-11,3952.4643
2020-02-12,3984.4325
2020-02-13,3959.9188
2020-02-14,3987.7342
2020-02-17,4077.4241
2020-02-18,4057.5108
2020-02-19,4051.3107
2020-02-20,4144.6561
2020-02-21,4149.4903
2020-02-24,4132.8388
2020-02-25,4123.8543
2020-02-26,4073.0152
2020-02-27,4084.8759
2020-02-28,3940.0488
2020-03-02,4069.6662
2020-03-03,4091.3615
2020-03-04,4115.0524
2020-03-05,4206.7251
2020-03-06,4138.5072
2020-03-09,3997.1325
2020-03-10,4082.7315
2020-03-11,4028.4289
2020-03-12,3950.9111
2020-03-13,3895.3128
2020-03-16,3727.8398
2020-03-17,3709.6822
2020-03-18,3636.2565
2020-03-19,3589.0926
2020-03-20,3653.2239
2020-03-23,3530.3058
2020-03-24,3625.1146
2020-03-25,3722.5181
2020-03-26,3698.0472
2020-03-27,3710.0605
2020-03-30,3674.1108
2020-03-31,3686.1551
2020-04-01,3675.0758
2020-04-02,3734.5306
2020-04-03,3713.2183
2020-04-07,3798.0214
2020-04-08,3780.3445
2020-04-09,3792.8105
2020-04-10,3769.1782
2020-04-13,3753.2566
2020-04-14,3825.6991
2020-04-15,3797.3623
2020-04-16,3802.3806
2020-04-17,3839.4871
2020-04-20,3853.4551
2020-04-21,3808.0474
2020-04-22,3839.3834
2020-04-23,3829.7525
2020-04-24,3796.9721
2020-04-27,3822.7690
2020-04-28,3849.1465
2020-04-29,3867.0320
2020-04-30,3912.5772
2020-05-06,3936.2539
2020-05-07,3924.8946
2020-05-08,3963.6217
2020-05-11,3960.1803
2020-05-12,3960.2378
2020-05-13,3968.2529
2020-05-14,3925.2177
2020-05-15,3912.8159
2020-05-18,3922.9117
2020-05-19,3956.2495
2020-05-20,3935.2220
2020-05-21,3913.7949
2020-05-22,3824.0640
2020-05-25,3829.3245
2020-05-26,3872.7701
2020-05-27,3845.6135
2020-05-28,3856.6324
2020-05-29,3867.0232
2020-06-01,3971.3402
2020-06-02,3983.5677
2020-06-03,3983.6477
2020-06-04,3982.1851
2020-06-05,4001.2509
2020-06-08,4021.9549
2020-06-09,4047.0293
2020-06-10,4039.7051
2020-06-11,3995.8846
2020-06-12,4003.0829
2020-06-15,3954.9883
2020-06-16,4014.5702
2020-06-17,4017.5941
2020-06-18,4044.3842
2020-06-19,4098.7095
2020-06-22,4102.0459
2020-06-23,4121.7944
2020-06-24,4138.9895
2020-06-29,4109.7164
2020-06-30,4163.9637
2020-07-01,4247.7835
2020-07-02,4335.8445
2020-07-03,4419.5955
2020-07-06,4670.0949
2020-07-07,4698.1264
2020-07-08,4774.0042
2020-07-09,4840.7712
2020-07-10,4753.1333
2020-07-13,4852.9612
2020-07-14,4806.6902
2020-07-15,4744.4687
2020-07-16,4516.2532
2020-07-17,4544.7007
2020-07-20,4680.3046
2020-07-21,4691.0425
2020-07-22,4714.4454
2020-07-23,4712.4357
2020-07-24,4505.5906
2020-07-27,4528.4500
2020-07-28,4568.2576
2020-07-29,4679.0080
2020-07-30,4656.1506
2020-07-31,4695.0462
2020-08-03,4771.3108
2020-08-04,4775.8024
2020-08-05,4777.1089
2020-08-06,4762.7642
2020-08-07,4707.9262
2020-08-10,4724.8697
2020-08-11,4681.7837
2020-08-12,4647.6446
2020-08-13,4635.7126
2020-08-14,4704.6288
2020-08-17,4815.2261
2020-08-18,4812.7564
2020-08-19,4740.6784
2020-08-20,4679.1544
2020-08-21,4718.8431
2020-08-24,4755.8491
2020-08-25,4761.9507
2020-08-26,4706.1302
2020-08-27,4731.3451
2020-08-28,4844.2652
2020-08-31,4816.2153
2020-09-01,4842.1223
2020-09-02,4843.8870
2020-09-03,4817.0952
2020-09-04,4770.2190
2020-09-07,4669.3677
2020-09-08,4694.3894
2020-09-09,4584.5887
2020-09-10,4581.9775
2020-09-11,4627.2826
2020-09-14,4651.0507
2020-09-15,4688.4826
2020-09-16,4657.3584
2020-09-17,4632.7142
2020-09-18,4737.0887
2020-09-21,4691.4281
2020-09-22,4635.7608
2020-09-23,4652.3273
2020-09-24,4563.0657
2020-09-25,4570.0216
2020-09-28,4581.9085
2020-09-29,4591.7993
2020-09-30,4587.3953
2020-10-09,4681.1412
2020-10-12,4823.1578
2020-10-13,4839.2010
2020-10-14,4807.1021
2020-10-15,4798.7361
2020-10-16,4791.6760
2020-10-19,4755.4879
2020-10-20,4793.4672
2020-10-21,4792.8284
2020-10-22,4777.9845
2020-10-23,4718.4881
2020-10-26,4691.2359
2020-10-27,4699.2792
2020-10-28,4737.2718
2020-10-29,4772.9198
2020-10-30,4695.3338
2020-11-02,4720.8313
2020-11-03,4777.5608
2020-11-04,4813.6564
2020-11-05,4885.1118
2020-11-06,4885.7178
2020-11-09,4981.3497
2020-11-10,4953.8756
2020-11-11,4904.8981
2020-11-12,4908.4630
2020-11-13,4856.8513
2020-11-16,4904.1716
2020-11-17,4894.7860
2020-11-18,4891.6716
2020-11-19,4927.9891
2020-11-20,4943.2882
2020-11-23,5005.0273
2020-11-24,4974.2855
2020-11-25,4910.7000
2020-11-26,4919.5912
2020-11-27,4980.7650
2020-11-30,4960.2519
2020-12-01,5067.0983
2020-12-02,5067.1447
2020-12-03,5057.0603
2020-12-04,5065.9163
2020-12-07,5022.2351
2020-12-08,5009.8786
2020-12-09,4942.6986
2020-12-10,4940.5249
2020-12-11,4889.6292
2020-12-14,4934.8352
2020-12-15,4945.1000
2020-12-16,4953.8670
2020-12-17,5017.4784
2020-12-18,4999.9678
2020-12-21,5046.8396
2020-12-22,4964.7727
2020-12-23,5007.1235
2020-12-24,5000.0154
2020-12-25,5042.0137
2020-12-28,5064.4147
2020-12-29,5042.9361
2020-12-30,5113.7105
2020-12-31,5211.2885
2021-01-04,5267.7181
2021-01-05,5368.5049
2021-01-06,5417.6677
2021-01-07,5513.6568
2021-01-08,5495.4306
2021-01-11,5441.1583
2021-01-12,5596.3525
2021-01-13,5577.9711
2021-01-14,5470.4563
2021-01-15,5458.0812
2021-01-18,5518.5205
2021-01-19,5437.5234
2021-01-20,5476.4336
2021-01-21,5564.9693
2021-01-22,5569.7760
2021-01-25,5625.9232
2021-01-26,5512.9678
2021-01-27,5528.0034
2021-01-28,5377.1427
2021-01-29,5351.9646
2021-02-01,5417.6484
2021-02-02,5501.0915
2021-02-03,5485.2008
2021-02-04,5473.9475
2021-02-05,5483.4140
2021-02-08,5564.5618
2021-02-09,5686.2502
2021-02-10,5807.7191
2021-02-18,5768.3814
2021-02-19,5778.8420
2021-02-22,5597.3327
2021-02-23,5579.6681
2021-02-24,5437.5683
2021-02-25,5469.5584
2021-02-26,5336.7609
2021-03-01,5418.7837
2021-03-02,5349.6301
2021-03-03,5452.2125
2021-03-04,5280.7058
2021-03-05,5262.7958
2021-03-08,5080.0246
2021-03-09,4970.9994
2021-03-10,5003.6121
2021-03-11,5128.2156
2021-03-12,5146.3786
2021-03-15,5035.5441
2021-03-16,5079.3624
2021-03-17,5100.8581
2021-03-18,5141.7681
2021-03-19,5007.0907
2021-03-22,5057.1520
2021-03-23,5009.2459
2021-03-24,4928.6853
2021-03-25,4926.3469
2021-03-26,5037.9899
2021-03-29,5046.8773
2021-03-30,5094.7291
2021-03-31,5048.3607
2021-04-01,5110.7768
2021-04-02,5161.5569
2021-04-06,5140.3418
2021-04-07,5103.7428
2021-04-08,5112.2086
2021-04-09,5035.3374
2021-04-12,4947.7459
2021-04-13,4939.6438
2021-04-14,4980.6279
2021-04-15,4948.9741
2021-04-16,4966.1811
2021-04-19,5087.0165
2021-04-20,5083.3654
2021-04-21,5098.7449
2021-04-22,5089.2435
2021-04-23,5135.4534
2021-04-26,5077.2372
2021-04-27,5090.5195
2021-04-28,5119.2421
2021-04-29,5164.1692
2021-04-30,5123.4890
2021-05-06,5061.1244
2021-05-07,4996.0527
2021-05-10,4992.4220
2021-05-11,5023.0595
2021-05-12,5044.5481
2021-05-13,4992.9738
2021-05-14,5110.5901
2021-05-17,5184.9853
2021-05-18,5187.6013
2021-05-19,5172.2720
2021-05-20,5186.4120
2021-05-21,5134.1483
2021-05-24,5155.5875
2021-05-25,5318.4780
2021-05-26,5320.5927
2021-05-27,5338.2329
2021-05-28,5321.0886
2021-05-31,5331.5696
2021-06-01,5341.6798
2021-06-02,5289.9736
2021-06-03,5255.2855
2021-06-04,5282.2772
2021-06-07,5277.6271
2021-06-08,5232.1165
2021-06-09,5236.4493
2021-06-10,5271.4661
2021-06-11,5224.7030
2021-06-15,5166.5597
2021-06-16,5080.4909
2021-06-17,5101.8924
2021-06-18,5102.4657
2021-06-21,5090.3854
2021-06-22,5122.1583
2021-06-23,5147.3938
2021-06-24,5155.9738
2021-06-25,5239.9684
2021-06-28,5251.7604
2021-06-29,5190.5445
2021-06-30,5224.0410
2021-07-01,5229.6642
2021-07-02,5081.1172
2021-07-05,5085.7924
2021-07-06,5083.1043
2021-07-07,5140.4899
2021-07-08,5088.2566
2021-07-09,5069.4361
2021-07-12,5132.7088
2021-07-13,5142.0991
2021-07-14,5083.0849
2021-07-15,5151.4626
2021-07-16,5094.7727
2021-07-19,5113.4945
2021-07-20,5108.9941
2021-07-21,5144.0428
2021-07-22,5151.7517
2021-07-23,5089.2282
2021-07-26,4925.2990
2021-07-27,4751.3130
2021-07-28,4760.4826
2021-07-29,4850.2746
2021-07-30,4811.1695
2021-08-02,4933.7360
2021-08-03,4934.4583
2021-08-04,4978.8479
2021-08-05,4948.6703
2021-08-06,4921.5647
2021-08-09,4985.5627
2021-08-10,5043.1480
2021-08-11,5015.3406
2021-08-12,4973.3509
2021-08-13,4945.9829
2021-08-16,4941.0676
2021-08-17,4837.4034
2021-08-18,4894.2384
2021-08-19,4862.1394
2021-08-20,4769.2678
2021-08-23,4835.8782
2021-08-24,4888.3902
2021-08-25,4898.1572
2021-08-26,4801.6094
2021-08-27,4827.0433
2021-08-30,4813.2703
2021-08-31,4805.6099
2021-09-01,4869.4587
2021-09-02,4869.4113
2021-09-03,4843.0624
2021-09-06,4933.7262
2021-09-07,4992.8294
2021-09-08,4972.1324
2021-09-09,4970.0133
2021-09-10,5013.5219
2021-09-13,4991.6598
2021-09-14,4917.1617
2021-09-15,4867.3187
2021-09-16,4807.6978
2021-09-17,4855.9402
2021-09-22,4821.7675
2021-09-23,4853.1957
2021-09-24,4849.4277
2021-09-27,4877.3698
2021-09-28,4883.8280
2021-09-29,4833.9281
2021-09-30,4866.3826
2021-10-08,4929.9409
2021-10-11,4936.1918
2021-10-12,4883.8369
2021-10-13,4940.1089
2021-10-14,4913.6123
2021-10-15,4932.1084
2021-10-18,4874.7753
2021-10-19,4922.7232
2021-10-20,4910.1846
2021-10-21,4928.0156
2021-10-22,4959.7254
2021-10-25,4979.5235
2021-10-26,4963.0984
2021-10-27,4898.1644
2021-10-28,4864.1380
2021-10-29,4908.7701
2021-11-01,4890.6851
2021-11-02,4839.8457
2021-11-03,4821.1119
2021-11-04,4868.7419
2021-11-05,4842.3458
2021-11-08,4848.1795
2021-11-09,4846.7444
2021-11-10,4821.1925
2021-11-11,4898.6529
2021-11-12,4888.3749
2021-11-15,4882.3777
2021-11-16,4883.3206
2021-11-17,4885.7544
2021-11-18,4837.6185
2021-11-19,4890.0575
2021-11-22,4912.3990
2021-11-23,4913.3457
2021-11-24,4916.6579
2021-11-25,4896.4416
2021-11-26,4860.1265
2021-11-29,4851.4230
2021-11-30,4832.0260
2021-12-01,4843.8510
2021-12-02,4856.1630
2021-12-03,4901.0175
2021-12-06,4892.6209
2021-12-07,4922.1015
2021-12-08,4995.9298
2021-12-09,5078.6901
2021-12-10,5055.1172
2021-12-13,5083.8007
2021-12-14,5049.6953
2021-12-15,5005.8991
2021-12-16,5034.7321
2021-12-17,4954.7599
2021-12-20,4880.4178
2021-12-21,4913.4853
2021-12-22,4914.4544
2021-12-23,4948.7389
2021-12-24,4921.3449
2021-12-27,4919.3238
2021-12-28,4955.9644
2021-12-29,4883.4804
2021-12-30,4921.5109
2021-12-31,4940.3733
2022-01-04,4917.7653
2022-01-05,4868.1202
2022-01-06,4818.2318
2022-01-07,4822.3689
2022-01-10,4844.0451
2022-01-11,4797.7735
2022-01-12,4845.5787
2022-01-13,4765.9191
2022-01-14,4726.7317
2022-01-17,4767.2762
2022-01-18,4813.3472
2022-01-19,4780.3784
2022-01-20,4823.5091
2022-01-21,4779.3142
2022-01-24,4786.7377
2022-01-25,4678.4511
2022-01-26,4712.3109
2022-01-27,4619.8765
2022-01-28,4563.7720
2022-02-07,4634.0899
2022-02-08,4608.7729
2022-02-09,4652.0609
2022-02-10,4639.8625
2022-02-11,4601.3953
2022-02-14,4551.6878
2022-02-15,4600.1025
2022-02-16,4617.9893
2022-02-17,4629.1649
2022-02-18,4651.2358
2022-02-21,4634.3141
2022-02-22,4574.1527
2022-02-23,4623.0465
2022-02-24,4529.3189
2022-02-25,4573.4247
2022-02-28,4581.6459
2022-03-01,4619.6862
2022-03-02,4578.6007
2022-03-03,4551.6283
2022-03-04,4496.4301
2022-03-07,4352.7775
2022-03-08,4265.3910
2022-03-09,4226.3463
2022-03-10,4292.8374
2022-03-11,4306.5217
2022-03-14,4174.7577
2022-03-15,3983.8120
2022-03-16,4156.0810
2022-03-17,4237.6956
2022-03-18,4265.9017
2022-03-21,4258.7459
2022-03-22,4255.2950
2022-03-23,4276.5174
2022-03-24,4251.3061
2022-03-25,4174.5742
2022-03-28,4148.4663
2022-03-29,4134.1441
2022-03-30,4254.0989
2022-03-31,4222.5968
2022-04-01,4276.1580
2022-04-06,4263.8411
2022-04-07,4209.0998
2022-04-08,4230.7669
2022-04-11,4100.0703
2022-04-12,4179.9727
2022-04-13,4139.7370
2022-04-14,4191.5684
2022-04-15,4188.7472
2022-04-18,4166.3844
2022-04-19,4134.9017
2022-04-20,4070.7889
2022-04-21,3995.8300
2022-04-22,4013.2498
2022-04-25,3814.9127
2022-04-26,3784.1198
2022-04-27,3895.5361
2022-04-28,3921.1073
2022-04-29,4016.2410
2022-05-05,4010.2102
2022-05-06,3908.8150
2022-05-09,3877.4364
2022-05-10,3919.8684
2022-05-11,3976.4231
2022-05-12,3958.7400
2022-05-13,3988.6002
2022-05-16,3956.5378
2022-05-17,4005.8934
2022-05-18,3991.9069
2022-05-19,3999.5984
2022-05-20,4077.5998
2022-05-23,4053.9823
2022-05-24,3959.1541
2022-05-25,3983.1784
2022-05-26,3993.0446
2022-05-27,4001.2988
2022-05-30,4029.0179
2022-05-31,4091.5176
2022-06-01,4083.1772
2022-06-02,4089.5682
2022-06-06,4166.0850
2022-06-07,4179.1285
2022-06-08,4219.8122
2022-06-09,4175.6747
2022-06-10,4238.9936
2022-06-13,4189.3527
2022-06-14,4222.3114
2022-06-15,4278.2178
2022-06-16,4250.0614
2022-06-17,4309.0444
2022-06-20,4330.4328
2022-06-21,4325.5657
2022-06-22,4270.6227
2022-06-23,4343.8781
2022-06-24,4394.7723
2022-06-27,4444.2639
2022-06-28,4490.5166
2022-06-29,4421.3570
2022-06-30,4485.0108
2022-07-01,4466.7179
2022-07-04,4496.0303
2022-07-05,4489.5383
2022-07-06,4423.9698
2022-07-07,4443.4736
2022-07-08,4428.7810
2022-07-11,4354.6167
2022-07-12,4313.6184
2022-07-13,4321.4617
2022-07-14,4322.0742
2022-07-15,4248.5273
2022-07-18,4292.5858
2022-07-19,4269.3401
2022-07-20,4283.8027
2022-07-21,4236.0578
2022-07-22,4238.2341
2022-07-25,4212.6441
2022-07-26,4245.9758
2022-07-27,4225.0357
2022-07-28,4225.6733
2022-07-29,4170.1019
2022-08-01,4188.6784
2022-08-02,4107.0240
2022-08-03,4066.9754
2022-08-04,4101.5367
2022-08-05,4156.9111
2022-08-08,4148.0746
2022-08-09,4156.2907
2022-08-10,4109.7373
2022-08-11,4193.5428
2022-08-12,4191.1520
2022-08-15,4185.6794
2022-08-16,4177.8370
2022-08-17,4216.9586
2022-08-18,4180.0996
2022-08-19,4151.0738
2022-08-22,4181.3965
2022-08-23,4161.0823
2022-08-24,4082.4195
2022-08-25,4116.2396
2022-08-26,4107.5455
2022-08-29,4089.5205
2022-08-30,4075.7937
2022-08-31,4078.8402
2022-09-01,4043.7395
2022-09-02,4023.6131
2022-09-05,4015.4264
2022-09-06,4052.2802
2022-09-07,4054.9830
2022-09-08,4037.6839
2022-09-09,4093.7874
2022-09-13,4111.1145
2022-09-14,4065.3590
2022-09-15,4027.1186
2022-09-16,3932.6826
2022-09-19,3928.0001
2022-09-20,3932.8361
2022-09-21,3903.7348
2022-09-22,3869.3440
2022-09-23,3856.0212
2022-09-26,3836.6773
2022-09-27,3892.2950
2022-09-28,3828.7098
2022-09-29,3827.1434
2022-09-30,3804.8853
2022-10-10,3720.9365
2022-10-11,3727.6867
2022-10-12,3784.3064
2022-10-13,3752.6729
2022-10-14,3842.4698
2022-10-17,3846.4119
2022-10-18,3838.2667
2022-10-19,3776.5335
2022-10-20,3754.9269
2022-10-21,3742.8929
2022-10-24,3633.3733
2022-10-25,3627.4542
2022-10-26,3656.9027
2022-10-27,3631.1448
2022-10-28,3541.3295
2022-10-31,3508.7034
2022-11-01,3634.1732
2022-11-02,3677.8051
2022-11-03,3647.8966
2022-11-04,3767.1746
2022-11-07,3775.2971
2022-11-08,3749.3251
2022-11-09,3714.2704
2022-11-10,3685.6885
2022-11-11,3788.4387
2022-11-14,3794.0171
2022-11-15,3865.9726
2022-11-16,3834.3899
2022-11-17,3818.6640
2022-11-18,3801.5686
2022-11-21,3769.1269
2022-11-22,3769.5727
2022-11-23,3773.5287
2022-11-24,3756.8082
2022-11-25,3775.7764
2022-11-28,3733.2424
2022-11-29,3848.4224
2022-11-30,3853.0365
2022-12-01,3894.7687
2022-12-02,3870.9478
2022-12-05,3946.8759
2022-12-06,3968.1979
2022-12-07,3958.4409
2022-12-08,3959.1798
2022-12-09,3998.2442
2022-12-12,3953.4433
2022-12-13,3945.6813
2022-12-14,3954.8857
2022-12-15,3951.9885
2022-12-16,3954.2270
2022-12-19,3893.2207
2022-12-20,3829.0173
2022-12-21,3830.5384
2022-12-22,3836.0280
2022-12-23,3828.2188
2022-12-26,3843.4887
2022-12-27,3887.8540
2022-12-28,3871.2644
2022-12-29,3856.7007
2022-12-30,3871.6338
2023-01-03,3887.8992
2023-01-04,3892.9477
2023-01-05,3968.5782
2023-01-06,3980.8888
2023-01-09,4013.1196
2023-01-10,4017.4737
2023-01-11,4010.0309
2023-01-12,4017.8692
2023-01-13,4074.3772
2023-01-16,4137.9643
2023-01-17,4137.2422
2023-01-18,4130.3143
2023-01-19,4156.0077
2023-01-20,4181.5267
2023-01-30,4201.3450
2023-01-31,4156.8578
2023-02-01,4195.9332
2023-02-02,4181.1493
2023-02-03,4141.6319
2023-02-06,4086.8779
2023-02-07,4094.2335
2023-02-08,4076.1411
2023-02-09,4130.8565
2023-02-10,4106.3097
2023-02-13,4143.5740
2023-02-14,4145.2902
2023-02-15,4123.6893
2023-02-16,4093.4876
2023-02-17,4034.5070
2023-02-20,4133.4896
2023-02-21,4144.3536
2023-02-22,4106.9506
2023-02-23,4103.6463
2023-02-24,4061.0457
2023-02-27,4043.8444
2023-02-28,4069.4587
2023-03-01,4126.9415
2023-03-02,4117.7377
2023-03-03,4130.5513
2023-03-06,4109.0102
2023-03-07,4048.8519
2023-03-08,4034.1077
2023-03-09,4019.8505
2023-03-10,3967.1352
2023-03-13,4008.6860
2023-03-14,3984.6956
2023-03-15,3986.9020
2023-03-16,3939.1505
2023-03-17,3958.8194
2023-03-20,3939.0770
2023-03-21,3982.3782
2023-03-22,3999.4427
2023-03-23,4039.0895
2023-03-24,4027.0457
2023-03-27,4012.4771
2023-03-28,3999.5147
2023-03-29,4006.1440
2023-03-30,4038.5257
2023-03-31,4050.9257
2023-04-03,4090.5676
2023-04-04,4103.1052
2023-04-06,4096.6400
2023-04-07,4123.2799
2023-04-10,4104.8118
2023-04-11,4100.1479
2023-04-12,4097.2876
2023-04-13,4068.9786
2023-04-14,4091.9988
2023-04-17,4149.3836
2023-04-18,4162.0320
2023-04-19,4124.5589
2023-04-20,4113.0192
2023-04-21,4032.5672
2023-04-24,3982.6429
2023-04-25,3962.6658
2023-04-26,3959.2323
2023-04-27,3988.4185
2023-04-28,4029.0858
2023-05-04,4030.2471
2023-05-05,4016.8774
2023-05-08,4062.6624
2023-05-09,4027.8754
2023-05-10,3996.8695
2023-05-11,3990.6637
2023-05-12,3937.7622
2023-05-15,3998.8872
2023-05-16,3978.2054
2023-05-17,3960.1650
2023-05-18,3956.0701
2023-05-19,3944.5403
2023-05-22,3969.3277
2023-05-23,3913.1882
2023-05-24,3859.0935
2023-05-25,3850.4996
2023-05-26,3850.9511
2023-05-29,3833.9416
2023-05-30,3837.7531
2023-05-31,3798.5434
2023-06-01,3806.8679
2023-06-02,3861.8337
2023-06-05,3844.2492
2023-06-06,3808.1629
2023-06-07,3789.3418
2023-06-08,3820.1867
2023-06-09,3836.7026
2023-06-12,3844.4324
2023-06-13,3864.9074
2023-06-14,3864.0247
2023-06-15,3925.4994
2023-06-16,3963.3509
2023-06-19,3930.9079
2023-06-20,3924.2377
2023-06-21,3864.0323
2023-06-26,3809.6962
2023-06-27,3845.4334
2023-06-28,3840.7986
2023-06-29,3821.8435
2023-06-30,3842.4516
2023-07-03,3892.8821
2023-07-04,3899.0133
2023-07-05,3868.8054
2023-07-06,3842.7547
2023-07-07,3825.6988
2023-07-10,3844.3269
2023-07-11,3869.4861
2023-07-12,3843.4369
2023-07-13,3898.4229
2023-07-14,3899.1027
2023-07-17,3867.1749
2023-07-18,3854.9393
2023-07-19,3850.8663
2023-07-20,3823.6946
2023-07-21,3821.9100
2023-07-24,3805.2210
2023-07-25,3915.1153
2023-07-26,3907.0128
2023-07-27,3902.3458
2023-07-28,3992.7376
2023-07-31,4014.6301
2023-08-01,3998.0010
2023-08-02,3969.8950
2023-08-03,4004.9839
2023-08-04,4020.5792
2023-08-07,3990.1531
2023-08-08,3979.7322
2023-08-09,3967.5652
2023-08-10,3975.7166
2023-08-11,3884.2538
2023-08-14,3855.9061
2023-08-15,3846.5357
2023-08-16,3818.3338
2023-08-17,3831.1008
2023-08-18,3784.0038
2023-08-21,3729.5550
2023-08-22,3758.2271
2023-08-23,3696.6339
2023-08-24,3723.4293
2023-08-25,3709.1517
2023-08-28,3752.6194
2023-08-29,3790.1067
2023-08-30,3788.5097
2023-08-31,3765.2678
2023-09-01,3791.4912
2023-09-04,3848.9517
2023-09-05,3820.3174
2023-09-06,3812.0283
2023-09-07,3758.4748
2023-09-08,3739.9927
2023-09-11,3767.5370
2023-09-12,3760.6048
2023-09-13,3736.6513
2023-09-14,3733.5077
2023-09-15,3708.7766
2023-09-18,3727.7110
2023-09-19,3720.5021
2023-09-20,3705.6898
2023-09-21,3672.4448
2023-09-22,3738.9327
2023-09-25,3714.6037
2023-09-26,3692.8928
2023-09-27,3700.4950
2023-09-28,3689.5172
2023-10-09,3684.7272
2023-10-10,3657.1259
2023-10-11,3667.5483
2023-10-12,3702.3824
2023-10-13,3663.4104
2023-10-16,3626.5972
2023-10-17,3639.4018
2023-10-18,3610.5767
2023-10-19,3533.5445
2023-10-20,3510.5889
2023-10-23,3474.2438
2023-10-24,3487.1302
2023-10-25,3504.4576
2023-10-26,3514.1448
2023-10-27,3562.3851
2023-10-30,3583.7718
2023-10-31,3572.5056
2023-11-01,3571.0268
2023-11-02,3554.1889
2023-11-03,3584.1364
2023-11-06,3632.6084
2023-11-07,3619.7593
2023-11-08,3611.0723
2023-11-09,3612.8263
2023-11-10,3586.4893
2023-11-13,3579.4141
2023-11-14,3582.0584
2023-11-15,3607.2454
2023-11-16,3572.3641
2023-11-17,3568.0685
2023-11-20,3576.3233
2023-11-21,3581.0674
2023-11-22,3544.4162
2023-11-23,3561.5204
2023-11-24,3538.0087
2023-11-27,3511.9424
2023-11-28,3518.5232
2023-11-29,3488.3073
2023-11-30,3496.2028
2023-12-01,3482.8813
2023-12-04,3460.1380
2023-12-05,3394.2571
2023-12-06,3399.5980
2023-12-07,3391.2823
2023-12-08,3399.4618
2023-12-11,3419.4548
2023-12-12,3426.8030
2023-12-13,3369.6050
2023-12-14,3351.9639
2023-12-15,3341.5517
2023-12-18,3329.3657
2023-12-19,3334.0412
2023-12-20,3297.5022
2023-12-21,3330.8698
2023-12-22,3337.2281
2023-12-25,3347.4508
2023-12-26,3324.7902
2023-12-27,3336.3572
2023-12-28,3414.5403
2023-12-29,3431.1099
2024-01-02,3386.3522
2024-01-03,3378.2971
2024-01-04,3347.0519
2024-01-05,3329.1114
2024-01-08,3286.0564
2024-01-09,3292.4994
2024-01-10,3277.1290
2024-01-11,3295.6717
2024-01-12,3284.1667
2024-01-15,3280.9195
2024-01-16,3300.8762
2024-01-17,3229.0820
2024-01-18,3274.7286
2024-01-19,3269.7763
2024-01-22,3218.9016
2024-01-23,3231.9329
2024-01-24,3277.1089
2024-01-25,3342.9189
2024-01-26,3333.8213
2024-01-29,3303.9604
2024-01-30,3245.0387
2024-01-31,3215.3518
2024-02-01,3217.7109
2024-02-02,3179.6276
2024-02-05,3200.4218
2024-02-06,3311.6922
2024-02-07,3343.6303
2024-02-08,3364.9297
2024-02-19,3403.8078
2024-02-20,3410.8542
2024-02-21,3456.8713
2024-02-22,3486.6747
2024-02-23,3489.7416
2024-02-26,3453.3585
2024-02-27,3494.7874
2024-02-28,3450.2598
2024-02-29,3516.0826
2024-03-01,3537.8038
2024-03-04,3540.8686
2024-03-05,3565.5143
2024-03-06,3551.0481
2024-03-07,3529.7195
2024-03-08,3544.9099
2024-03-11,3589.2635
2024-03-12,3597.4939
2024-03-13,3572.3610
2024-03-14,3562.2229
2024-03-15,3569.9930
2024-03-18,3603.5280
2024-03-19,3577.6303
2024-03-20,3585.3838
2024-03-21,3581.0902
2024-03-22,3545.0023
2024-03-25,3525.7634
2024-03-26,3543.7467
2024-03-27,3502.7866
2024-03-28,3520.9648
2024-03-29,3537.4843
2024-04-01,3595.6466
2024-04-02,3580.6759
2024-04-03,3567.8031
2024-04-08,3536.4077
2024-04-09,3533.4871
2024-04-10,3504.7086
2024-04-11,3504.2447
2024-04-12,3475.8389
2024-04-15,3549.0759
2024-04-16,3511.1146
2024-04-17,3565.4030
2024-04-18,3569.8018
2024-04-19,3541.6619
2024-04-22,3530.9045
2024-04-23,3506.2249
2024-04-24,3521.6219
2024-04-25,3530.2813
2024-04-26,3584.2686
2024-04-29,3623.9124
2024-04-30,3604.3943
2024-05-06,3657.8767
2024-05-07,3659.0076
2024-05-08,3630.2233
2024-05-09,3664.5610
2024-05-10,3666.2771
2024-05-13,3664.6907
2024-05-14,3657.0454
2024-05-15,3626.0559
2024-05-16,3640.3592
2024-05-17,3677.9696
2024-05-20,3690.9623
2024-05-21,3676.1611
2024-05-22,3684.4510
2024-05-23,3641.7917
2024-05-24,3601.4754
2024-05-27,3635.7079
2024-05-28,3609.1724
2024-05-29,3613.5223
2024-05-30,3594.3121
2024-05-31,3579.9247
2024-06-03,3588.7483
2024-06-04,3615.6714
2024-06-05,3594.7936
2024-06-06,3592.2454
2024-06-07,3574.1143
2024-06-11,3542.8771
2024-06-12,3544.1225
2024-06-13,3526.1306
2024-06-14,3541.5331
2024-06-17,3536.1986
2024-06-18,3545.5902
2024-06-19,3528.7490
2024-06-20,3503.2817
2024-06-21,3495.6198
2024-06-24,3476.8102
2024-06-25,3457.9023
2024-06-26,3480.2648
2024-06-27,3454.1175
2024-06-28,3461.6570
2024-07-01,3478.1827
2024-07-02,3471.7857
2024-07-03,3463.4141
2024-07-04,3445.8128
2024-07-05,3431.0605
2024-07-08,3401.7604
2024-07-09,3439.8111
2024-07-10,3428.9657
2024-07-11,3468.1690
2024-07-12,3472.4014
2024-07-15,3476.2467
2024-07-16,3498.2827
2024-07-17,3501.5836
2024-07-18,3520.9310
2024-07-19,3539.0156
2024-07-22,3514.9249
2024-07-23,3439.8779
2024-07-24,3418.1663
2024-07-25,3399.2716
2024-07-26,3409.2931
2024-07-29,3390.7420
2024-07-30,3369.3821
2024-07-31,3442.0844
2024-08-01,3419.2666
2024-08-02,3384.3919
2024-08-05,3343.3205
2024-08-06,3342.9789
2024-08-07,3341.4890
2024-08-08,3342.9369
2024-08-09,3331.6274
2024-08-12,3325.8645
2024-08-13,3334.3903
2024-08-14,3309.2389
2024-08-15,3341.9530
2024-08-16,3345.6340
2024-08-19,3356.9677
2024-08-20,3332.7034
2024-08-21,3321.6350
2024-08-22,3313.1357
2024-08-23,3327.1905
2024-08-26,3324.2231
2024-08-27,3305.3338
2024-08-28,3286.4956
2024-08-29,3277.6812
2024-08-30,3321.4323
2024-09-02,3265.0110
2024-09-03,3273.4282
2024-09-04,3252.1649
2024-09-05,3257.7578
2024-09-06,3231.3457
2024-09-09,3192.9516
2024-09-10,3195.7552
2024-09-11,3186.1299
2024-09-12,3172.4747
2024-09-13,3159.2470
2024-09-18,3171.0102
2024-09-19,3196.0357
2024-09-20,3201.0497
2024-09-23,3212.7639
2024-09-24,3351.9090
2024-09-25,3401.5330
2024-09-26,3545.3204
2024-09-27,3703.6849
2024-09-30,4017.8545
2024-10-08,4256.0962
2024-10-09,3955.9839
2024-10-10,3997.7879
2024-10-11,3887.1670
2024-10-14,3961.3424
2024-10-15,3855.9949
2024-10-16,3831.5890
2024-10-17,3788.2217
2024-10-18,3925.2340
2024-10-21,3935.1974
2024-10-22,3957.7755
2024-10-23,3973.2089
2024-10-24,3928.8334
2024-10-25,3956.4210
2024-10-28,3964.1569
2024-10-29,3924.6490
2024-10-30,3889.4487
2024-10-31,3891.0396
2024-11-01,3890.0203
2024-11-04,3944.7619
2024-11-05,4044.5725
2024-11-06,4024.2831
2024-11-07,4145.6952
2024-11-08,4104.0470
2024-11-11,4131.1312
2024-11-12,4085.7430
2024-11-13,4110.8901
2024-11-14,4039.6191
2024-11-15,3968.8308
2024-11-18,3950.3806
2024-11-19,3976.8912
2024-11-20,3985.7727
2024-11-21,3989.2979
2024-11-22,3865.6989
2024-11-25,3848.0909
2024-11-26,3840.1847
2024-11-27,3907.0447
2024-11-28,3872.5505
2024-11-29,3916.5832
2024-12-02,3947.6320
2024-12-03,3951.8912
2024-12-04,3930.5568
2024-12-05,3921.5881
2024-12-06,3973.1405
2024-12-09,3966.5708
2024-12-10,3995.6369
2024-12-11,3988.8308
2024-12-12,4028.5048
2024-12-13,3933.1808
2024-12-16,3911.8416
2024-12-17,3922.0334
2024-12-18,3941.8900
2024-12-19,3945.4635
2024-12-20,3927.7441
2024-12-23,3933.5718
2024-12-24,3983.6882
2024-12-25,3985.6291
2024-12-26,3987.4801
2024-12-27,3981.0307
2024-12-30,3999.0549
2024-12-31,3934.9109
2025-01-02,3820.3952
2025-01-03,3775.1648
2025-01-06,3768.9697
2025-01-07,3796.1055
2025-01-08,3789.2153
2025-01-09,3779.8773
2025-01-10,3732.4806
2025-01-13,3722.5130
2025-01-14,3820.5395
2025-01-15,3796.0260
2025-01-16,3800.3836
2025-01-17,3812.3429
2025-01-20,3829.6764
2025-01-21,3832.6145
2025-01-22,3797.0166
2025-01-23,3803.7439
2025-01-24,3832.8637
2025-01-27,3817.0802
2025-02-05,3795.0848
2025-02-06,3842.8314
2025-02-07,3892.7028
2025-02-10,3901.0618
2025-02-11,3883.1352
2025-02-12,3919.8617
2025-02-13,3905.1398
2025-02-14,3939.0085
2025-02-17,3947.3983
2025-02-18,3912.7829
2025-02-19,3940.1602
2025-02-20,3928.8959
2025-02-21,3978.4440
2025-02-24,3969.7169
2025-02-25,3925.6505
2025-02-26,3959.9413
2025-02-27,3968.1159
2025-02-28,3890.0487
2025-03-03,3888.4738
2025-03-04,3885.2208
2025-03-05,3902.5706
2025-03-06,3956.2369
2025-03-07,3944.0143
2025-03-10,3928.8018
2025-03-11,3941.4157
2025-03-12,3927.2315
2025-03-13,3911.5793
2025-03-14,4006.5567
2025-03-17,3996.7876
2025-03-18,4007.7229
2025-03-19,4010.1680
2025-03-20,3974.9918
2025-03-21,3914.6956
2025-03-24,3934.8486
2025-03-25,3932.2951
2025-03-26,3919.3566
2025-03-27,3932.4117
2025-03-28,3915.1662
2025-03-31,3887.3056
2025-04-01,3887.6841
2025-04-02,3884.3858
2025-04-03,3861.5034
2025-04-07,3589.4406
2025-04-08,3650.7590
2025-04-09,3686.7943
2025-04-10,3735.1151
2025-04-11,3750.5167
2025-04-14,3759.1422
2025-04-15,3761.2348
2025-04-16,3772.8204
2025-04-17,3772.2221
2025-04-18,3772.5230
2025-04-21,3784.8806
2025-04-22,3783.9522
2025-04-23,3786.8824
2025-04-24,3784.3574
2025-04-25,3786.9937
2025-04-28,3781.6188
2025-04-29,3775.0767
2025-04-30,3770.5705
2025-05-06,3808.5424
2025-05-07,3831.6270
2025-05-08,3852.8963
2025-05-09,3846.1566
2025-05-12,3890.6096
2025-05-13,3896.2583
2025-05-14,3943.2108
2025-05-15,3907.1992
2025-05-16,3889.0854
2025-05-19,3877.1453
2025-05-20,3898.1705
2025-05-21,3916.3807
2025-05-22,3913.8651
2025-05-23,3882.2741
2025-05-26,3860.1067
2025-05-27,3839.3969
2025-05-28,3836.2366
2025-05-29,3858.6998
2025-05-30,3840.2323
2025-06-03,3852.0127
2025-06-04,3868.7429
2025-06-05,3877.5557
2025-06-06,3873.9841
2025-06-09,3885.2459
2025-06-10,3865.4652
2025-06-11,3894.6252
2025-06-12,3892.1992
2025-06-13,3864.1822
2025-06-16,3873.7951
2025-06-17,3870.3786
2025-06-18,3874.9708
2025-06-19,3843.0912
2025-06-20,3846.6443
2025-06-23,3857.9016
2025-06-24,3904.0342
2025-06-25,3960.0662
2025-06-26,3946.0195
2025-06-27,3921.7578
2025-06-30,3936.0791
2025-07-01,3942.7620
2025-07-02,3943.6849
2025-07-03,3968.0676
2025-07-04,3982.2034
2025-07-07,3965.1746
2025-07-08,3998.4527
2025-07-09,3991.4006
2025-07-10,4010.0243
2025-07-11,4014.8070
2025-07-14,4017.6678
2025-07-15,4019.0644
2025-07-16,4007.2019
2025-07-17,4034.4910
2025-07-18,4058.5486
2025-07-21,4085.6072
2025-07-22,4118.9582
2025-07-23,4119.7685
2025-07-24,4149.0368
2025-07-25,4127.1634
2025-07-28,4135.8242
2025-07-29,4152.0247
2025-07-30,4151.2379
2025-07-31,4075.5912
2025-08-01,4054.9286
2025-08-04,4070.7023
2025-08-05,4103.4500
2025-08-06,4113.4852
2025-08-07,4114.6660
2025-08-08,4104.9669
2025-08-11,4122.5106
2025-08-12,4143.8252
2025-08-13,4176.5776
2025-08-14,4173.3131
2025-08-15,4202.3533
2025-08-18,4239.4125
2025-08-19,4223.3741
2025-08-20,4271.3958
2025-08-21,4288.0707
2025-08-22,4377.9977
2025-08-25,4469.2217
2025-08-26,4452.5905
2025-08-27,4386.1266
2025-08-28,4463.7820
2025-08-29,4496.7591
2025-09-01,4523.7111
2025-09-02,4490.4528
2025-09-03,4459.8296
2025-09-04,4365.2085
2025-09-05,4460.3249
2025-09-08,4467.5733
2025-09-09,4436.2584
2025-09-10,4445.3649
2025-09-11,4548.0345
2025-09-12,4521.9980
2025-09-15,4533.0557
2025-09-16,4523.3367
2025-09-17,4551.0230
2025-09-18,4498.1090
2025-09-19,4501.9195
2025-09-22,4522.6080
2025-09-23,4519.7781
2025-09-24,4566.0708
2025-09-25,4593.4875
2025-09-26,4550.0487
2025-09-29,4620.0528
2025-09-30,4640.6935
2025-10-09,4709.4820
2025-10-10,4616.8341
2025-10-13,4593.9785
2025-10-14,4539.0644
2025-10-15,4606.2879
2025-10-16,4618.4218
2025-10-17,4514.2345
2025-10-20,4538.2201
2025-10-21,4607.8715
2025-10-22,4592.5700
2025-10-23,4606.3447
2025-10-24,4660.6835
2025-10-27,4716.0186
2025-10-28,4691.9730
2025-10-29,4747.8378
2025-10-30,4709.9110
2025-10-31,4640.6676
2025-11-03,4653.4028
2025-11-04,4618.6990
2025-11-05,4627.2570
2025-11-06,4693.4032
2025-11-07,4678.7944
2025-11-10,4695.0507
2025-11-11,4652.1655
2025-11-12,4645.9079
2025-11-13,4702.0738
2025-11-14,4628.1398
2025-11-17,4598.0525
2025-11-18,4568.1928
2025-11-19,4588.2922
2025-11-20,4564.9483
2025-11-21,4453.6076
2025-11-24,4448.0478
2025-11-25,4490.4047
2025-11-26,4517.6255
2025-11-27,4515.4027
2025-11-28,4526.6616
2025-12-01,4576.4856
2025-12-02,4554.3347
2025-12-03,4531.0486
2025-12-04,4546.5664
2025-12-05,4584.5368
2025-12-08,4621.7545
2025-12-09,4598.2232
2025-12-10,4591.8273
2025-12-11,4552.1848
2025-12-12,4580.9500
2025-12-15,4552.0596
2025-12-16,4497.5545
2025-12-17,4579.8750
2025-12-18,4552.7926
2025-12-19,4568.1781
2025-12-22,4611.6235
2025-12-23,4620.7341
2025-12-24,4634.0586
2025-12-25,4642.5357
2025-12-26,4657.2400
2025-12-29,4639.3721
2025-12-30,4651.2818
2025-12-31,4629.9395
2026-01-05,4717.7457
2026-01-06,4790.6938
2026-01-07,4776.6658
2026-01-08,4737.6536
2026-01-09,4758.9221
2026-01-12,4789.9155
2026-01-13,4761.0324
2026-01-14,4741.9306
2026-01-15,4751.4293
2026-01-16,4731.8728
2026-01-19,4734.4556
2026-01-20,4718.8782
2026-01-21,4723.0692
2026-01-22,4723.7091
2026-01-23,4702.4966
2026-01-26,4706.9640
2026-01-27,4705.6918
2026-01-28,4717.9914
2026-01-29,4753.8697
2026-01-30,4706.3401
2026-02-02,4605.9799
2026-02-03,4660.1074
2026-02-04,4698.6832
2026-02-05,4670.4188
2026-02-06,4643.5959
2026-02-09,4719.0559
2026-02-10,4724.2956
2026-02-11,4713.8185
2026-02-12,4719.5780
2026-02-13,4660.4056
2026-02-24,4707.5440
2026-02-25,4735.8858
2026-02-26,4726.8739
2026-02-27,4710.6469
2026-03-02,4728.6688
2026-03-03,4655.8962
2026-03-04,4602.6247
2026-03-05,4647.6921
2026-03-06,4660.4390
2026-03-09,4615.4551
2026-03-10,4674.7562
2026-03-11,4704.4959
2026-03-12,4687.5601
2026-03-13,4669.1400
2026-03-16,4671.5591
2026-03-17,4637.4392
2026-03-18,4658.3324
2026-03-19,4583.2511
2026-03-20,4567.0179
2026-03-23,4417.9971
2026-03-24,4474.7224
2026-03-25,4537.4656
