date,factor_value
2026-06-17,-0.4915
2026-06-16,-0.6296
2026-06-15,-0.7154
2026-06-12,-0.7805
2026-06-11,-0.7535
2026-06-10,-0.6757
2026-06-09,-0.5513
2026-06-08,-0.4408
2026-06-05,-0.3279
2026-06-04,-0.1604
2026-06-03,-0.0124
2026-06-02,0.0990
2026-06-01,0.2009
2026-05-29,0.3206
2026-05-28,0.3482
2026-05-27,0.3049
2026-05-26,0.2971
2026-05-25,0.2777
2026-05-22,0.3044
2026-05-21,0.3110
2026-05-20,0.3757
2026-05-19,0.4338
2026-05-18,0.4979
2026-05-15,0.5275
2026-05-14,0.5975
2026-05-13,0.6496
2026-05-12,0.6748
2026-05-11,0.6700
2026-05-08,0.6714
2026-05-07,0.6322
2026-05-06,0.6123
2026-04-30,0.6044
2026-04-29,0.6251
2026-04-28,0.6615
2026-04-27,0.7079
2026-04-24,0.7359
2026-04-23,0.7647
2026-04-22,0.7879
2026-04-21,0.7889
2026-04-20,0.8026
2026-04-17,0.8165
2026-04-16,0.8225
2026-04-15,0.8065
2026-04-14,0.7441
2026-04-13,0.6367
2026-04-10,0.5176
2026-04-09,0.3622
2026-04-08,0.2876
2026-04-07,0.2247
2026-04-03,0.1640
2026-04-02,0.0935
2026-04-01,0.0082
2026-03-31,-0.1009
2026-03-30,-0.1948
2026-03-27,-0.2504
2026-03-26,-0.2747
2026-03-25,-0.2357
2026-03-24,-0.2242
2026-03-23,-0.2251
2026-03-20,-0.1858
2026-03-19,-0.1888
2026-03-18,-0.2236
2026-03-17,-0.2694
2026-03-16,-0.2520
2026-03-13,-0.3248
2026-03-12,-0.3569
2026-03-11,-0.4070
2026-03-10,-0.4658
2026-03-09,-0.5510
2026-03-06,-0.5750
2026-03-05,-0.5981
2026-03-04,-0.5768
2026-03-03,-0.5136
2026-03-02,-0.5112
2026-02-27,-0.5295
2026-02-26,-0.5495
2026-02-25,-0.5840
2026-02-24,-0.6116
2026-02-13,-0.6129
2026-02-12,-0.6181
2026-02-11,-0.6287
2026-02-10,-0.6167
2026-02-09,-0.5595
2026-02-06,-0.5255
2026-02-05,-0.4040
2026-02-04,-0.3142
2026-02-03,-0.1739
2026-02-02,-0.1003
2026-01-30,-0.0118
2026-01-29,0.0425
2026-01-28,0.1198
2026-01-27,0.1546
2026-01-26,0.1879
2026-01-23,0.2986
2026-01-22,0.3571
2026-01-21,0.4194
2026-01-20,0.4279
2026-01-19,0.3792
2026-01-16,0.3322
2026-01-15,0.2803
2026-01-14,0.2227
2026-01-13,0.2192
2026-01-12,0.2895
2026-01-09,0.3329
2026-01-08,0.3839
2026-01-07,0.4406
2026-01-06,0.4486
2026-01-05,0.4563
2025-12-31,0.4662
2025-12-30,0.4839
2025-12-29,0.5106
2025-12-26,0.5715
2025-12-25,0.5945
2025-12-24,0.5754
2025-12-23,0.5823
2025-12-22,0.5520
2025-12-19,0.5311
2025-12-18,0.5651
2025-12-17,0.5935
2025-12-16,0.6225
2025-12-15,0.6620
2025-12-12,0.6538
2025-12-11,0.5382
2025-12-10,0.4258
2025-12-09,0.2855
2025-12-08,0.1683
2025-12-05,0.0625
2025-12-04,-0.0026
2025-12-03,-0.0757
2025-12-02,-0.1625
2025-12-01,-0.2576
2025-11-28,-0.3442
2025-11-27,-0.4057
2025-11-26,-0.3903
2025-11-25,-0.3626
2025-11-24,-0.3485
2025-11-21,-0.3209
2025-11-20,-0.2941
2025-11-19,-0.3241
2025-11-18,-0.3657
2025-11-17,-0.3805
2025-11-14,-0.4328
2025-11-13,-0.4746
2025-11-12,-0.5367
2025-11-11,-0.5934
2025-11-10,-0.6630
2025-11-07,-0.6874
2025-11-06,-0.7323
2025-11-05,-0.7341
2025-11-04,-0.7028
2025-11-03,-0.6833
2025-10-31,-0.6637
2025-10-30,-0.6515
2025-10-29,-0.6680
2025-10-28,-0.7022
2025-10-27,-0.7132
2025-10-24,-0.7467
2025-10-23,-0.7658
2025-10-22,-0.7189
2025-10-21,-0.6621
2025-10-20,-0.6553
2025-10-17,-0.5734
2025-10-16,-0.4118
2025-10-15,-0.2809
2025-10-14,-0.1398
2025-10-13,-0.0381
2025-10-10,0.0149
2025-10-09,0.0583
2025-09-30,0.1055
2025-09-29,0.1287
2025-09-26,0.2304
2025-09-25,0.3044
2025-09-24,0.3596
2025-09-23,0.3732
2025-09-22,0.3862
2025-09-19,0.3844
2025-09-18,0.4109
2025-09-17,0.4063
2025-09-16,0.3863
2025-09-15,0.3878
2025-09-12,0.4344
2025-09-11,0.4809
2025-09-10,0.4667
2025-09-09,0.5368
2025-09-08,0.5939
2025-09-05,0.6457
2025-09-04,0.6824
2025-09-03,0.7597
2025-09-02,0.7756
2025-09-01,0.7446
2025-08-29,0.7220
2025-08-28,0.6903
2025-08-27,0.6434
2025-08-26,0.6357
2025-08-25,0.6681
2025-08-22,0.6690
2025-08-21,0.6378
2025-08-20,0.5952
2025-08-19,0.5733
2025-08-18,0.5075
2025-08-15,0.4789
2025-08-14,0.4495
2025-08-13,0.4996
2025-08-12,0.4944
2025-08-11,0.5050
2025-08-08,0.5221
2025-08-07,0.5412
2025-08-06,0.5084
2025-08-05,0.4939
2025-08-04,0.4893
2025-08-01,0.3875
2025-07-31,0.3474
2025-07-30,0.3116
2025-07-29,0.2506
2025-07-28,0.2204
2025-07-25,0.2988
2025-07-24,0.3847
2025-07-23,0.4629
2025-07-22,0.5362
2025-07-21,0.6206
2025-07-18,0.5774
2025-07-17,0.4962
2025-07-16,0.3657
2025-07-15,0.3081
2025-07-14,0.2481
2025-07-11,0.1663
2025-07-10,0.1316
2025-07-09,0.1802
2025-07-08,0.1857
2025-07-07,0.2314
2025-07-04,0.3830
2025-07-03,0.4141
2025-07-02,0.4177
2025-07-01,0.4202
2025-06-30,0.3137
2025-06-27,0.1655
2025-06-26,0.1057
2025-06-25,0.0651
2025-06-24,0.0159
2025-06-23,-0.0075
2025-06-20,-0.0005
2025-06-19,0.0303
2025-06-18,0.0166
2025-06-17,-0.0118
2025-06-16,-0.0569
2025-06-13,-0.0384
2025-06-12,-0.0903
2025-06-11,-0.0951
2025-06-10,-0.1327
2025-06-09,-0.1144
2025-06-06,-0.1123
2025-06-05,-0.0321
2025-06-04,-0.0149
2025-06-03,0.0749
2025-05-30,0.1471
2025-05-29,0.1880
2025-05-28,0.1609
2025-05-27,0.2396
2025-05-26,0.2757
2025-05-23,0.3016
2025-05-22,0.3027
2025-05-21,0.2948
2025-05-20,0.2386
2025-05-19,0.2484
2025-05-16,0.3072
2025-05-15,0.3802
2025-05-14,0.4872
2025-05-13,0.5322
2025-05-12,0.5131
2025-05-09,0.4117
2025-05-08,0.2588
2025-05-07,0.0943
2025-05-06,-0.0246
2025-04-30,-0.1309
2025-04-29,-0.1673
2025-04-28,-0.1941
2025-04-25,-0.1945
2025-04-24,-0.2504
2025-04-23,-0.2983
2025-04-22,-0.3839
2025-04-21,-0.4274
2025-04-18,-0.4783
2025-04-17,-0.4568
2025-04-16,-0.4874
2025-04-15,-0.5247
2025-04-14,-0.5913
2025-04-11,-0.6562
2025-04-10,-0.7259
2025-04-09,-0.7102
2025-04-08,-0.6783
2025-04-07,-0.6259
2025-04-03,-0.5714
2025-04-02,-0.5522
2025-04-01,-0.5924
2025-03-31,-0.6430
2025-03-28,-0.6861
2025-03-27,-0.7463
2025-03-26,-0.7316
2025-03-25,-0.6835
2025-03-24,-0.5693
2025-03-21,-0.4842
2025-03-20,-0.3641
2025-03-19,-0.2982
2025-03-18,-0.2253
2025-03-17,-0.1755
2025-03-14,-0.1190
2025-03-13,-0.0881
2025-03-12,-0.0233
2025-03-11,0.0416
2025-03-10,0.1239
2025-03-07,0.1755
2025-03-06,0.2401
2025-03-05,0.2794
2025-03-04,0.3272
2025-03-03,0.3435
2025-02-28,0.4218
2025-02-27,0.5117
2025-02-26,0.5682
2025-02-25,0.5777
2025-02-24,0.5657
2025-02-21,0.5692
2025-02-20,0.5503
2025-02-19,0.5722
2025-02-18,0.6256
2025-02-17,0.6923
2025-02-14,0.7375
2025-02-13,0.7835
2025-02-12,0.8113
2025-02-11,0.7797
2025-02-10,0.6758
2025-02-07,0.6051
2025-02-06,0.5455
2025-02-05,0.5088
2025-01-27,0.5166
2025-01-24,0.5416
2025-01-23,0.5118
2025-01-22,0.4630
2025-01-21,0.4016
2025-01-20,0.3745
2025-01-17,0.3220
2025-01-16,0.2434
2025-01-15,0.1537
2025-01-14,0.0273
2025-01-13,-0.1210
2025-01-10,-0.2337
2025-01-09,-0.3040
2025-01-08,-0.3486
2025-01-07,-0.3602
2025-01-06,-0.3870
2025-01-03,-0.3677
2025-01-02,-0.3290
2024-12-31,-0.3341
2024-12-30,-0.3154
2024-12-27,-0.3061
2024-12-26,-0.2982
2024-12-25,-0.3393
2024-12-24,-0.3574
2024-12-23,-0.3959
2024-12-20,-0.3956
2024-12-19,-0.4258
2024-12-18,-0.4554
2024-12-17,-0.4940
2024-12-16,-0.5405
2024-12-13,-0.6189
2024-12-12,-0.6511
2024-12-11,-0.6450
2024-12-10,-0.6340
2024-12-09,-0.6112
2024-12-06,-0.5444
2024-12-05,-0.4944
2024-12-04,-0.5009
2024-12-03,-0.4807
2024-12-02,-0.4820
2024-11-29,-0.5145
2024-11-28,-0.5546
2024-11-27,-0.5107
2024-11-26,-0.4965
2024-11-25,-0.4710
2024-11-22,-0.4860
2024-11-21,-0.4415
2024-11-20,-0.3143
2024-11-19,-0.1244
2024-11-18,0.0404
2024-11-15,0.2462
2024-11-14,0.3352
2024-11-13,0.2296
2024-11-12,0.0303
2024-11-11,-0.1426
2024-11-08,-0.2530
2024-11-07,-0.2513
2024-11-06,-0.0820
2024-11-05,0.1398
2024-11-04,0.3622
2024-11-01,0.5328
2024-10-31,0.6439
2024-10-30,0.6345
2024-10-29,0.6376
2024-10-28,0.6345
2024-10-25,0.6114
2024-10-24,0.5633
2024-10-23,0.5103
2024-10-22,0.4351
2024-10-21,0.4153
2024-10-18,0.3888
2024-10-17,0.4039
2024-10-16,0.4824
2024-10-15,0.6107
2024-10-14,0.6907
2024-10-11,0.7708
2024-10-10,0.8314
2024-10-09,0.8027
2024-10-08,0.7111
2024-09-30,0.6398
2024-09-27,0.5520
2024-09-26,0.4798
2024-09-25,0.4833
2024-09-24,0.4955
2024-09-23,0.4849
2024-09-20,0.5223
2024-09-19,0.5657
2024-09-18,0.5165
2024-09-13,0.4719
2024-09-12,0.4045
2024-09-11,0.3397
2024-09-10,0.2323
2024-09-09,0.1835
2024-09-06,0.1415
2024-09-05,0.1658
2024-09-04,0.0851
2024-09-03,-0.0606
2024-09-02,-0.1626
2024-08-30,-0.2405
2024-08-29,-0.3932
2024-08-28,-0.4317
2024-08-27,-0.3561
2024-08-26,-0.3511
2024-08-23,-0.4147
2024-08-22,-0.4148
2024-08-21,-0.4170
2024-08-20,-0.4226
2024-08-19,-0.3610
2024-08-16,-0.2179
2024-08-15,-0.1210
2024-08-14,-0.0482
2024-08-13,0.0626
2024-08-12,0.1675
2024-08-09,0.2177
2024-08-08,0.2846
2024-08-07,0.3899
2024-08-06,0.4503
2024-08-05,0.4584
2024-08-02,0.4618
2024-08-01,0.4624
2024-07-31,0.3732
2024-07-30,0.2368
2024-07-29,0.2020
2024-07-26,0.2138
2024-07-25,0.1944
2024-07-24,0.1720
2024-07-23,0.1548
2024-07-22,0.0283
2024-07-19,-0.1704
2024-07-18,-0.2833
2024-07-17,-0.3555
2024-07-16,-0.4178
2024-07-15,-0.4661
2024-07-12,-0.4398
2024-07-11,-0.4838
2024-07-10,-0.5527
2024-07-09,-0.5863
2024-07-08,-0.6028
2024-07-05,-0.6219
2024-07-04,-0.5944
2024-07-03,-0.4851
2024-07-02,-0.3096
2024-07-01,-0.1643
2024-06-28,-0.0017
2024-06-27,0.1212
2024-06-26,0.1951
2024-06-25,0.2326
2024-06-24,0.3080
2024-06-21,0.3694
2024-06-20,0.4102
2024-06-19,0.4533
2024-06-18,0.4302
2024-06-17,0.4206
2024-06-14,0.3035
2024-06-13,0.2130
2024-06-12,0.1622
2024-06-11,0.0994
2024-06-07,0.0239
2024-06-06,0.0342
2024-06-05,0.0258
2024-06-04,0.0064
2024-06-03,0.0417
2024-05-31,0.0584
2024-05-30,0.0779
2024-05-29,0.1561
2024-05-28,0.2245
2024-05-27,0.2181
2024-05-24,0.2302
2024-05-23,0.2248
2024-05-22,0.1493
2024-05-21,0.0440
2024-05-20,-0.0073
2024-05-17,-0.0814
2024-05-16,-0.1493
2024-05-15,-0.1336
2024-05-14,-0.1481
2024-05-13,-0.1639
2024-05-10,-0.1714
2024-05-09,-0.1763
2024-05-08,-0.2162
2024-05-07,-0.2339
2024-05-06,-0.2927
2024-04-30,-0.3362
2024-04-29,-0.3945
2024-04-26,-0.4789
2024-04-25,-0.5604
2024-04-24,-0.5881
2024-04-23,-0.6128
2024-04-22,-0.6114
2024-04-19,-0.5762
2024-04-18,-0.5265
2024-04-17,-0.4785
2024-04-16,-0.4023
2024-04-15,-0.2794
2024-04-12,-0.1863
2024-04-11,-0.0949
2024-04-10,0.0032
2024-04-09,0.0648
2024-04-08,0.0665
2024-04-03,0.0906
2024-04-02,0.1316
2024-04-01,0.1622
2024-03-29,0.2101
2024-03-28,0.2865
2024-03-27,0.3644
2024-03-26,0.4389
2024-03-25,0.5161
2024-03-22,0.5757
2024-03-21,0.5992
2024-03-20,0.6242
2024-03-19,0.6540
2024-03-18,0.6954
2024-03-15,0.7383
2024-03-14,0.7690
2024-03-13,0.7933
2024-03-12,0.8106
2024-03-11,0.8029
2024-03-08,0.7821
2024-03-07,0.7482
2024-03-06,0.6783
2024-03-05,0.5168
2024-03-04,0.3955
2024-03-01,0.2494
2024-02-29,0.1064
2024-02-28,0.0104
2024-02-27,-0.0421
2024-02-26,-0.1373
2024-02-23,-0.2023
2024-02-22,-0.2452
2024-02-21,-0.3144
2024-02-20,-0.3607
2024-02-19,-0.4447
2024-02-08,-0.5291
2024-02-07,-0.6034
2024-02-06,-0.6982
2024-02-05,-0.7864
2024-02-02,-0.8382
2024-02-01,-0.8785
2024-01-31,-0.8783
2024-01-30,-0.8441
2024-01-29,-0.7662
2024-01-26,-0.6748
2024-01-25,-0.5610
2024-01-24,-0.4339
2024-01-23,-0.3916
2024-01-22,-0.3161
2024-01-19,-0.2763
2024-01-18,-0.2317
2024-01-17,-0.2343
2024-01-16,-0.2138
2024-01-15,-0.2923
2024-01-12,-0.3399
2024-01-11,-0.3937
2024-01-10,-0.4447
2024-01-09,-0.3995
2024-01-08,-0.3042
2024-01-05,-0.1823
2024-01-04,-0.0976
2024-01-03,-0.0895
2024-01-02,-0.1124
2023-12-29,-0.1327
2023-12-28,-0.1895
2023-12-27,-0.2689
2023-12-26,-0.3037
2023-12-25,-0.3678
2023-12-22,-0.4769
2023-12-21,-0.5675
2023-12-20,-0.6193
2023-12-19,-0.6620
2023-12-18,-0.6767
2023-12-15,-0.6514
2023-12-14,-0.6334
2023-12-13,-0.6357
2023-12-12,-0.6124
2023-12-11,-0.6106
2023-12-08,-0.6156
2023-12-07,-0.5695
2023-12-06,-0.4362
2023-12-05,-0.3370
2023-12-04,-0.2446
2023-12-01,-0.1914
2023-11-30,-0.1263
2023-11-29,-0.0414
2023-11-28,0.0571
2023-11-27,0.1938
2023-11-24,0.3849
2023-11-23,0.5104
2023-11-22,0.5367
2023-11-21,0.6027
2023-11-20,0.6462
2023-11-17,0.6663
2023-11-16,0.6623
2023-11-15,0.6636
2023-11-14,0.6321
2023-11-13,0.6169
2023-11-10,0.6108
2023-11-09,0.6080
2023-11-08,0.5595
2023-11-07,0.5871
2023-11-06,0.6088
2023-11-03,0.6372
2023-11-02,0.6763
2023-11-01,0.7045
2023-10-31,0.6453
2023-10-30,0.5497
2023-10-27,0.4418
2023-10-26,0.3810
2023-10-25,0.3261
2023-10-24,0.2240
2023-10-23,0.1699
2023-10-20,0.1218
2023-10-19,0.1052
2023-10-18,0.1192
2023-10-17,0.1961
2023-10-16,0.2492
2023-10-13,0.2544
2023-10-12,0.1464
2023-10-11,0.0700
2023-10-10,0.0025
2023-10-09,0.0599
2023-09-28,0.1047
2023-09-27,0.1092
2023-09-26,0.2013
2023-09-25,0.2611
2023-09-22,0.2029
2023-09-21,0.1576
2023-09-20,0.1645
2023-09-19,0.1725
2023-09-18,0.2019
2023-09-15,0.1613
2023-09-14,0.1212
2023-09-13,0.1168
2023-09-12,0.0612
2023-09-11,0.0016
2023-09-08,-0.0194
2023-09-07,0.0097
2023-09-06,0.0628
2023-09-05,0.0630
2023-09-04,0.0414
2023-09-01,-0.0174
2023-08-31,-0.0679
2023-08-30,-0.1455
2023-08-29,-0.2613
2023-08-28,-0.3304
2023-08-25,-0.3280
2023-08-24,-0.3632
2023-08-23,-0.3909
2023-08-22,-0.3914
2023-08-21,-0.4276
2023-08-18,-0.4428
2023-08-17,-0.4351
2023-08-16,-0.4540
2023-08-15,-0.4506
2023-08-14,-0.4382
2023-08-11,-0.4461
2023-08-10,-0.4402
2023-08-09,-0.4436
2023-08-08,-0.4636
2023-08-07,-0.4970
2023-08-04,-0.5296
2023-08-03,-0.5988
2023-08-02,-0.6023
2023-08-01,-0.5825
2023-07-31,-0.5534
2023-07-28,-0.5512
2023-07-27,-0.5043
2023-07-26,-0.5158
2023-07-25,-0.5216
2023-07-24,-0.4720
2023-07-21,-0.3786
2023-07-20,-0.2388
2023-07-19,-0.0471
2023-07-18,0.1388
2023-07-17,0.3045
2023-07-14,0.4502
2023-07-13,0.4899
2023-07-12,0.5012
2023-07-11,0.4960
2023-07-10,0.4543
2023-07-07,0.4020
2023-07-06,0.3998
2023-07-05,0.3835
2023-07-04,0.3736
2023-07-03,0.3630
2023-06-30,0.3629
2023-06-29,0.3375
2023-06-28,0.3652
2023-06-27,0.3904
2023-06-26,0.4241
2023-06-21,0.4608
2023-06-20,0.4591
2023-06-19,0.4192
2023-06-16,0.3800
2023-06-15,0.3509
2023-06-14,0.2982
2023-06-13,0.3136
2023-06-12,0.3740
2023-06-09,0.4483
2023-06-08,0.5166
2023-06-07,0.5889
2023-06-06,0.5816
2023-06-05,0.5137
2023-06-02,0.4284
2023-06-01,0.3893
2023-05-31,0.3484
2023-05-30,0.3356
2023-05-29,0.3037
2023-05-26,0.2440
2023-05-25,0.1279
2023-05-24,-0.0082
2023-05-23,-0.1255
2023-05-22,-0.2004
2023-05-19,-0.2654
2023-05-18,-0.3644
2023-05-17,-0.4378
2023-05-16,-0.5166
2023-05-15,-0.6255
2023-05-12,-0.7053
2023-05-11,-0.7488
2023-05-10,-0.7758
2023-05-09,-0.7634
2023-05-08,-0.7076
2023-05-05,-0.6284
2023-05-04,-0.6024
2023-04-28,-0.5241
2023-04-27,-0.4121
2023-04-26,-0.2940
2023-04-25,-0.1803
2023-04-24,0.0338
2023-04-21,0.2266
2023-04-20,0.3657
2023-04-19,0.4302
2023-04-18,0.4436
2023-04-17,0.4592
2023-04-14,0.4260
2023-04-13,0.4072
2023-04-12,0.4327
2023-04-11,0.4471
2023-04-10,0.4278
2023-04-07,0.4293
2023-04-06,0.3969
2023-04-04,0.3325
2023-04-03,0.2614
2023-03-31,0.2018
2023-03-30,0.1020
2023-03-29,-0.0114
2023-03-28,-0.0974
2023-03-27,-0.1335
2023-03-24,-0.2195
2023-03-23,-0.3109
2023-03-22,-0.3858
2023-03-21,-0.4566
2023-03-20,-0.5129
2023-03-17,-0.5631
2023-03-16,-0.5643
2023-03-15,-0.5805
2023-03-14,-0.5914
2023-03-13,-0.6267
2023-03-10,-0.6459
2023-03-09,-0.6989
2023-03-08,-0.7281
2023-03-07,-0.7521
2023-03-06,-0.7595
2023-03-03,-0.7704
2023-03-02,-0.7469
2023-03-01,-0.7199
2023-02-28,-0.6988
2023-02-27,-0.6932
2023-02-24,-0.6552
2023-02-23,-0.5666
2023-02-22,-0.4521
2023-02-21,-0.2984
2023-02-20,-0.1797
2023-02-17,-0.0263
2023-02-16,0.0616
2023-02-15,0.1729
2023-02-14,0.2647
2023-02-13,0.3644
2023-02-10,0.4269
2023-02-09,0.4813
2023-02-08,0.4988
2023-02-07,0.4785
2023-02-06,0.4872
2023-02-03,0.5205
2023-02-02,0.5458
2023-02-01,0.5584
2023-01-31,0.5801
2023-01-30,0.6090
2023-01-20,0.6006
2023-01-19,0.5581
2023-01-18,0.5506
2023-01-17,0.5495
2023-01-16,0.5416
2023-01-13,0.5255
2023-01-12,0.5559
2023-01-11,0.5138
2023-01-10,0.4413
2023-01-09,0.4237
2023-01-06,0.3487
2023-01-05,0.2929
2023-01-04,0.2870
2023-01-03,0.3289
2022-12-30,0.2957
2022-12-29,0.2807
2022-12-28,0.2126
2022-12-27,0.1300
2022-12-26,0.0297
2022-12-23,-0.0844
2022-12-22,-0.1737
2022-12-21,-0.1958
2022-12-20,-0.2517
2022-12-19,-0.3190
2022-12-16,-0.3033
2022-12-15,-0.3157
2022-12-14,-0.3718
2022-12-13,-0.4100
2022-12-12,-0.4583
2022-12-09,-0.5744
2022-12-08,-0.6354
2022-12-07,-0.6801
2022-12-06,-0.7242
2022-12-05,-0.7460
2022-12-02,-0.7259
2022-12-01,-0.7040
2022-11-30,-0.6414
2022-11-29,-0.5766
2022-11-28,-0.4670
2022-11-25,-0.3361
2022-11-24,-0.2104
2022-11-23,-0.1337
2022-11-22,-0.0293
2022-11-21,0.0403
2022-11-18,0.0445
2022-11-17,0.0759
2022-11-16,0.1568
2022-11-15,0.2609
2022-11-14,0.3819
2022-11-11,0.5391
2022-11-10,0.6533
2022-11-09,0.6983
2022-11-08,0.7207
2022-11-07,0.6962
2022-11-04,0.6561
2022-11-03,0.6415
2022-11-02,0.6515
2022-11-01,0.6638
2022-10-31,0.6435
2022-10-28,0.6441
2022-10-27,0.6140
2022-10-26,0.6112
2022-10-25,0.5450
2022-10-24,0.5302
2022-10-21,0.4973
2022-10-20,0.4641
2022-10-19,0.3498
2022-10-18,0.2784
2022-10-17,0.1881
2022-10-14,0.0637
2022-10-13,-0.0035
2022-10-12,0.0072
2022-10-11,-0.0292
2022-10-10,-0.0300
2022-09-30,-0.0208
2022-09-29,-0.0937
2022-09-28,-0.2088
2022-09-27,-0.3008
2022-09-26,-0.3914
2022-09-23,-0.4711
2022-09-22,-0.5392
2022-09-21,-0.5951
2022-09-20,-0.6110
2022-09-19,-0.6519
2022-09-16,-0.6800
2022-09-15,-0.6948
2022-09-14,-0.6991
2022-09-13,-0.7313
2022-09-09,-0.7590
2022-09-08,-0.7865
2022-09-07,-0.8004
2022-09-06,-0.8150
2022-09-05,-0.8039
2022-09-02,-0.7839
2022-09-01,-0.7360
2022-08-31,-0.7046
2022-08-30,-0.6466
2022-08-29,-0.5528
2022-08-26,-0.4623
2022-08-25,-0.4279
2022-08-24,-0.3440
2022-08-23,-0.2979
2022-08-22,-0.2828
2022-08-19,-0.2813
2022-08-18,-0.3094
2022-08-17,-0.3090
2022-08-16,-0.2398
2022-08-15,-0.1515
2022-08-12,-0.1122
2022-08-11,-0.0568
2022-08-10,-0.1048
2022-08-09,-0.2069
2022-08-08,-0.3363
2022-08-05,-0.4357
2022-08-04,-0.5090
2022-08-03,-0.5393
2022-08-02,-0.5599
2022-08-01,-0.6290
2022-07-29,-0.6695
2022-07-28,-0.6806
2022-07-27,-0.6439
2022-07-26,-0.6193
2022-07-25,-0.5621
2022-07-22,-0.5093
2022-07-21,-0.3686
2022-07-20,-0.2574
2022-07-19,-0.1756
2022-07-18,-0.1414
2022-07-15,-0.0940
2022-07-14,-0.0530
2022-07-13,0.0167
2022-07-12,0.0443
2022-07-11,0.1098
2022-07-08,0.1652
2022-07-07,0.1752
2022-07-06,0.1784
2022-07-05,0.2224
2022-07-04,0.3483
2022-07-01,0.4899
2022-06-30,0.5732
2022-06-29,0.5881
2022-06-28,0.6069
2022-06-27,0.5468
2022-06-24,0.4907
2022-06-23,0.4306
2022-06-22,0.3800
2022-06-21,0.3342
2022-06-20,0.3325
2022-06-17,0.3304
2022-06-16,0.3155
2022-06-15,0.3150
2022-06-14,0.3829
2022-06-13,0.4333
2022-06-10,0.4735
2022-06-09,0.5215
2022-06-08,0.5544
2022-06-07,0.5578
2022-06-06,0.5270
2022-06-02,0.5136
2022-06-01,0.5306
2022-05-31,0.5631
2022-05-30,0.5695
2022-05-27,0.6057
2022-05-26,0.6223
2022-05-25,0.6070
2022-05-24,0.6178
2022-05-23,0.6317
2022-05-20,0.6297
2022-05-19,0.6217
2022-05-18,0.6578
2022-05-17,0.6502
2022-05-16,0.6049
2022-05-13,0.5545
2022-05-12,0.4679
2022-05-11,0.3456
2022-05-10,0.2138
2022-05-09,0.1183
2022-05-06,0.0397
2022-05-05,-0.0830
2022-04-29,-0.2292
2022-04-28,-0.3457
2022-04-27,-0.4231
2022-04-26,-0.5302
2022-04-25,-0.5533
2022-04-22,-0.5568
2022-04-21,-0.5809
2022-04-20,-0.6365
2022-04-19,-0.6508
2022-04-18,-0.6649
2022-04-15,-0.6838
2022-04-14,-0.6434
2022-04-13,-0.5699
2022-04-12,-0.4807
2022-04-11,-0.3780
2022-04-08,-0.2419
2022-04-07,-0.1624
2022-04-06,-0.1685
2022-04-01,-0.2035
2022-03-31,-0.2069
2022-03-30,-0.1652
2022-03-29,-0.0855
2022-03-28,0.0778
2022-03-25,0.2786
2022-03-24,0.4230
2022-03-23,0.5265
2022-03-22,0.6130
2022-03-21,0.6555
2022-03-18,0.6760
2022-03-17,0.7278
2022-03-16,0.7592
2022-03-15,0.7625
2022-03-14,0.7766
2022-03-11,0.6691
2022-03-10,0.5386
2022-03-09,0.4044
2022-03-08,0.3369
2022-03-07,0.2937
2022-03-04,0.3814
2022-03-03,0.4821
2022-03-02,0.5643
2022-03-01,0.5833
2022-02-28,0.4636
2022-02-25,0.2891
2022-02-24,0.1338
2022-02-23,0.0980
2022-02-22,0.0207
2022-02-21,0.1146
2022-02-18,0.1257
2022-02-17,0.0648
2022-02-16,-0.1004
2022-02-15,-0.1858
2022-02-14,-0.3732
2022-02-11,-0.4391
2022-02-10,-0.4363
2022-02-09,-0.4170
2022-02-08,-0.4053
2022-02-07,-0.3213
2022-01-28,-0.2773
2022-01-27,-0.2858
2022-01-26,-0.3089
2022-01-25,-0.3149
2022-01-24,-0.3393
2022-01-21,-0.3412
2022-01-20,-0.3580
2022-01-19,-0.4013
2022-01-18,-0.4779
2022-01-17,-0.5757
2022-01-14,-0.6608
2022-01-13,-0.7081
2022-01-12,-0.7067
2022-01-11,-0.6742
2022-01-10,-0.6101
2022-01-07,-0.5372
2022-01-06,-0.4651
2022-01-05,-0.4311
2022-01-04,-0.4399
2021-12-31,-0.4914
2021-12-30,-0.5497
2021-12-29,-0.6096
2021-12-28,-0.6468
2021-12-27,-0.6845
2021-12-24,-0.7071
2021-12-23,-0.7127
2021-12-22,-0.6976
2021-12-21,-0.6868
2021-12-20,-0.6242
2021-12-17,-0.5507
2021-12-16,-0.5233
2021-12-15,-0.5146
2021-12-14,-0.5378
2021-12-13,-0.6204
2021-12-10,-0.6997
2021-12-09,-0.7502
2021-12-08,-0.7782
2021-12-07,-0.7215
2021-12-06,-0.6100
2021-12-03,-0.4241
2021-12-02,-0.2939
2021-12-01,-0.1489
2021-11-30,-0.0313
2021-11-29,0.0587
2021-11-26,0.0831
2021-11-25,0.1414
2021-11-24,0.1940
2021-11-23,0.2174
2021-11-22,0.2443
2021-11-19,0.2494
2021-11-18,0.2518
2021-11-17,0.2307
2021-11-16,0.2354
2021-11-15,0.2687
2021-11-12,0.3071
2021-11-11,0.3619
2021-11-10,0.4026
2021-11-09,0.4342
2021-11-08,0.4465
2021-11-05,0.4250
2021-11-04,0.4471
2021-11-03,0.4912
2021-11-02,0.5273
2021-11-01,0.5437
2021-10-29,0.6084
2021-10-28,0.6309
2021-10-27,0.6272
2021-10-26,0.6538
2021-10-25,0.6739
2021-10-22,0.6886
2021-10-21,0.7112
2021-10-20,0.7389
2021-10-19,0.7284
2021-10-18,0.7255
2021-10-15,0.7089
2021-10-14,0.6574
2021-10-13,0.6007
2021-10-12,0.4915
2021-10-11,0.3814
2021-10-08,0.2927
2021-09-30,0.1647
2021-09-29,0.0151
2021-09-28,-0.0711
2021-09-27,-0.1206
2021-09-24,-0.2297
2021-09-23,-0.2606
2021-09-22,-0.2693
2021-09-17,-0.3210
2021-09-16,-0.3996
2021-09-15,-0.4550
2021-09-14,-0.5295
2021-09-13,-0.5986
2021-09-10,-0.6224
2021-09-09,-0.6756
2021-09-08,-0.7186
2021-09-07,-0.7507
2021-09-06,-0.7708
2021-09-03,-0.7829
2021-09-02,-0.7729
2021-09-01,-0.7614
2021-08-31,-0.7117
2021-08-30,-0.6488
2021-08-27,-0.6120
2021-08-26,-0.5989
2021-08-25,-0.5745
2021-08-24,-0.6295
2021-08-23,-0.6882
2021-08-20,-0.7131
2021-08-19,-0.7020
2021-08-18,-0.7052
2021-08-17,-0.6606
2021-08-16,-0.6054
2021-08-13,-0.6092
2021-08-12,-0.5550
2021-08-11,-0.4700
2021-08-10,-0.3324
2021-08-09,-0.1887
2021-08-06,-0.0660
2021-08-05,-0.0200
2021-08-04,-0.0104
2021-08-03,-0.1516
2021-08-02,-0.3297
2021-07-30,-0.4291
2021-07-29,-0.4537
2021-07-28,-0.4024
2021-07-27,-0.2298
2021-07-26,-0.1208
2021-07-23,-0.0822
2021-07-22,-0.0836
2021-07-21,-0.0426
2021-07-20,0.0204
2021-07-19,0.0783
2021-07-16,0.2445
2021-07-15,0.3043
2021-07-14,0.3615
2021-07-13,0.3150
2021-07-12,0.2140
2021-07-09,0.1320
2021-07-08,0.1462
2021-07-07,0.1190
2021-07-06,0.1266
2021-07-05,0.2432
2021-07-02,0.3180
2021-07-01,0.3070
2021-06-30,0.2467
2021-06-29,0.1753
2021-06-28,0.1607
2021-06-25,0.1454
2021-06-24,0.1229
2021-06-23,0.0882
2021-06-22,0.0438
2021-06-21,0.0242
2021-06-18,0.0061
2021-06-17,0.1027
2021-06-16,0.1745
2021-06-15,0.2933
2021-06-11,0.4052
2021-06-10,0.4641
2021-06-09,0.3841
2021-06-08,0.2632
2021-06-07,0.1908
2021-06-04,0.0368
2021-06-03,-0.1211
2021-06-02,-0.1479
2021-06-01,-0.1261
2021-05-31,-0.1111
2021-05-28,-0.0759
2021-05-27,-0.0228
2021-05-26,0.0304
2021-05-25,0.1201
2021-05-24,0.1345
2021-05-21,0.1675
2021-05-20,0.1913
2021-05-19,0.1954
2021-05-18,0.1633
2021-05-17,0.1383
2021-05-14,0.1050
2021-05-13,0.0854
2021-05-12,0.0884
2021-05-11,0.1628
2021-05-10,0.2559
2021-05-07,0.3493
2021-05-06,0.4517
2021-04-30,0.5173
2021-04-29,0.5511
2021-04-28,0.5839
2021-04-27,0.6149
2021-04-26,0.6408
2021-04-23,0.6635
2021-04-22,0.6474
2021-04-21,0.6395
2021-04-20,0.6476
2021-04-19,0.6468
2021-04-16,0.6026
2021-04-15,0.5789
2021-04-14,0.5530
2021-04-13,0.5130
2021-04-12,0.4714
2021-04-09,0.4495
2021-04-08,0.4122
2021-04-07,0.3177
2021-04-06,0.2093
2021-04-02,0.0917
2021-04-01,0.0194
2021-03-31,-0.0533
2021-03-30,-0.1105
2021-03-29,-0.1739
2021-03-26,-0.2336
2021-03-25,-0.3279
2021-03-24,-0.4174
2021-03-23,-0.5026
2021-03-22,-0.5827
2021-03-19,-0.6515
2021-03-18,-0.6878
2021-03-17,-0.7123
2021-03-16,-0.7161
2021-03-15,-0.7231
2021-03-12,-0.7218
2021-03-11,-0.7225
2021-03-10,-0.7331
2021-03-09,-0.7373
2021-03-08,-0.7239
2021-03-05,-0.7306
2021-03-04,-0.7596
2021-03-03,-0.7762
2021-03-02,-0.7843
2021-03-01,-0.7651
2021-02-26,-0.7453
2021-02-25,-0.6708
2021-02-24,-0.5902
2021-02-23,-0.4554
2021-02-22,-0.4152
2021-02-19,-0.3629
2021-02-18,-0.3503
2021-02-10,-0.3588
2021-02-09,-0.4091
2021-02-08,-0.3896
2021-02-05,-0.3667
2021-02-04,-0.2968
2021-02-03,-0.1975
2021-02-02,-0.0749
2021-02-01,0.0495
2021-01-29,0.1841
2021-01-28,0.2631
2021-01-27,0.2949
2021-01-26,0.2670
2021-01-25,0.2120
2021-01-22,0.1848
2021-01-21,0.1539
2021-01-20,0.1618
2021-01-19,0.1949
2021-01-18,0.2718
2021-01-15,0.3122
2021-01-14,0.3617
2021-01-13,0.4223
2021-01-12,0.4689
2021-01-11,0.5080
2021-01-08,0.5413
2021-01-07,0.5730
2021-01-06,0.5866
2021-01-05,0.6031
2021-01-04,0.6059
2020-12-31,0.6232
2020-12-30,0.6479
2020-12-29,0.6712
2020-12-28,0.6931
2020-12-25,0.7096
2020-12-24,0.6854
2020-12-23,0.6656
2020-12-22,0.6698
2020-12-21,0.6546
2020-12-18,0.6005
2020-12-17,0.5258
2020-12-16,0.4579
2020-12-15,0.3647
2020-12-14,0.2474
2020-12-11,0.1415
2020-12-10,0.0578
2020-12-09,-0.0994
2020-12-08,-0.2706
2020-12-07,-0.4071
2020-12-04,-0.5205
2020-12-03,-0.6184
2020-12-02,-0.6649
2020-12-01,-0.6896
2020-11-30,-0.6627
2020-11-27,-0.6038
2020-11-26,-0.4838
2020-11-25,-0.4235
2020-11-24,-0.4075
2020-11-23,-0.4240
2020-11-20,-0.3988
2020-11-19,-0.4173
2020-11-18,-0.4272
2020-11-17,-0.4401
2020-11-16,-0.4306
2020-11-13,-0.4557
2020-11-12,-0.4934
2020-11-11,-0.4023
2020-11-10,-0.2513
2020-11-09,-0.0844
2020-11-06,0.0449
2020-11-05,0.1922
2020-11-04,0.2696
2020-11-03,0.3652
2020-11-02,0.4027
2020-10-30,0.4020
2020-10-29,0.3177
2020-10-28,0.2939
2020-10-27,0.1993
2020-10-26,0.1744
2020-10-23,0.1821
2020-10-22,0.3227
2020-10-21,0.4241
2020-10-20,0.5594
2020-10-19,0.6233
2020-10-16,0.6215
2020-10-15,0.5148
2020-10-14,0.3292
2020-10-13,0.1407
2020-10-12,-0.0630
2020-10-09,-0.1787
2020-09-30,-0.2570
2020-09-29,-0.2549
2020-09-28,-0.2922
2020-09-25,-0.2883
2020-09-24,-0.2615
2020-09-23,-0.1922
2020-09-22,-0.1345
2020-09-21,-0.0370
2020-09-18,0.0533
2020-09-17,0.0594
2020-09-16,0.0124
2020-09-15,-0.0656
2020-09-14,-0.1348
2020-09-11,-0.1788
2020-09-10,-0.1708
2020-09-09,-0.1510
2020-09-08,-0.1241
2020-09-07,-0.0928
2020-09-04,-0.1312
2020-09-03,-0.1740
2020-09-02,-0.2056
2020-09-01,-0.2587
2020-08-31,-0.3021
2020-08-28,-0.3093
2020-08-27,-0.3302
2020-08-26,-0.4011
2020-08-25,-0.4370
2020-08-24,-0.4623
2020-08-21,-0.4756
2020-08-20,-0.4998
2020-08-19,-0.4783
2020-08-18,-0.4957
2020-08-17,-0.5176
2020-08-14,-0.5623
2020-08-13,-0.5412
2020-08-12,-0.4586
2020-08-11,-0.2635
2020-08-10,-0.1222
2020-08-07,0.1022
2020-08-06,0.2470
2020-08-05,0.2819
2020-08-04,0.1847
2020-08-03,0.0578
2020-07-31,-0.1312
2020-07-30,-0.2841
2020-07-29,-0.3479
2020-07-28,-0.3449
2020-07-27,-0.2957
2020-07-24,-0.2692
2020-07-23,-0.1784
2020-07-22,-0.1687
2020-07-21,-0.0733
2020-07-20,0.0244
2020-07-17,0.1607
2020-07-16,0.2286
2020-07-15,0.2951
2020-07-14,0.2265
2020-07-13,0.1451
2020-07-10,-0.0144
2020-07-09,-0.0650
2020-07-08,-0.0259
2020-07-07,0.0896
2020-07-06,0.2757
2020-07-03,0.5193
2020-07-02,0.6504
2020-07-01,0.7084
2020-06-30,0.7126
2020-06-29,0.6430
2020-06-24,0.4977
2020-06-23,0.3698
2020-06-22,0.2207
2020-06-19,0.0762
2020-06-18,-0.0574
2020-06-17,-0.1451
2020-06-16,-0.2520
2020-06-15,-0.3266
2020-06-12,-0.3683
2020-06-11,-0.4023
2020-06-10,-0.4307
2020-06-09,-0.4365
2020-06-08,-0.3842
2020-06-05,-0.2927
2020-06-04,-0.2750
2020-06-03,-0.2375
2020-06-02,-0.1751
2020-06-01,-0.1213
2020-05-29,-0.1674
2020-05-28,-0.1045
2020-05-27,-0.0305
2020-05-26,0.0298
2020-05-25,0.0818
2020-05-22,0.1754
2020-05-21,0.2455
2020-05-20,0.3360
2020-05-19,0.4001
2020-05-18,0.3970
2020-05-15,0.3787
2020-05-14,0.3754
2020-05-13,0.3687
2020-05-12,0.3661
2020-05-11,0.4094
2020-05-08,0.4679
2020-05-07,0.5479
2020-05-06,0.5726
2020-04-30,0.5668
2020-04-29,0.5504
2020-04-28,0.5524
2020-04-27,0.4987
2020-04-24,0.4548
2020-04-23,0.4306
2020-04-22,0.4142
2020-04-21,0.3732
2020-04-20,0.3392
2020-04-17,0.2641
2020-04-16,0.2084
2020-04-15,0.1481
2020-04-14,0.0695
2020-04-13,0.0114
2020-04-10,-0.0315
2020-04-09,-0.0803
2020-04-08,-0.1572
2020-04-07,-0.2323
2020-04-03,-0.3370
2020-04-02,-0.3933
2020-04-01,-0.4555
2020-03-31,-0.4873
2020-03-30,-0.5449
2020-03-27,-0.5893
2020-03-26,-0.6268
2020-03-25,-0.6554
2020-03-24,-0.6995
2020-03-23,-0.7107
2020-03-20,-0.7204
2020-03-19,-0.7182
2020-03-18,-0.7285
2020-03-17,-0.7230
2020-03-16,-0.6893
2020-03-13,-0.6680
2020-03-12,-0.6537
2020-03-11,-0.6284
2020-03-10,-0.5844
2020-03-09,-0.5219
2020-03-06,-0.4209
2020-03-05,-0.3159
2020-03-04,-0.1878
2020-03-03,-0.0677
2020-03-02,0.0992
2020-02-28,0.2419
2020-02-27,0.3463
2020-02-26,0.4185
2020-02-25,0.4935
2020-02-24,0.4935
2020-02-21,0.4985
2020-02-20,0.5174
2020-02-19,0.5673
2020-02-18,0.6079
2020-02-17,0.6420
2020-02-14,0.6795
2020-02-13,0.7297
2020-02-12,0.7591
2020-02-11,0.7800
2020-02-10,0.8007
2020-02-07,0.7940
2020-02-06,0.7705
2020-02-05,0.7695
2020-02-04,0.7706
2020-02-03,0.7683
2020-01-23,0.7643
2020-01-22,0.7589
2020-01-21,0.7035
2020-01-20,0.5951
2020-01-17,0.5231
2020-01-16,0.4457
2020-01-15,0.3731
2020-01-14,0.2440
2020-01-13,0.1864
2020-01-10,0.0532
2020-01-09,-0.0591
2020-01-08,-0.1166
2020-01-07,-0.0802
2020-01-06,-0.0780
2020-01-03,-0.0316
2020-01-02,0.0096
2019-12-31,0.0133
2019-12-30,-0.0160
2019-12-27,-0.0209
2019-12-26,-0.1035
2019-12-25,-0.2024
2019-12-24,-0.3060
2019-12-23,-0.3808
2019-12-20,-0.4197
2019-12-19,-0.4065
2019-12-18,-0.3806
2019-12-17,-0.3471
2019-12-16,-0.2571
2019-12-13,-0.2421
2019-12-12,-0.1715
2019-12-11,-0.1054
2019-12-10,-0.0798
2019-12-09,-0.1414
2019-12-06,-0.1694
2019-12-05,-0.2141
2019-12-04,-0.2322
2019-12-03,-0.2247
2019-12-02,-0.2011
2019-11-29,-0.2227
2019-11-28,-0.1282
2019-11-27,0.0287
2019-11-26,0.1818
2019-11-25,0.3250
2019-11-22,0.4902
2019-11-21,0.5080
2019-11-20,0.4678
2019-11-19,0.4302
2019-11-18,0.3705
2019-11-15,0.3211
2019-11-14,0.2802
2019-11-13,0.1862
2019-11-12,0.1261
2019-11-11,0.0989
2019-11-08,0.0424
2019-11-07,-0.0396
2019-11-06,-0.0472
2019-11-05,-0.1324
2019-11-04,-0.2414
2019-11-01,-0.3051
2019-10-31,-0.3612
2019-10-30,-0.4740
2019-10-29,-0.5183
2019-10-28,-0.5224
2019-10-25,-0.5481
2019-10-24,-0.5292
2019-10-23,-0.5008
2019-10-22,-0.5320
2019-10-21,-0.5850
2019-10-18,-0.6078
2019-10-17,-0.6524
2019-10-16,-0.6656
2019-10-15,-0.6828
2019-10-14,-0.6804
2019-10-11,-0.6500
2019-10-10,-0.5994
2019-10-09,-0.5796
2019-10-08,-0.4659
2019-09-30,-0.3199
2019-09-27,-0.2376
2019-09-26,-0.1636
2019-09-25,-0.0690
2019-09-24,-0.0565
2019-09-23,-0.0892
2019-09-20,-0.0835
2019-09-19,-0.0764
2019-09-18,-0.0582
2019-09-17,0.0394
2019-09-16,0.1506
2019-09-12,0.2352
2019-09-11,0.3127
2019-09-10,0.3704
2019-09-09,0.4041
2019-09-06,0.4235
2019-09-05,0.4342
2019-09-04,0.4528
2019-09-03,0.4705
2019-09-02,0.4780
2019-08-30,0.4811
2019-08-29,0.5188
2019-08-28,0.5494
2019-08-27,0.5810
2019-08-26,0.6126
2019-08-23,0.6622
2019-08-22,0.6891
2019-08-21,0.6943
2019-08-20,0.6739
2019-08-19,0.6196
2019-08-16,0.5460
2019-08-15,0.4563
2019-08-14,0.3891
2019-08-13,0.3309
2019-08-12,0.2900
2019-08-09,0.2532
2019-08-08,0.2329
2019-08-07,0.2165
2019-08-06,0.1755
2019-08-05,0.0882
2019-08-02,0.0098
2019-08-01,-0.0301
2019-07-31,-0.0942
2019-07-30,-0.1018
2019-07-29,-0.0618
2019-07-26,-0.0441
2019-07-25,-0.0684
2019-07-24,-0.0387
2019-07-23,-0.0084
2019-07-22,0.0443
2019-07-19,0.1347
2019-07-18,0.2124
2019-07-17,0.2724
2019-07-16,0.3161
2019-07-15,0.3435
2019-07-12,0.3622
2019-07-11,0.4291
2019-07-10,0.4495
2019-07-09,0.4950
2019-07-08,0.5591
2019-07-05,0.6085
2019-07-04,0.6052
2019-07-03,0.6290
2019-07-02,0.6200
2019-07-01,0.5708
2019-06-28,0.5515
2019-06-27,0.5464
2019-06-26,0.4731
2019-06-25,0.4084
2019-06-24,0.3465
2019-06-21,0.2436
2019-06-20,0.1513
2019-06-19,0.1298
2019-06-18,0.1211
2019-06-17,0.1222
2019-06-14,0.0899
2019-06-13,0.0672
2019-06-12,0.0680
2019-06-11,0.0678
2019-06-10,0.0888
2019-06-06,0.1242
2019-06-05,0.1303
2019-06-04,0.0909
2019-06-03,0.0274
2019-05-31,-0.0604
2019-05-30,-0.1252
2019-05-29,-0.1591
2019-05-28,-0.1440
2019-05-27,-0.1233
2019-05-24,-0.1146
2019-05-23,-0.0733
2019-05-22,-0.0241
2019-05-21,-0.0168
2019-05-20,-0.0203
2019-05-17,-0.0336
2019-05-16,-0.0537
2019-05-15,-0.1092
2019-05-14,-0.1759
2019-05-13,-0.2523
2019-05-10,-0.3198
2019-05-09,-0.3931
2019-05-08,-0.4332
2019-05-07,-0.4338
2019-05-06,-0.4053
2019-04-30,-0.3476
2019-04-29,-0.3162
2019-04-26,-0.3058
2019-04-25,-0.3295
2019-04-24,-0.3649
2019-04-23,-0.4323
2019-04-22,-0.4941
2019-04-19,-0.5543
2019-04-18,-0.5907
2019-04-17,-0.6134
2019-04-16,-0.6036
2019-04-15,-0.6086
2019-04-12,-0.6021
2019-04-11,-0.5566
2019-04-10,-0.5020
2019-04-09,-0.4472
2019-04-08,-0.3326
2019-04-04,-0.2325
2019-04-03,-0.2026
2019-04-02,-0.1675
2019-04-01,-0.1791
2019-03-29,-0.2109
2019-03-28,-0.2530
2019-03-27,-0.2296
2019-03-26,-0.2146
2019-03-25,-0.1491
2019-03-22,-0.0947
2019-03-21,-0.0068
2019-03-20,0.0503
2019-03-19,0.1237
2019-03-18,0.2195
2019-03-15,0.3230
2019-03-14,0.4219
2019-03-13,0.5178
2019-03-12,0.5896
2019-03-11,0.6291
2019-03-08,0.6432
2019-03-07,0.6313
2019-03-06,0.6226
2019-03-05,0.6045
2019-03-04,0.5979
2019-03-01,0.6046
2019-02-28,0.6420
2019-02-27,0.6643
2019-02-26,0.6814
2019-02-25,0.6947
2019-02-22,0.7302
2019-02-21,0.7265
2019-02-20,0.7246
2019-02-19,0.7311
2019-02-18,0.7012
2019-02-15,0.6426
2019-02-14,0.5766
2019-02-13,0.4628
2019-02-12,0.3185
2019-02-11,0.2186
2019-02-01,0.1664
2019-01-31,0.1319
2019-01-30,0.1156
2019-01-29,0.1235
2019-01-28,0.1301
2019-01-25,0.1009
2019-01-24,0.0885
2019-01-23,0.0748
2019-01-22,0.0825
2019-01-21,0.0446
2019-01-18,-0.0518
2019-01-17,-0.1359
2019-01-16,-0.2005
2019-01-15,-0.2786
2019-01-14,-0.3435
2019-01-11,-0.3592
2019-01-10,-0.4388
2019-01-09,-0.5075
2019-01-08,-0.5495
2019-01-07,-0.5572
2019-01-04,-0.5452
2019-01-03,-0.4864
2019-01-02,-0.3838
2018-12-28,-0.2959
2018-12-27,-0.2606
2018-12-26,-0.2476
2018-12-25,-0.2462
2018-12-24,-0.2637
2018-12-21,-0.2980
2018-12-20,-0.2994
2018-12-19,-0.2697
2018-12-18,-0.2150
2018-12-17,-0.1668
2018-12-14,-0.1165
2018-12-13,-0.0316
2018-12-12,0.0528
2018-12-11,0.1384
2018-12-10,0.2052
2018-12-07,0.2659
2018-12-06,0.2641
2018-12-05,0.2738
2018-12-04,0.3041
2018-12-03,0.3471
2018-11-30,0.3937
2018-11-29,0.4828
2018-11-28,0.5410
2018-11-27,0.5448
2018-11-26,0.5311
2018-11-23,0.5297
2018-11-22,0.5420
2018-11-21,0.5611
2018-11-20,0.5926
2018-11-19,0.6292
2018-11-16,0.6497
2018-11-15,0.6404
2018-11-14,0.6056
2018-11-13,0.5683
2018-11-12,0.5088
2018-11-09,0.4664
2018-11-08,0.3986
2018-11-07,0.2984
2018-11-06,0.1597
2018-11-05,0.0409
2018-11-02,-0.0821
2018-11-01,-0.2038
2018-10-31,-0.2561
2018-10-30,-0.2285
2018-10-29,-0.1658
2018-10-26,-0.1124
2018-10-25,-0.1016
2018-10-24,-0.1232
2018-10-23,-0.1870
2018-10-22,-0.2429
2018-10-19,-0.3085
2018-10-18,-0.3377
2018-10-17,-0.3513
2018-10-16,-0.3236
2018-10-15,-0.2993
2018-10-12,-0.2493
2018-10-11,-0.1818
2018-10-10,-0.1307
2018-10-09,-0.0991
2018-10-08,-0.1131
2018-09-28,-0.1192
2018-09-27,-0.1195
2018-09-26,-0.0834
2018-09-25,-0.0856
2018-09-21,-0.0600
2018-09-20,-0.0504
2018-09-19,-0.0473
2018-09-18,-0.0558
2018-09-17,-0.0439
2018-09-14,-0.0829
2018-09-13,-0.0744
2018-09-12,-0.0293
2018-09-11,0.0440
2018-09-10,0.0992
2018-09-07,0.1748
2018-09-06,0.1721
2018-09-05,0.1462
2018-09-04,0.0835
2018-09-03,0.0530
2018-08-31,0.0255
2018-08-30,-0.0296
2018-08-29,-0.0867
2018-08-28,-0.1785
2018-08-27,-0.2696
2018-08-24,-0.3710
2018-08-23,-0.4254
2018-08-22,-0.4690
2018-08-21,-0.4876
2018-08-20,-0.5223
2018-08-17,-0.5223
2018-08-16,-0.5236
2018-08-15,-0.5358
2018-08-14,-0.5586
2018-08-13,-0.5666
2018-08-10,-0.5823
2018-08-09,-0.5636
2018-08-08,-0.5099
2018-08-07,-0.4520
2018-08-06,-0.4288
2018-08-03,-0.4119
2018-08-02,-0.3662
2018-08-01,-0.3123
2018-07-31,-0.2178
2018-07-30,-0.1115
2018-07-27,0.0363
2018-07-26,0.1782
2018-07-25,0.3083
2018-07-24,0.3981
2018-07-23,0.5294
2018-07-20,0.6208
2018-07-19,0.6422
2018-07-18,0.6046
2018-07-17,0.5384
2018-07-16,0.4367
2018-07-13,0.3124
2018-07-12,0.2234
2018-07-11,0.1435
2018-07-10,0.1346
2018-07-09,0.2034
2018-07-06,0.2984
2018-07-05,0.3388
2018-07-04,0.3514
2018-07-03,0.3206
2018-07-02,0.2098
2018-06-29,0.0370
2018-06-28,-0.1300
2018-06-27,-0.2725
2018-06-26,-0.3700
2018-06-25,-0.4542
2018-06-22,-0.4820
2018-06-21,-0.4690
2018-06-20,-0.4406
2018-06-19,-0.4102
2018-06-15,-0.3629
2018-06-14,-0.3011
2018-06-13,-0.2755
2018-06-12,-0.2248
2018-06-11,-0.2195
2018-06-08,-0.2751
2018-06-07,-0.3276
2018-06-06,-0.3382
2018-06-05,-0.3549
2018-06-04,-0.3622
2018-06-01,-0.3069
2018-05-31,-0.2986
2018-05-30,-0.2580
2018-05-29,-0.2169
2018-05-28,-0.2009
2018-05-25,-0.2320
2018-05-24,-0.2456
2018-05-23,-0.2891
2018-05-22,-0.3631
2018-05-21,-0.3991
2018-05-18,-0.4254
2018-05-17,-0.4356
2018-05-16,-0.4534
2018-05-15,-0.4829
2018-05-14,-0.5227
2018-05-11,-0.5533
2018-05-10,-0.5973
2018-05-09,-0.6449
2018-05-08,-0.6460
2018-05-07,-0.6663
2018-05-04,-0.6781
2018-05-03,-0.6437
2018-05-02,-0.5747
2018-04-27,-0.5422
2018-04-26,-0.4697
2018-04-25,-0.4037
2018-04-24,-0.3582
2018-04-23,-0.3327
2018-04-20,-0.2648
2018-04-19,-0.2324
2018-04-18,-0.2007
2018-04-17,-0.1864
2018-04-16,-0.1616
2018-04-13,-0.1034
2018-04-12,-0.0344
2018-04-11,0.0568
2018-04-10,0.1410
2018-04-09,0.2188
2018-04-04,0.2182
2018-04-03,0.2628
2018-04-02,0.2999
2018-03-30,0.3485
2018-03-29,0.3677
2018-03-28,0.4172
2018-03-27,0.4265
2018-03-26,0.4301
2018-03-23,0.4219
2018-03-22,0.4340
2018-03-21,0.4682
2018-03-20,0.5210
2018-03-19,0.5890
2018-03-16,0.6727
2018-03-15,0.7359
2018-03-14,0.7600
2018-03-13,0.7605
2018-03-12,0.7378
2018-03-09,0.7276
2018-03-08,0.7126
2018-03-07,0.7070
2018-03-06,0.6857
2018-03-05,0.6749
2018-03-02,0.6150
2018-03-01,0.5624
2018-02-28,0.5205
2018-02-27,0.4887
2018-02-26,0.4543
2018-02-23,0.4546
2018-02-22,0.3979
2018-02-14,0.2737
2018-02-13,0.1380
2018-02-12,-0.0413
2018-02-09,-0.2363
2018-02-08,-0.3572
2018-02-07,-0.4263
2018-02-06,-0.4697
2018-02-05,-0.4218
2018-02-02,-0.4118
2018-02-01,-0.3929
2018-01-31,-0.3538
2018-01-30,-0.3223
2018-01-29,-0.3795
2018-01-26,-0.3928
2018-01-25,-0.4465
2018-01-24,-0.5203
2018-01-23,-0.5794
2018-01-22,-0.6063
2018-01-19,-0.6290
2018-01-18,-0.5930
2018-01-17,-0.5473
2018-01-16,-0.5324
2018-01-15,-0.4841
2018-01-12,-0.4273
2018-01-11,-0.3742
2018-01-10,-0.2987
2018-01-09,-0.1869
2018-01-08,-0.1702
2018-01-05,-0.1328
2018-01-04,-0.0942
2018-01-03,-0.0889
2018-01-02,-0.1236
2017-12-29,-0.0464
2017-12-28,0.0047
2017-12-27,0.0116
2017-12-26,-0.0001
2017-12-25,0.0067
2017-12-22,-0.0322
2017-12-21,-0.0257
2017-12-20,-0.0569
2017-12-19,-0.0417
2017-12-18,-0.0500
2017-12-15,-0.0871
2017-12-14,-0.1904
2017-12-13,-0.2475
2017-12-12,-0.3390
2017-12-11,-0.4100
2017-12-08,-0.4412
2017-12-07,-0.4445
2017-12-06,-0.4648
2017-12-05,-0.4732
2017-12-04,-0.4599
2017-12-01,-0.4612
2017-11-30,-0.4766
2017-11-29,-0.4745
2017-11-28,-0.4587
2017-11-27,-0.4367
2017-11-24,-0.4088
2017-11-23,-0.4058
2017-11-22,-0.3383
2017-11-21,-0.3135
2017-11-20,-0.2787
2017-11-17,-0.2142
2017-11-16,-0.1458
2017-11-15,-0.1531
2017-11-14,-0.1315
2017-11-13,-0.1605
2017-11-10,-0.1866
2017-11-09,-0.2044
2017-11-08,-0.2131
2017-11-07,-0.2054
2017-11-06,-0.1586
2017-11-03,-0.1854
2017-11-02,-0.1770
2017-11-01,-0.1620
2017-10-31,-0.1804
2017-10-30,-0.2289
2017-10-27,-0.2262
2017-10-26,-0.2365
2017-10-25,-0.2329
2017-10-24,-0.2185
2017-10-23,-0.1796
2017-10-20,-0.1817
2017-10-19,-0.1485
2017-10-18,-0.1477
2017-10-17,-0.1358
2017-10-16,-0.1123
2017-10-13,-0.0652
2017-10-12,-0.0334
2017-10-11,0.0118
2017-10-10,0.0685
2017-10-09,0.0791
2017-09-29,0.0988
2017-09-28,0.1104
2017-09-27,0.1114
2017-09-26,0.1092
2017-09-25,0.1369
2017-09-22,0.1647
2017-09-21,0.1643
2017-09-20,0.1558
2017-09-19,0.1354
2017-09-18,0.1261
2017-09-15,0.1354
2017-09-14,0.1832
2017-09-13,0.2731
2017-09-12,0.3718
2017-09-11,0.4563
2017-09-08,0.5271
2017-09-07,0.5595
2017-09-06,0.5576
2017-09-05,0.5327
2017-09-04,0.5050
2017-09-01,0.4778
2017-08-31,0.4438
2017-08-30,0.4314
2017-08-29,0.4740
2017-08-28,0.5080
2017-08-25,0.5394
2017-08-24,0.5909
2017-08-23,0.6470
2017-08-22,0.6734
2017-08-21,0.6922
2017-08-18,0.6985
2017-08-17,0.6361
2017-08-16,0.5015
2017-08-15,0.3154
2017-08-14,0.1492
2017-08-11,-0.0558
2017-08-10,-0.2172
2017-08-09,-0.3101
2017-08-08,-0.3648
2017-08-07,-0.4275
2017-08-04,-0.4392
2017-08-03,-0.3992
2017-08-02,-0.3535
2017-08-01,-0.3609
2017-07-31,-0.3851
2017-07-28,-0.4169
2017-07-27,-0.4855
2017-07-26,-0.5759
2017-07-25,-0.6305
2017-07-24,-0.6783
2017-07-21,-0.7197
2017-07-20,-0.7211
2017-07-19,-0.6939
2017-07-18,-0.5656
2017-07-17,-0.4280
2017-07-14,-0.2477
2017-07-13,-0.0934
2017-07-12,0.0333
2017-07-11,0.0738
2017-07-10,0.1194
2017-07-07,0.1124
2017-07-06,0.1330
2017-07-05,0.1662
2017-07-04,0.1846
2017-07-03,0.2053
2017-06-30,0.2199
2017-06-29,0.1897
2017-06-28,0.1661
2017-06-27,0.1594
2017-06-26,0.1498
2017-06-23,0.1449
2017-06-22,0.1576
2017-06-21,0.1542
2017-06-20,0.1317
2017-06-19,0.1058
2017-06-16,0.0592
2017-06-15,0.0215
2017-06-14,0.0047
2017-06-13,0.0194
2017-06-12,0.0331
2017-06-09,0.0664
2017-06-08,0.0441
2017-06-07,0.0002
2017-06-06,-0.0477
2017-06-05,-0.0855
2017-06-02,-0.0938
2017-06-01,-0.0370
2017-05-31,0.0022
2017-05-26,0.0849
2017-05-25,0.1527
2017-05-24,0.2113
2017-05-23,0.2609
2017-05-22,0.3127
2017-05-19,0.2915
2017-05-18,0.2740
2017-05-17,0.2542
2017-05-16,0.2283
2017-05-15,0.2004
2017-05-12,0.1604
2017-05-11,0.1210
2017-05-10,0.0599
2017-05-09,0.0001
2017-05-08,-0.0440
2017-05-05,-0.0726
2017-05-04,-0.1310
2017-05-03,-0.1860
2017-05-02,-0.2679
2017-04-28,-0.3456
2017-04-27,-0.4219
2017-04-26,-0.4518
2017-04-25,-0.4814
2017-04-24,-0.5171
2017-04-21,-0.5507
2017-04-20,-0.5521
2017-04-19,-0.5766
2017-04-18,-0.6046
2017-04-17,-0.5995
2017-04-14,-0.5909
2017-04-13,-0.5591
2017-04-12,-0.5310
2017-04-11,-0.4556
2017-04-10,-0.3553
2017-04-07,-0.2422
2017-04-06,-0.1310
2017-04-05,0.0203
2017-03-31,0.1319
2017-03-30,0.2323
2017-03-29,0.3406
2017-03-28,0.4362
2017-03-27,0.4967
2017-03-24,0.5802
2017-03-23,0.6294
2017-03-22,0.6686
2017-03-21,0.6846
2017-03-20,0.7090
2017-03-17,0.7185
2017-03-16,0.7390
2017-03-15,0.7199
2017-03-14,0.6950
2017-03-13,0.6964
2017-03-10,0.6804
2017-03-09,0.6486
2017-03-08,0.6456
2017-03-07,0.6590
2017-03-06,0.6558
2017-03-03,0.6476
2017-03-02,0.6426
2017-03-01,0.6319
2017-02-28,0.5853
2017-02-27,0.5011
2017-02-24,0.4348
2017-02-23,0.3377
2017-02-22,0.1838
2017-02-21,0.0760
2017-02-20,0.0184
2017-02-17,-0.0235
2017-02-16,-0.0323
2017-02-15,0.0470
2017-02-14,0.0863
2017-02-13,0.0976
2017-02-10,0.0732
2017-02-09,0.0541
2017-02-08,-0.0176
2017-02-07,-0.0890
2017-02-06,-0.1679
2017-02-03,-0.1865
2017-01-26,-0.1913
2017-01-25,-0.2307
2017-01-24,-0.2774
2017-01-23,-0.2428
2017-01-20,-0.3078
2017-01-19,-0.2744
2017-01-18,-0.1246
2017-01-17,0.0245
2017-01-16,0.0890
2017-01-13,0.1560
2017-01-12,0.0865
2017-01-11,-0.0196
2017-01-10,-0.0767
2017-01-09,-0.1354
2017-01-06,-0.0594
2017-01-05,0.0215
2017-01-04,0.0319
2017-01-03,0.0838
2016-12-30,0.1577
2016-12-29,0.1078
2016-12-28,0.0726
2016-12-27,0.0610
2016-12-26,-0.0145
2016-12-23,-0.1199
2016-12-22,-0.1756
2016-12-21,-0.2393
2016-12-20,-0.3375
2016-12-19,-0.4164
2016-12-16,-0.4443
2016-12-15,-0.4280
2016-12-14,-0.3874
2016-12-13,-0.3039
2016-12-12,-0.2451
2016-12-09,-0.2078
2016-12-08,-0.2784
2016-12-07,-0.3518
2016-12-06,-0.3988
2016-12-05,-0.4829
2016-12-02,-0.5770
2016-12-01,-0.5906
2016-11-30,-0.6067
2016-11-29,-0.5903
2016-11-28,-0.4995
2016-11-25,-0.4216
2016-11-24,-0.3346
2016-11-23,-0.2808
2016-11-22,-0.2221
2016-11-21,-0.2223
2016-11-18,-0.2285
2016-11-17,-0.2767
2016-11-16,-0.3235
2016-11-15,-0.4084
2016-11-14,-0.4544
2016-11-11,-0.4846
2016-11-10,-0.4456
2016-11-09,-0.3628
2016-11-08,-0.2723
2016-11-07,-0.2004
2016-11-04,-0.1199
2016-11-03,-0.1107
2016-11-02,-0.1164
2016-11-01,-0.1764
2016-10-31,-0.2228
2016-10-28,-0.2585
2016-10-27,-0.2694
2016-10-26,-0.2270
2016-10-25,-0.1497
2016-10-24,-0.0803
2016-10-21,-0.0169
2016-10-20,0.0499
2016-10-19,0.0688
2016-10-18,0.1097
2016-10-17,0.1545
2016-10-14,0.1902
2016-10-13,0.1831
2016-10-12,0.1568
2016-10-11,0.1129
2016-10-10,0.0672
2016-09-30,0.0331
2016-09-29,0.0499
2016-09-28,0.1044
2016-09-27,0.1795
2016-09-26,0.2327
2016-09-23,0.2898
2016-09-22,0.3096
2016-09-21,0.3087
2016-09-20,0.2943
2016-09-19,0.3383
2016-09-14,0.3542
2016-09-13,0.3748
2016-09-12,0.3952
2016-09-09,0.3987
2016-09-08,0.3580
2016-09-07,0.3238
2016-09-06,0.3203
2016-09-05,0.3167
2016-09-02,0.3168
2016-09-01,0.3157
2016-08-31,0.3094
2016-08-30,0.2397
2016-08-29,0.0929
2016-08-26,-0.0660
2016-08-25,-0.2162
2016-08-24,-0.3559
2016-08-23,-0.4528
2016-08-22,-0.4792
2016-08-19,-0.4844
2016-08-18,-0.5138
2016-08-17,-0.5468
2016-08-16,-0.5683
2016-08-15,-0.5598
2016-08-12,-0.5796
2016-08-11,-0.5933
2016-08-10,-0.5789
2016-08-09,-0.5882
2016-08-08,-0.6334
2016-08-05,-0.6687
2016-08-04,-0.6847
2016-08-03,-0.7272
2016-08-02,-0.7412
2016-08-01,-0.7087
2016-07-29,-0.6410
2016-07-28,-0.5149
2016-07-27,-0.3885
2016-07-26,-0.2645
2016-07-25,-0.1439
2016-07-22,-0.1095
2016-07-21,-0.0953
2016-07-20,-0.0383
2016-07-19,-0.0158
2016-07-18,-0.0048
2016-07-15,0.0850
2016-07-14,0.1075
2016-07-13,0.0781
2016-07-12,0.0614
2016-07-11,0.0285
2016-07-08,0.0091
2016-07-07,0.0440
2016-07-06,0.1308
2016-07-05,0.2654
2016-07-04,0.4037
2016-07-01,0.4855
2016-06-30,0.5141
2016-06-29,0.5015
2016-06-28,0.4469
2016-06-27,0.3672
2016-06-24,0.3407
2016-06-23,0.3546
2016-06-22,0.3575
2016-06-21,0.3964
2016-06-20,0.4292
2016-06-17,0.4300
2016-06-16,0.4751
2016-06-15,0.4996
2016-06-14,0.4736
2016-06-13,0.4643
2016-06-08,0.4344
2016-06-07,0.3348
2016-06-06,0.2586
2016-06-03,0.1776
2016-06-02,0.0973
2016-06-01,0.0538
2016-05-31,0.0189
2016-05-30,0.0169
2016-05-27,0.0237
2016-05-26,0.0416
2016-05-25,0.0051
2016-05-24,-0.0671
2016-05-23,-0.1399
2016-05-20,-0.2271
2016-05-19,-0.3328
2016-05-18,-0.3834
2016-05-17,-0.3981
2016-05-16,-0.4173
2016-05-13,-0.3919
2016-05-12,-0.3517
2016-05-11,-0.3172
2016-05-10,-0.2660
2016-05-09,-0.2066
2016-05-06,-0.1986
2016-05-05,-0.1916
2016-05-04,-0.1763
2016-05-03,-0.1797
2016-04-29,-0.2184
2016-04-28,-0.2276
2016-04-27,-0.2539
2016-04-26,-0.2620
2016-04-25,-0.2385
2016-04-22,-0.1797
2016-04-21,-0.0782
2016-04-20,0.0804
2016-04-19,0.1883
2016-04-18,0.2716
2016-04-15,0.3620
2016-04-14,0.4068
2016-04-13,0.4170
2016-04-12,0.4657
2016-04-11,0.5171
2016-04-08,0.5319
2016-04-07,0.5395
2016-04-06,0.5379
2016-04-05,0.4960
2016-04-01,0.4606
2016-03-31,0.4066
2016-03-30,0.3534
2016-03-29,0.3020
2016-03-28,0.2322
2016-03-25,0.1425
2016-03-24,0.0472
2016-03-23,-0.0441
2016-03-22,-0.1748
2016-03-21,-0.2585
2016-03-18,-0.3191
2016-03-17,-0.3598
2016-03-16,-0.3964
2016-03-15,-0.3891
2016-03-14,-0.3911
2016-03-11,-0.4012
2016-03-10,-0.3964
2016-03-09,-0.3428
2016-03-08,-0.2978
2016-03-07,-0.2455
2016-03-04,-0.2085
2016-03-03,-0.1412
2016-03-02,-0.0781
2016-03-01,-0.0140
2016-02-29,0.0745
2016-02-26,0.1814
2016-02-25,0.2902
2016-02-24,0.3687
2016-02-23,0.4835
2016-02-22,0.5605
2016-02-19,0.6371
2016-02-18,0.6648
2016-02-17,0.6779
2016-02-16,0.6325
2016-02-15,0.5705
2016-02-05,0.4418
2016-02-04,0.2873
2016-02-03,0.1072
2016-02-02,-0.0294
2016-02-01,-0.1493
2016-01-29,-0.2037
2016-01-28,-0.2241
2016-01-27,-0.2069
2016-01-26,-0.2184
2016-01-25,-0.2197
2016-01-22,-0.2487
2016-01-21,-0.3023
2016-01-20,-0.3816
2016-01-19,-0.4657
2016-01-18,-0.5368
2016-01-15,-0.6091
2016-01-14,-0.6595
2016-01-13,-0.6629
2016-01-12,-0.6498
2016-01-11,-0.6318
2016-01-08,-0.5310
2016-01-07,-0.3710
2016-01-06,-0.1914
2016-01-05,-0.1041
2016-01-04,-0.0750
2015-12-31,-0.1272
2015-12-30,-0.2370
2015-12-29,-0.4234
2015-12-28,-0.4754
2015-12-25,-0.4733
2015-12-24,-0.4586
2015-12-23,-0.4257
2015-12-22,-0.3195
2015-12-21,-0.3090
2015-12-18,-0.3713
2015-12-17,-0.3942
2015-12-16,-0.4504
2015-12-15,-0.5642
2015-12-14,-0.5870
2015-12-11,-0.5500
2015-12-10,-0.5540
2015-12-09,-0.5199
2015-12-08,-0.5175
2015-12-07,-0.4719
2015-12-04,-0.3844
2015-12-03,-0.2861
2015-12-02,-0.1627
2015-12-01,0.0310
2015-11-30,0.0832
2015-11-27,0.0742
2015-11-26,0.0931
2015-11-25,0.0761
2015-11-24,0.0228
2015-11-23,0.0515
2015-11-20,0.1402
2015-11-19,0.1640
2015-11-18,0.1959
2015-11-17,0.2394
2015-11-16,0.2348
2015-11-13,0.1792
2015-11-12,0.1467
2015-11-11,0.0714
2015-11-10,0.0210
2015-11-09,-0.0220
2015-11-06,-0.0444
2015-11-05,-0.0160
2015-11-04,0.0227
2015-11-03,0.0464
2015-11-02,0.1352
2015-10-30,0.2047
2015-10-29,0.2559
2015-10-28,0.3266
2015-10-27,0.3855
2015-10-26,0.4052
2015-10-23,0.4285
2015-10-22,0.4358
2015-10-21,0.4470
2015-10-20,0.4595
2015-10-19,0.4713
2015-10-16,0.4884
2015-10-15,0.5179
2015-10-14,0.5406
2015-10-13,0.5482
2015-10-12,0.5401
2015-10-09,0.5104
2015-10-08,0.4201
2015-09-30,0.3356
2015-09-29,0.2814
2015-09-28,0.2257
2015-09-25,0.1830
2015-09-24,0.1691
2015-09-23,0.1463
2015-09-22,0.1153
2015-09-21,0.0745
2015-09-18,0.0330
2015-09-17,0.0064
2015-09-16,-0.0259
2015-09-15,-0.0743
2015-09-14,-0.1072
2015-09-11,-0.1381
2015-09-10,-0.1848
2015-09-09,-0.2240
2015-09-08,-0.2336
2015-09-07,-0.2405
2015-09-02,-0.2314
2015-09-01,-0.1999
2015-08-31,-0.1706
2015-08-28,-0.1682
2015-08-27,-0.1546
2015-08-26,-0.1510
2015-08-25,-0.1544
2015-08-24,-0.1508
2015-08-21,-0.1518
2015-08-20,-0.1393
2015-08-19,-0.1190
2015-08-18,-0.0930
2015-08-17,-0.0534
2015-08-14,0.0334
2015-08-13,0.0928
2015-08-12,0.1159
2015-08-11,0.1141
2015-08-10,0.1247
2015-08-07,0.0821
2015-08-06,0.0375
2015-08-05,0.0557
2015-08-04,0.1195
2015-08-03,0.1811
2015-07-31,0.2541
2015-07-30,0.3007
2015-07-29,0.3074
2015-07-28,0.2837
2015-07-27,0.2070
2015-07-24,0.1404
2015-07-23,0.1155
2015-07-22,0.0700
2015-07-21,0.0321
2015-07-20,0.0142
2015-07-17,-0.0500
2015-07-16,-0.1183
2015-07-15,-0.1433
2015-07-14,-0.1339
2015-07-13,-0.1431
2015-07-10,-0.1343
2015-07-09,-0.1300
2015-07-08,-0.1863
2015-07-07,-0.2915
2015-07-06,-0.3818
2015-07-03,-0.4545
2015-07-02,-0.5036
2015-07-01,-0.5068
2015-06-30,-0.4980
2015-06-29,-0.4528
2015-06-26,-0.4205
2015-06-25,-0.4327
2015-06-24,-0.4307
2015-06-23,-0.4210
2015-06-19,-0.4475
2015-06-18,-0.4159
2015-06-17,-0.3444
2015-06-16,-0.3036
2015-06-15,-0.2879
2015-06-12,-0.2571
2015-06-11,-0.2134
2015-06-10,-0.1491
2015-06-09,-0.0333
2015-06-08,0.1331
2015-06-05,0.3089
2015-06-04,0.4334
2015-06-03,0.5195
2015-06-02,0.5703
2015-06-01,0.5955
2015-05-29,0.5902
2015-05-28,0.6107
2015-05-27,0.6494
2015-05-26,0.6827
2015-05-25,0.7245
2015-05-22,0.7866
2015-05-21,0.7963
2015-05-20,0.7700
2015-05-19,0.7214
2015-05-18,0.6259
2015-05-15,0.5006
2015-05-14,0.3990
2015-05-13,0.2940
2015-05-12,0.1335
2015-05-11,-0.0575
2015-05-08,-0.2435
2015-05-07,-0.4081
2015-05-06,-0.5592
2015-05-05,-0.6222
2015-05-04,-0.6441
2015-04-30,-0.6169
2015-04-29,-0.6457
2015-04-28,-0.6597
2015-04-27,-0.6807
2015-04-24,-0.6953
2015-04-23,-0.7133
2015-04-22,-0.6703
2015-04-21,-0.6426
2015-04-20,-0.6138
2015-04-17,-0.5419
2015-04-16,-0.4664
2015-04-15,-0.4538
2015-04-14,-0.4485
2015-04-13,-0.4009
2015-04-10,-0.3638
2015-04-09,-0.3957
2015-04-08,-0.3932
2015-04-07,-0.3735
2015-04-03,-0.4359
2015-04-02,-0.4724
2015-04-01,-0.4641
2015-03-31,-0.4310
2015-03-30,-0.4306
2015-03-27,-0.4225
2015-03-26,-0.4507
2015-03-25,-0.4817
2015-03-24,-0.5184
2015-03-23,-0.4920
2015-03-20,-0.4038
2015-03-19,-0.3385
2015-03-18,-0.2619
2015-03-17,-0.1606
2015-03-16,-0.0835
2015-03-13,-0.0545
2015-03-12,0.0200
2015-03-11,0.1103
2015-03-10,0.1544
2015-03-09,0.1833
2015-03-06,0.2292
2015-03-05,0.2404
2015-03-04,0.2086
2015-03-03,0.2077
2015-03-02,0.2055
2015-02-27,0.2220
2015-02-26,0.2747
2015-02-25,0.3507
2015-02-17,0.3908
2015-02-16,0.4393
2015-02-13,0.4775
2015-02-12,0.5100
2015-02-11,0.5396
2015-02-10,0.5916
2015-02-09,0.6461
2015-02-06,0.7053
2015-02-05,0.7228
2015-02-04,0.7343
2015-02-03,0.7427
2015-02-02,0.7442
2015-01-30,0.7220
2015-01-29,0.6999
2015-01-28,0.7126
2015-01-27,0.7308
2015-01-26,0.7603
2015-01-23,0.7746
2015-01-22,0.7491
2015-01-21,0.6568
2015-01-20,0.5591
2015-01-19,0.4650
2015-01-16,0.3811
2015-01-15,0.3084
2015-01-14,0.2595
2015-01-13,0.1651
2015-01-12,0.0017
2015-01-09,-0.2053
2015-01-08,-0.3659
2015-01-07,-0.5112
2015-01-06,-0.6277
2015-01-05,-0.6645
2014-12-31,-0.6348
2014-12-30,-0.5713
2014-12-29,-0.5694
2014-12-26,-0.5789
2014-12-25,-0.6076
2014-12-24,-0.6124
2014-12-23,-0.6616
2014-12-22,-0.6219
2014-12-19,-0.5166
2014-12-18,-0.4166
2014-12-17,-0.3520
2014-12-16,-0.2939
2014-12-15,-0.2891
2014-12-12,-0.3296
2014-12-11,-0.3378
2014-12-10,-0.3360
2014-12-09,-0.2873
2014-12-08,-0.2305
2014-12-05,-0.1866
2014-12-04,-0.1845
2014-12-03,-0.2103
2014-12-02,-0.2945
2014-12-01,-0.3887
2014-11-28,-0.4922
2014-11-27,-0.5633
2014-11-26,-0.6026
2014-11-25,-0.6035
2014-11-24,-0.6012
2014-11-21,-0.5832
2014-11-20,-0.5998
2014-11-19,-0.6316
2014-11-18,-0.6678
2014-11-17,-0.6802
2014-11-14,-0.6903
2014-11-13,-0.6740
2014-11-12,-0.6644
2014-11-11,-0.6742
2014-11-10,-0.6822
2014-11-07,-0.6606
2014-11-06,-0.6448
2014-11-05,-0.6021
2014-11-04,-0.5273
2014-11-03,-0.4468
2014-10-31,-0.3441
2014-10-30,-0.2486
2014-10-29,-0.1802
2014-10-28,-0.1045
2014-10-27,-0.0262
2014-10-24,-0.0518
2014-10-23,-0.0866
2014-10-22,-0.1647
2014-10-21,-0.2393
2014-10-20,-0.3070
2014-10-17,-0.3228
2014-10-16,-0.3219
2014-10-15,-0.2791
2014-10-14,-0.2334
2014-10-13,-0.2553
2014-10-10,-0.2637
2014-10-09,-0.2683
2014-10-08,-0.2609
2014-09-30,-0.2726
2014-09-29,-0.2149
2014-09-26,-0.1726
2014-09-25,-0.1541
2014-09-24,-0.1087
2014-09-23,-0.1061
2014-09-22,-0.1124
2014-09-19,-0.0563
2014-09-18,0.0173
2014-09-17,0.0839
2014-09-16,0.1528
2014-09-15,0.2062
2014-09-12,0.2078
2014-09-11,0.2381
2014-09-10,0.2693
2014-09-09,0.3270
2014-09-05,0.4005
2014-09-04,0.4411
2014-09-03,0.4616
2014-09-02,0.4587
2014-09-01,0.4698
2014-08-29,0.4893
2014-08-28,0.5422
2014-08-27,0.5842
2014-08-26,0.5793
2014-08-25,0.5204
2014-08-22,0.4264
2014-08-21,0.3276
2014-08-20,0.2335
2014-08-19,0.1761
2014-08-18,0.1418
2014-08-15,0.1000
2014-08-14,0.0667
2014-08-13,-0.0022
2014-08-12,-0.0902
2014-08-11,-0.1823
2014-08-08,-0.2682
2014-08-07,-0.3622
2014-08-06,-0.4392
2014-08-05,-0.4837
2014-08-04,-0.5352
2014-08-01,-0.5883
2014-07-31,-0.6419
2014-07-30,-0.6843
2014-07-29,-0.7118
2014-07-28,-0.6888
2014-07-25,-0.6508
2014-07-24,-0.6037
2014-07-23,-0.5416
2014-07-22,-0.5034
2014-07-21,-0.4503
2014-07-18,-0.3932
2014-07-17,-0.3497
2014-07-16,-0.3156
2014-07-15,-0.2351
2014-07-14,-0.1591
2014-07-11,-0.0791
2014-07-10,0.0003
2014-07-09,0.0804
2014-07-08,0.1347
2014-07-07,0.1782
2014-07-04,0.2086
2014-07-03,0.2413
2014-07-02,0.2826
2014-07-01,0.3157
2014-06-30,0.3272
2014-06-27,0.3688
2014-06-26,0.3962
2014-06-25,0.4126
2014-06-24,0.4482
2014-06-23,0.4748
2014-06-20,0.4698
2014-06-19,0.4749
2014-06-18,0.4819
2014-06-17,0.4567
2014-06-16,0.4326
2014-06-13,0.3983
2014-06-12,0.3817
2014-06-11,0.3544
2014-06-10,0.3055
2014-06-09,0.2728
2014-06-06,0.2699
2014-06-05,0.2753
2014-06-04,0.3007
2014-06-03,0.3316
2014-05-30,0.3399
2014-05-29,0.3031
2014-05-28,0.2299
2014-05-27,0.1096
2014-05-26,0.0143
2014-05-23,-0.0645
2014-05-22,-0.0956
2014-05-21,-0.1014
2014-05-20,-0.0533
2014-05-19,0.0128
2014-05-16,0.0828
2014-05-15,0.1100
2014-05-14,0.1563
2014-05-13,0.2035
2014-05-12,0.2591
2014-05-09,0.3146
2014-05-08,0.3661
2014-05-07,0.3975
2014-05-06,0.4190
2014-05-05,0.4014
2014-04-30,0.3701
2014-04-29,0.3984
2014-04-28,0.4156
2014-04-25,0.3949
2014-04-24,0.3404
2014-04-23,0.2493
2014-04-22,0.0720
2014-04-21,-0.1011
2014-04-18,-0.2636
2014-04-17,-0.3853
2014-04-16,-0.4563
2014-04-15,-0.4377
2014-04-14,-0.4183
2014-04-11,-0.3762
2014-04-10,-0.3155
2014-04-09,-0.3031
2014-04-08,-0.2978
2014-04-04,-0.3198
2014-04-03,-0.3583
2014-04-02,-0.3693
2014-04-01,-0.3813
2014-03-31,-0.4380
2014-03-28,-0.4841
2014-03-27,-0.4830
2014-03-26,-0.4808
2014-03-25,-0.4301
2014-03-24,-0.3427
2014-03-21,-0.2339
2014-03-20,-0.1512
2014-03-19,-0.1026
2014-03-18,-0.1176
2014-03-17,-0.1611
2014-03-14,-0.2503
2014-03-13,-0.3577
2014-03-12,-0.4817
2014-03-11,-0.5341
2014-03-10,-0.4649
2014-03-07,-0.3547
2014-03-06,-0.2366
2014-03-05,-0.1104
2014-03-04,0.0000
2014-03-03,0.0000
2014-02-28,0.0000
2014-02-27,0.0000
2014-02-26,0.0000
2014-02-25,0.0000
2014-02-24,0.0000
2014-02-21,0.0000
2014-02-20,0.0000
2014-02-19,0.0000
2014-02-18,0.0000
2014-02-17,0.0000
2014-02-14,0.0000
2014-02-13,0.0000
2014-02-12,0.0000
2014-02-11,0.0000
2014-02-10,0.0000
2014-02-07,0.0000
2014-01-30,0.0000
2014-01-29,0.0000
2014-01-28,0.0000
2014-01-27,0.0000
2014-01-24,0.0000
2014-01-23,0.0000
2014-01-22,0.0000
2014-01-21,0.0000
2014-01-20,0.0000
2014-01-17,0.0000
2014-01-16,0.0000
2014-01-15,0.0000
2014-01-14,0.0000
2014-01-13,0.0000
2014-01-10,0.0000
2014-01-09,0.0000
2014-01-08,0.0000
2014-01-07,0.0000
2014-01-06,0.0000
2014-01-03,0.0000
2014-01-02,0.0000
